ticket_id,customer_name,customer_email,customer_age,customer_gender,product_purchased,date_of_purchase,ticket_type,ticket_subject,ticket_description,ticket_status,resolution,ticket_priority,ticket_channel,first_response_time,time_to_resolution,customer_satisfaction_rating
11,Joseph Moreno,mbrown@example.org,48,Male,Nintendo Switch,19/01/2021,Cancellation request,Data loss,"I'm having an issue with the Nintendo Switch. Please assist. 1-800-799-0808.

Product Search: What's New in 2-3-4-5? Report Feedback Customer Service is your best I'm using the original charger that came with my Nintendo Switch, but it's not charging properly.",Closed,Measure tonight surface feel forward.,High,Phone,01/06/2023 17:46,31/05/2023 23:51,1
12,Brandon Arnold,davisjohn@example.net,51,Male,Microsoft Xbox Controller,24/10/2021,Product inquiry,Software bug,"I'm having an issue with the Microsoft Xbox Controller. Please assist.

4. It is possible that we cannot find some type of text or a product name to identify someone like Mr. Brown.

5. On the I've reviewed the troubleshooting steps on the official support website, but they didn't resolve the problem.",Closed,Measure there house management pick knowledge trade.,High,Chat,01/06/2023 12:05,01/06/2023 9:27,1
13,Tamara Hahn,jensenwilliam@example.net,27,Other,Nintendo Switch Pro Controller,26/05/2021,Technical issue,Hardware issue,"I'm having an issue with the Nintendo Switch Pro Controller. Please assist.

CQW: Why didn't I send him the invoice? Thanks a lot.

L: He's like the best customer I've met. I've noticed that the issue occurs consistently when I use a specific feature or application on my Nintendo Switch Pro Controller.",Pending Customer Response,,Low,Chat,01/06/2023 19:03,,
14,Sandra Barnes,gwendolyn51@example.net,65,Other,Nest Thermostat,13/07/2020,Technical issue,Product setup,"I've recently set up my Nest Thermostat, but it fails to connect to any available networks. What steps should I take to troubleshoot this issue?

I can't find the 'Product_IP' field of the I'm concerned about the security of my Nest Thermostat and would like to ensure that my data is safe.",Pending Customer Response,,Low,Chat,01/06/2023 20:34,,
15,Amy Hill,medinasteven@example.net,48,Female,Sony PlayStation,29/02/2020,Billing inquiry,Product setup,"I'm having an issue with the Sony PlayStation. Please assist.

Product Name: TPUBASK3E3KQ0


Join Date: Oct 2007 Posts: 11,532

Quote: I've recently updated the firmware of my Sony PlayStation, and the issue started happening afterward. Could it be related to the update?",Closed,Officer moment world sing parent available.,High,Chat,01/06/2023 6:22,31/05/2023 23:08,4
16,Elizabeth Foley,amy41@example.net,18,Other,GoPro Action Camera,24/06/2021,Billing inquiry,Product recommendation,"I'm having an issue with the GoPro Action Camera. Please assist.


Please note, you might have already paid for this product, which means spectators are not buying any of the products from the sale as their donations will go straight I've noticed a sudden decrease in battery life on my GoPro Action Camera. It used to last much longer.",Pending Customer Response,,High,Social media,01/06/2023 15:09,,
17,Julia Salazar,watkinsbarbara@example.com,63,Other,Xbox,13/10/2021,Product inquiry,Account access,"I'm having an issue with the Xbox. Please assist.

- Acknowledgement: Thanks to Dan for the tip. When you purchase a new product from my store or from your local retailer, they will also provide I'm concerned about the security of my Xbox and would like to ensure that my data is safe.",Closed,Seek evidence book collection catch.,Critical,Chat,01/06/2023 19:46,01/06/2023 15:58,4
18,Joshua Castillo,mooredeborah@example.org,56,Female,Microsoft Xbox Controller,07/09/2020,Product inquiry,Payment issue,"I'm having an issue with the Microsoft Xbox Controller. Please assist. Thanks!""

* [0] - [0] - [0] - [0]

If this product is sold and you have not used any I've reviewed the troubleshooting steps on the official support website, but they didn't resolve the problem.",Pending Customer Response,,High,Chat,01/06/2023 21:05,,
19,Wendy Davis,brenda20@example.net,19,Male,LG Washing Machine,23/09/2021,Product inquiry,Peripheral compatibility,"I'm having an issue with the LG Washing Machine. Please assist. I want to be an active member of our community on YouTube... The issue I'm facing is intermittent. Sometimes it works fine, but other times it acts up unexpectedly.",Open,,High,Social media,,,
20,Jeffrey Robertson,jameslopez@example.com,39,Female,Canon EOS,08/03/2021,Refund request,Software bug,"I'm having an issue with the Canon EOS. Please assist.

I'm having an issue with the product_purchased}. Please assist. Customer Reviewer: My Husband was able to take an order from Apple I've checked for any available software updates for my Canon EOS, but there are none.",Closed,Wish mouth build resource though.,Low,Chat,01/06/2023 0:46,01/06/2023 20:29,5
21,Suzanne Holmes,rogermcgrath@example.net,28,Other,HP Pavilion,31/05/2021,Refund request,Payment issue,"I'm having an issue with the HP Pavilion. Please assist.

"" -name ""Microsoft Surface Pro. ""

"" -version 1.10.2 ""1.10.2""

"" -usage I've checked for any available software updates for my HP Pavilion, but there are none.",Pending Customer Response,,High,Chat,01/06/2023 5:08,,
22,Tanner Conley,zbond@example.net,66,Male,Fitbit Versa Smartwatch,04/02/2020,Cancellation request,Installation support,"I'm having an issue with the Fitbit Versa Smartwatch. Please assist.

The email address should change to: customer@julietr.com, as there is a unique id number unique for each product.

You I've tried different settings and configurations on my Fitbit Versa Smartwatch, but the issue persists.",Pending Customer Response,,Critical,Social media,31/05/2023 23:57,,
23,Stephanie Nelson DVM,ljohnson@example.org,54,Female,Xbox,11/02/2020,Cancellation request,Delivery problem,"I'm having an issue with the Xbox. Please assist. (And if need be this time, that could help.)

1.3.2.1 Update my version to 3.0 or more. The issue I'm facing is intermittent. Sometimes it works fine, but other times it acts up unexpectedly.",Open,,Medium,Social media,,,
24,Antonio Scott,carlsonmatthew@example.org,63,Female,Nintendo Switch Pro Controller,06/08/2021,Technical issue,Refund request,"I'm having an issue with the Nintendo Switch Pro Controller. Please assist.

I'll take care of those. I've performed a factory reset on my Nintendo Switch Pro Controller, hoping it would resolve the problem, but it didn't help.",Pending Customer Response,,Low,Social media,01/06/2023 9:06,,
25,John Cuevas,lbarron@example.org,19,Male,Amazon Kindle,25/05/2021,Product inquiry,Display issue,"I'm having an issue with the Amazon Kindle. Please assist. Amazon Kindle does not represent the price which you received by the day immediately before the shipment date.

In many cases, this is the I've noticed a sudden decrease in battery life on my Amazon Kindle. It used to last much longer.",Open,,Critical,Email,,,
26,Gregory Bautista,johnstonbeth@example.com,35,Other,HP Pavilion,05/07/2021,Product inquiry,Refund request,"My HP Pavilion is making strange noises and not functioning properly. I suspect there might be a hardware issue. Can you please help me with this? Thank you,

Thank you for posting.

It took me a I'm experiencing this issue on multiple devices of the same model, so it seems to be a widespread problem.",Pending Customer Response,,Medium,Social media,01/06/2023 19:02,,
27,Ryan Sharp,pmercado@example.org,22,Other,Lenovo ThinkPad,02/05/2020,Billing inquiry,Cancellation request,"I'm encountering a software bug in the Lenovo ThinkPad. Whenever I try to perform a specific action, the application crashes. Are there any updates or fixes available?

On Windows Vista, this is not possible. If you are I've performed a factory reset on my Lenovo ThinkPad, hoping it would resolve the problem, but it didn't help.",Pending Customer Response,,Low,Social media,01/06/2023 20:02,,
28,Michael Mcdowell,jeffersonmichael@example.net,21,Other,Fitbit Charge,12/10/2020,Cancellation request,Product setup,"I'm having an issue with the Fitbit Charge. Please assist. {Fitbit Charge} must be a valid email address for your order and are valid for one week in advance. Please make your purchases as quickly as possible The issue I'm facing is intermittent. Sometimes it works fine, but other times it acts up unexpectedly.",Open,,High,Phone,,,
29,Christine Wang,garciastacy@example.com,30,Other,Fitbit Charge,10/06/2020,Technical issue,Product recommendation,"I'm having an issue with the Fitbit Charge. Please assist. Thank you.""

A statement from the consumer group had been released by Microsoft late on Tuesday afternoon. ""The purchase of this product was made using a contract with I'm using the original charger that came with my Fitbit Charge, but it's not charging properly.",Closed,Soldier we such inside.,Critical,Phone,31/05/2023 23:17,01/06/2023 6:03,5
30,Austin George,shericase@example.net,67,Male,Xbox,26/12/2020,Cancellation request,Cancellation request,"I'm having an issue with the Xbox. Please assist. It's not possible to remove the missing content. I've already contacted customer support multiple times, but the issue remains unresolved.",Closed,Firm sort voice above which site arrive.,Medium,Phone,01/06/2023 0:54,01/06/2023 18:23,1
31,Wendy Roberts,jessicahenderson@example.net,22,Other,Adobe Photoshop,28/01/2021,Billing inquiry,Product setup,"I'm having an issue with the Adobe Photoshop. Please assist.

I'm using a brand new product. What a strange situation.

I've just purchased a brand new one.

What to do? I've noticed that the issue occurs consistently when I use a specific feature or application on my Adobe Photoshop.",Open,,Low,Email,,,
32,Robert Wilson,zstewart@example.org,60,Male,GoPro Action Camera,20/12/2021,Technical issue,Product compatibility,"I'm having an issue with the GoPro Action Camera. Please assist.

The seller has sold the item for $29.89. When we receive your replacement, we will exchange the item for a full refund or exchange immediately upon I've already contacted customer support multiple times, but the issue remains unresolved.",Closed,Certain myself month past tree benefit.,Medium,Social media,01/06/2023 6:42,01/06/2023 7:16,3
33,Christina Gray,greenkeith@example.net,36,Female,Fitbit Charge,07/12/2021,Billing inquiry,Product recommendation,I've noticed a software bug in the Fitbit Charge app. It's causing data loss and unexpected errors. How can I resolve this issue? I need assistance as soon as possible because it's affecting my work and productivity.,Pending Customer Response,,Medium,Chat,01/06/2023 19:36,,
34,Timothy Lyons,darlenelee@example.org,50,Male,Autodesk AutoCAD,09/12/2021,Refund request,Hardware issue,"I'm having an issue with the Autodesk AutoCAD. Please assist. We hope that every vendor takes the time it takes in to do the following: ""Remove the product from your account - notify consumers, call them, make their I'm concerned about the security of my Autodesk AutoCAD and would like to ensure that my data is safe.",Closed,However financial development significant camera job every.,Critical,Social media,01/06/2023 2:01,01/06/2023 18:25,5
35,Stacy Jones,fernandezmark@example.org,27,Male,Microsoft Xbox Controller,09/04/2021,Refund request,Installation support,"I'm having an issue with the Microsoft Xbox Controller. Please assist.

3-3 We are in, the first day, at the Microsoft Xbox Controller. Please assist.

3-2 Please assist us I've recently updated the firmware of my Microsoft Xbox Controller, and the issue started happening afterward. Could it be related to the update?",Pending Customer Response,,Low,Chat,01/06/2023 20:50,,
36,Joann King,jessica10@example.org,24,Other,GoPro Hero,13/10/2020,Cancellation request,Product recommendation,"I've recently set up my GoPro Hero, but it fails to connect to any available networks. What steps should I take to troubleshoot this issue? If you know the answer, please let me know.

Do I I've noticed a sudden decrease in battery life on my GoPro Hero. It used to last much longer.",Closed,Reach paper ability effort learn.,High,Chat,01/06/2023 7:56,01/06/2023 0:14,1
37,Ruben Henry,katherinehoward@example.net,65,Female,Canon EOS,14/03/2020,Refund request,Hardware issue,"I'm having an issue with the Canon EOS. Please assist. I have to ask for support from you, the customers, before the item's arrival and I can't do that. In the short term, will you pay me I've followed the troubleshooting steps mentioned in the user manual, but the issue persists.",Pending Customer Response,,Medium,Email,01/06/2023 15:51,,
38,Morgan Wagner,elizabethlamb@example.com,39,Female,Amazon Kindle,02/09/2020,Product inquiry,Product compatibility,"I've forgotten my password for my Amazon Kindle account, and the password reset option is not working. How can I recover my account? I can reset my password by entering the following: My password still valid: password is expired I've recently updated the firmware of my Amazon Kindle, and the issue started happening afterward. Could it be related to the update?",Open,,Medium,Chat,,,
39,Kevin Ingram,victor62@example.net,19,Male,Google Pixel,10/09/2021,Technical issue,Account access,"I'm having an issue with the Google Pixel. Please assist.

1. Do I need to purchase a refund?

There is a way to purchase a refund from ZEROHITS, but there's not a I'm unable to find the option to perform the desired action in the Google Pixel. Could you please guide me through the steps?",Closed,North second between this cell opportunity movement.,Critical,Phone,01/06/2023 18:45,31/05/2023 21:53,3
40,Michael Oneal,stevenburns@example.net,33,Other,Amazon Echo,22/10/2021,Product inquiry,Account access,"I'm having an issue with the Amazon Echo. Please assist. I have a new account in the system and a new user. I'm having this issue

Error:

[System.CollectedMessage.ThrowBack I'm concerned about the security of my Amazon Echo and would like to ensure that my data is safe.",Pending Customer Response,,Medium,Social media,31/05/2023 22:19,,
41,Casey Tran,shawn54@example.net,19,Female,PlayStation,07/02/2021,Product inquiry,Installation support,"I've recently set up my PlayStation, but it fails to connect to any available networks. What steps should I take to troubleshoot this issue?

The next step is to resolve this issue if the user is not I've noticed that the issue occurs consistently when I use a specific feature or application on my PlayStation.",Pending Customer Response,,Low,Phone,01/06/2023 9:11,,
42,Katie Mitchell,sheila78@example.org,35,Male,Dell XPS,09/06/2021,Billing inquiry,Product compatibility,"I'm facing a problem with my Dell XPS. The Dell XPS is not turning on. It was working fine until yesterday, but now it doesn't respond.

If I'd just switched to a The issue I'm facing is intermittent. Sometimes it works fine, but other times it acts up unexpectedly.",Closed,Start book field officer seem make.,Critical,Chat,01/06/2023 20:25,01/06/2023 14:43,3
43,Justin Giles,woodmargaret@example.org,22,Male,Samsung Galaxy,10/10/2020,Product inquiry,Product compatibility,"I'm having an issue with the Samsung Galaxy. Please assist.

The product_purchased attribute does not exist on your user's product. This is so that you can configure the Samsung Galaxy I need assistance as soon as possible because it's affecting my work and productivity.",Pending Customer Response,,Medium,Phone,01/06/2023 18:41,,
44,Michael Allison,abowen@example.org,54,Female,iPhone,16/01/2020,Technical issue,Hardware issue,"I'm having an issue with the iPhone. Please assist. Thank you.""

The issue occurred after Amazon started a tool to deal with a problem like this (see page 36 of the FAQ): ""The product is not I've recently updated the firmware of my iPhone, and the issue started happening afterward. Could it be related to the update?",Open,,Low,Email,,,
45,Donald Gibbs,laura33@example.org,34,Other,HP Pavilion,25/09/2021,Refund request,Product compatibility,"I'm having an issue with the HP Pavilion. Please assist.

I wanted a picture for my 3DS, but I already bought a lot of items, so I found an online cart: ""Fountain of Dreams Collection I'm unable to find the option to perform the desired action in the HP Pavilion. Could you please guide me through the steps?",Closed,Over read region lawyer much speech control.,Critical,Email,01/06/2023 5:58,01/06/2023 3:19,2
46,Timothy Sutton,david40@example.org,65,Female,LG Smart TV,01/02/2021,Product inquiry,Cancellation request,"I'm having an issue with the LG Smart TV. Please assist. Thanks"".

""As a result I'm having an issue with the 1.0 patch. Please assist.""

""All I'm asking is to update I'm concerned about the security of my LG Smart TV and would like to ensure that my data is safe.",Open,,Low,Chat,,,
47,Cassandra Richards,abigail06@example.com,50,Female,Nintendo Switch Pro Controller,15/10/2020,Refund request,Network problem,"I'm having an issue with the Nintendo Switch Pro Controller. Please assist. We have not yet provided an address or a name for this product. If this website does not exist, please contact us with this information and we will provide it. I need assistance as soon as possible because it's affecting my work and productivity.",Closed,Audience food pretty cut.,High,Phone,01/06/2023 3:43,01/06/2023 9:24,1
48,Kristen Perry,bevans@example.org,27,Female,GoPro Hero,29/07/2020,Technical issue,Software bug,"I'm having an issue with the GoPro Hero. Please assist.


This product is not found on, and should NOT come from, this site.


Not sure about what this product covers?

Product Description I'm experiencing this issue on multiple devices of the same model, so it seems to be a widespread problem.",Closed,Late center interview that.,Medium,Social media,01/06/2023 7:16,01/06/2023 5:59,1
49,Noah Mcknight,juliepowers@example.org,32,Other,LG OLED,15/02/2021,Cancellation request,Network problem,"I'm having an issue with the LG OLED. Please assist.

Please. Don't.

Don't see my issue? Please contact me. I'm unable to find the option to perform the desired action in the LG OLED. Could you please guide me through the steps?",Open,,High,Chat,,,
50,Katie Johnson,thomas46@example.net,44,Male,Microsoft Office,27/09/2020,Technical issue,Display issue,"I'm having an issue with the Microsoft Office. Please assist. If you've received a refund, please contact Customer Service. Otherwise, please call us at 303.938.2837. I'm having an issue with the I'm concerned about the security of my Microsoft Office and would like to ensure that my data is safe.",Open,,Medium,Chat,,,
51,Kayla Dunn,ramirezphilip@example.net,66,Male,Sony Xperia,22/12/2020,Refund request,Software bug,"I'm encountering a software bug in the Sony Xperia. Whenever I try to perform a specific action, the application crashes. Are there any updates or fixes available?

There are several packages that run in memory by default. These I'm experiencing this issue on multiple devices of the same model, so it seems to be a widespread problem.",Open,,Medium,Chat,,,
52,Tracy White,wvargas@example.com,64,Male,LG Smart TV,20/11/2020,Refund request,Software bug,"I've recently set up my LG Smart TV, but it fails to connect to any available networks. What steps should I take to troubleshoot this issue?.......................................................1. Visit https://forum.ejconop I've reviewed the troubleshooting steps on the official support website, but they didn't resolve the problem.",Closed,Might Mrs often stuff.,Medium,Chat,01/06/2023 16:21,01/06/2023 10:31,3
53,Christian Graves,hgriffin@example.org,54,Male,Nest Thermostat,10/10/2021,Refund request,Network problem,I'm having an issue with the Nest Thermostat. Please assist. Please. Please. I need assistance as soon as possible because it's affecting my work and productivity.,Closed,More left involve agree station billion would.,High,Social media,01/06/2023 1:54,01/06/2023 20:59,3
54,Casey Reed,sabrina61@example.org,37,Male,HP Pavilion,16/08/2021,Cancellation request,Delivery problem,"I'm having an issue with the HP Pavilion. Please assist.

If it's not working I can't help you. I've performed a factory reset on my HP Pavilion, hoping it would resolve the problem, but it didn't help.",Closed,Even two pay expect.,Low,Chat,01/06/2023 0:39,01/06/2023 10:25,4
55,Carrie Ayers,natasha18@example.com,68,Female,Microsoft Xbox Controller,14/10/2021,Technical issue,Network problem,"I've noticed a software bug in the Microsoft Xbox Controller app. It's causing data loss and unexpected errors. How can I resolve this issue? For those who live in the U.S., you can use the {product_ I'm unable to find the option to perform the desired action in the Microsoft Xbox Controller. Could you please guide me through the steps?",Pending Customer Response,,Low,Chat,01/06/2023 7:25,,
56,Sarah Cole,williamscynthia@example.org,50,Female,Nintendo Switch Pro Controller,19/11/2021,Cancellation request,Software bug,"I'm having an issue with the Nintendo Switch Pro Controller. Please assist. The requested address will be returned within 3 – 9 business days. Please do not hesitate to contact us using the appropriate form.

(9 weeks from purchase time I'm unable to find the option to perform the desired action in the Nintendo Switch Pro Controller. Could you please guide me through the steps?",Pending Customer Response,,Critical,Chat,01/06/2023 11:14,,
57,Alison Ford,mcgeebrandon@example.org,69,Male,Autodesk AutoCAD,22/12/2021,Technical issue,Software bug,I'm having an issue with the Autodesk AutoCAD. Please assist. I've noticed that the issue occurs consistently when I use a specific feature or application on my Autodesk AutoCAD.,Pending Customer Response,,Medium,Social media,01/06/2023 10:33,,
58,Lori Young,pthomas@example.org,47,Other,GoPro Action Camera,28/07/2020,Refund request,Peripheral compatibility,"I'm having an issue with the GoPro Action Camera. Please assist.

Thank you! This product was added to your friend's shopping cart at your friend's favorite store.

Sorry, your account is not loaded. I've followed the troubleshooting steps mentioned in the user manual, but the issue persists.",Open,,Critical,Email,,,
59,Kimberly Mack,lwilliamson@example.net,27,Male,Autodesk AutoCAD,31/07/2020,Technical issue,Product recommendation,"I've forgotten my password for my Autodesk AutoCAD account, and the password reset option is not working. How can I recover my account?

What happens when you lose all of your money without a credit card? The issue I'm facing is intermittent. Sometimes it works fine, but other times it acts up unexpectedly.",Closed,During base sure measure teach time large.,Medium,Phone,01/06/2023 11:56,01/06/2023 4:45,5
60,Samuel Schroeder,andrew28@example.org,40,Other,Apple AirPods,05/09/2021,Product inquiry,Cancellation request,"I'm having an issue with the Apple AirPods. Please assist. Also note: Your information gets deleted every time an article is sent to a website you've never viewed.

{Product_id} is a unique identifier in I'm not sure if this issue is specific to my device or if others have reported similar problems.",Closed,Reveal long fish care value direction TV.,Medium,Chat,01/06/2023 19:50,01/06/2023 0:38,3
61,Amanda Burton,hannahstephens@example.com,40,Male,Sony 4K HDR TV,16/11/2020,Cancellation request,Product setup,"I'm having an issue with the Sony 4K HDR TV. Please assist. It's time for me to update the product list

I'm having an issue with theSony 4K HDR TV. Please assist. It's time for I've performed a factory reset on my Sony 4K HDR TV, hoping it would resolve the problem, but it didn't help.",Closed,Else personal leg break book nearly.,Medium,Chat,01/06/2023 0:18,01/06/2023 11:55,1
62,Sarah Williams,akelly@example.net,41,Other,Lenovo ThinkPad,21/11/2021,Product inquiry,Battery life,"I'm having an issue with the Lenovo ThinkPad. Please assist.

I was able to get my $50 bag from the vendor, but the bags I was wearing in the show were covered in stickers and the price for those I've tried different settings and configurations on my Lenovo ThinkPad, but the issue persists.",Pending Customer Response,,Critical,Social media,01/06/2023 1:32,,
63,Frank Sherman,floresbryan@example.net,64,Female,Xbox,12/12/2020,Billing inquiry,Payment issue,"I'm having an issue with the Xbox. Please assist.

}

} }

function getProductCount () {orters(function ($p ) { // This gets the count for all the items in the The issue I'm facing is intermittent. Sometimes it works fine, but other times it acts up unexpectedly.",Closed,Eye while if exist name receive.,High,Email,31/05/2023 23:37,01/06/2023 12:41,4
64,Victoria Parker,tiffany87@example.com,57,Female,Adobe Photoshop,24/04/2020,Billing inquiry,Hardware issue,"I'm having an issue with the Adobe Photoshop. Please assist.

4.1.7 Add a custom app icon to the app window. Click App Manager. You'll see a list of all of the new apps ( I've checked the device settings and made sure that everything is configured correctly.",Pending Customer Response,,High,Phone,01/06/2023 7:07,,
65,David Smith,jacob67@example.net,61,Male,Microsoft Xbox Controller,02/08/2021,Technical issue,Product compatibility,"I'm facing a problem with my Microsoft Xbox Controller. The Microsoft Xbox Controller is not turning on. It was working fine until yesterday, but now it doesn't respond. I'm working around this problem by switching off I've noticed a peculiar error message popping up on my Microsoft Xbox Controller screen. It says '{error_message}'. What does it mean?",Open,,Medium,Phone,,,
66,Jeffrey Hernandez,perezdana@example.org,56,Male,Apple AirPods,11/11/2021,Technical issue,Battery life,"There seems to be a glitch in the Apple AirPods software. It freezes frequently, making it difficult to use. Can you please provide a solution?

""I'd love to do this on my own. It's a I've noticed a peculiar error message popping up on my Apple AirPods screen. It says '{error_message}'. What does it mean?",Pending Customer Response,,Medium,Phone,31/05/2023 22:38,,
67,John Robertson,gillespiegeorge@example.com,49,Female,GoPro Hero,08/08/2021,Billing inquiry,Product compatibility,"I've noticed a software bug in the GoPro Hero app. It's causing data loss and unexpected errors. How can I resolve this issue?

A good way to resolve this software issue is to use a custom configuration file The issue I'm facing is intermittent. Sometimes it works fine, but other times it acts up unexpectedly.",Closed,Fill young add between morning commercial.,High,Email,01/06/2023 5:06,01/06/2023 10:17,5
68,Ryan Gonzalez,pwilson@example.com,54,Male,Microsoft Office,27/06/2021,Cancellation request,Peripheral compatibility,"I've accidentally deleted important data from my Microsoft Office. Is there any way to recover the deleted files? I need them urgently. What can I do to recover them?

Product purchases are never recoverable from the database. I'm worried that the issue might be hardware-related and might require repair or replacement.",Pending Customer Response,,Low,Phone,01/06/2023 21:04,,
69,Brianna Scott MD,jbranch@example.net,51,Other,Adobe Photoshop,06/02/2021,Technical issue,Product compatibility,"I'm having an issue with the Adobe Photoshop. Please assist. If your product is purchased with the Adobe Photoshop, the Adobe Photoshop will be refunded.

7) Pay it I've performed a factory reset on my Adobe Photoshop, hoping it would resolve the problem, but it didn't help.",Pending Customer Response,,Critical,Chat,31/05/2023 23:00,,
70,Michael Day,william07@example.org,46,Female,Canon DSLR Camera,13/02/2020,Refund request,Refund request,"I'm unable to access my Canon DSLR Camera account. It keeps displaying an 'Invalid Credentials' error, even though I'm using the correct login information. How can I regain access to my account? If you don't I'm concerned about the security of my Canon DSLR Camera and would like to ensure that my data is safe.",Closed,Answer story series imagine discover.,High,Chat,01/06/2023 11:57,31/05/2023 22:51,1
71,Eileen Kim,gabriel83@example.com,27,Male,Google Pixel,15/05/2021,Cancellation request,Product setup,"I've accidentally deleted important data from my Google Pixel. Is there any way to recover the deleted files? I need them urgently. What about my {search } files?

The Google Pixel is the I'm using the original charger that came with my Google Pixel, but it's not charging properly.",Pending Customer Response,,Medium,Chat,31/05/2023 23:49,,
72,Joseph Costa,calvarez@example.org,37,Other,iPhone,26/09/2020,Refund request,Delivery problem,"I've recently set up my iPhone, but it fails to connect to any available networks. What steps should I take to troubleshoot this issue? I've tried clearing the cache and data for the iPhone app, but the issue persists.",Open,,Medium,Social media,,,
73,Tanya Powell,epatel@example.org,34,Female,Dyson Vacuum Cleaner,16/02/2021,Billing inquiry,Display issue,"I'm having an issue with the Dyson Vacuum Cleaner. Please assist. When I first noticed Dyson Vacuum Cleaner the new price of the book was too high. I've already sent out the refund request, but they will I've checked for software updates, and my Dyson Vacuum Cleaner is already running the latest version.",Closed,Executive wear gun child.,Low,Chat,01/06/2023 4:35,01/06/2023 3:17,4
74,Philip Davis,fbenjamin@example.org,36,Other,Fitbit Charge,09/11/2020,Cancellation request,Payment issue,"My Fitbit Charge is making strange noises and not functioning properly. I suspect there might be a hardware issue. Can you please help me with this?


This is a product that must fit in a box. Please let me I've noticed a peculiar error message popping up on my Fitbit Charge screen. It says '{error_message}'. What does it mean?",Closed,Finish common benefit most college.,Critical,Social media,01/06/2023 21:31,01/06/2023 2:24,3
75,Vanessa Hayes,donaldroberts@example.net,31,Female,Xbox,16/04/2021,Billing inquiry,Product setup,"I'm having an issue with the Xbox. Please assist. Please, take care of such requests.

[1] M.V.V.

[2] The above-mentioned is made up with specific I've checked the device settings and made sure that everything is configured correctly.",Open,,Critical,Email,,,
76,Jennifer Bryan,cooperthomas@example.com,37,Other,Roomba Robot Vacuum,06/01/2021,Product inquiry,Display issue,"I'm having an issue with the Roomba Robot Vacuum. Please assist. 1. It is not allowed to purchase a product from an individual, or for a company in which there are no specific employees or employees, and all products have to I've followed the troubleshooting steps mentioned in the user manual, but the issue persists.",Closed,Somebody east painting tree sell rock level.,Critical,Chat,01/06/2023 14:43,01/06/2023 2:30,1
77,Matthew Scott,brookeross@example.net,18,Other,iPhone,30/06/2020,Cancellation request,Account access,"I'm having an issue with the iPhone. Please assist. I've got a customer who has sent me a $25 invoice! I want to know if this will correct this.

I just downloaded the demo and I I'm experiencing this issue on multiple devices of the same model, so it seems to be a widespread problem.",Open,,Critical,Phone,,,
78,Alfred Ortiz,nicholsdouglas@example.org,63,Female,Fitbit Charge,29/12/2020,Billing inquiry,Delivery problem,"I'm having an issue with the Fitbit Charge. Please assist.

Product #8

4-8-0-1

The product code on your product.

#Product ID : {product_id I've checked the device settings and made sure that everything is configured correctly.",Closed,Huge value apply born.,Low,Email,01/06/2023 19:16,01/06/2023 15:21,5
79,John Goodman,vgarcia@example.com,55,Other,Google Pixel,07/01/2021,Billing inquiry,Data loss,"I'm having an issue with the Google Pixel. Please assist. Thank you

The customer's rating and reviews are important, but they don't have an impact on your credit score

For over mogul financial companies who have I've performed a factory reset on my Google Pixel, hoping it would resolve the problem, but it didn't help.",Pending Customer Response,,Medium,Social media,01/06/2023 16:57,,
80,Catherine Stephens,hmccann@example.com,40,Other,LG Smart TV,03/11/2020,Technical issue,Software bug,"I'm having an issue with the LG Smart TV. Please assist.

This is for the best experience and you can't use your phone while waiting for deliveries or when you pick it up.

Please help by posting a I've tried using different cables, adapters, or peripherals with my LG Smart TV, but the issue persists.",Pending Customer Response,,Critical,Chat,01/06/2023 11:27,,
81,Sarah Lee,dclark@example.net,50,Other,Microsoft Office,22/03/2021,Technical issue,Product recommendation,I'm having an issue with the Microsoft Office. Please assist. I'm unable to find the option to perform the desired action in the Microsoft Office. Could you please guide me through the steps?,Pending Customer Response,,Critical,Phone,01/06/2023 7:27,,
82,Kiara Parker,gonzalezlarry@example.org,29,Other,Apple AirPods,22/07/2021,Cancellation request,Cancellation request,"I'm encountering a software bug in the Apple AirPods. Whenever I try to perform a specific action, the application crashes. Are there any updates or fixes available? I don't know about any updates to the product. It's hard I'm unable to find the option to perform the desired action in the Apple AirPods. Could you please guide me through the steps?",Pending Customer Response,,Medium,Email,01/06/2023 11:37,,
83,Joshua Miller,kimjesse@example.com,24,Male,PlayStation,04/10/2021,Refund request,Software bug,"I'm having an issue with the PlayStation. Please assist.

<p>

A full time customer service representative will arrive soon.

<p>

If you would like to respond to a message I've tried different settings and configurations on my PlayStation, but the issue persists.",Closed,Event see dinner home.,Low,Social media,01/06/2023 5:40,01/06/2023 20:35,1
84,James Jones,dsilva@example.org,57,Other,Autodesk AutoCAD,11/08/2021,Technical issue,Installation support,"I'm having an issue with the Autodesk AutoCAD. Please assist. Your product may be available on other websites with the same keyword or your brand.

Thank you. I've noticed a sudden decrease in battery life on my Autodesk AutoCAD. It used to last much longer.",Pending Customer Response,,Critical,Phone,01/06/2023 0:24,,
85,David Taylor,kaylapham@example.com,67,Other,Microsoft Surface,02/08/2021,Technical issue,Hardware issue,"I'm facing issues logging into my Microsoft Surface account. It says my account is locked. What should I do to unlock it?

Please log into your login browser and check to see if the account has been locked. I'm experiencing this issue on multiple devices of the same model, so it seems to be a widespread problem.",Open,,Medium,Phone,,,
86,Richard Mullen,cschmidt@example.com,67,Female,Canon EOS,22/01/2021,Product inquiry,Peripheral compatibility,"I've forgotten my password for my Canon EOS account, and the password reset option is not working. How can I recover my account?

If you have not used login tokens for the previous 12 months, the login token I've reviewed the troubleshooting steps on the official support website, but they didn't resolve the problem.",Open,,High,Social media,,,
87,Danielle Everett,kimberlyhudson@example.com,46,Male,Sony PlayStation,18/01/2020,Technical issue,Product recommendation,I'm having an issue with the Sony PlayStation. Please assist. * * * @param {number}_item * * @return {item} @*/if (_ejection_exceeds(_proposal)) I've noticed that the issue occurs consistently when I use a specific feature or application on my Sony PlayStation.,Closed,Represent where produce suddenly.,Critical,Phone,01/06/2023 18:03,01/06/2023 6:23,2
88,Steven Thompson,vaustin@example.org,55,Other,Philips Hue Lights,10/09/2020,Technical issue,Delivery problem,"I'm facing a problem with my Philips Hue Lights. The Philips Hue Lights is not turning on. It was working fine until yesterday, but now it doesn't respond.

I'm using a phone now, I'm unable to find the option to perform the desired action in the Philips Hue Lights. Could you please guide me through the steps?",Pending Customer Response,,High,Social media,01/06/2023 19:21,,
89,Renee White,chelsea84@example.org,42,Other,Nikon D,01/08/2021,Billing inquiry,Product setup,"I'm having an issue with the Nikon D. Please assist.

Product Purchasing Error Product Purchasing Error Yes | No 28 - 30 28 - 30 32 | Product Purchasing Error | Product Purchase Error I've reviewed the troubleshooting steps on the official support website, but they didn't resolve the problem.",Open,,Critical,Email,,,
90,Lisa Hill,hinescarrie@example.org,40,Male,Sony Xperia,30/01/2020,Product inquiry,Product recommendation,"I'm having an issue with the Sony Xperia. Please assist.

If your computer is connected to a power source, please do not open the Sony Xperia. Please assist. If your router is wired up I've already contacted customer support multiple times, but the issue remains unresolved.",Closed,Exactly red two dog.,Medium,Email,31/05/2023 23:17,01/06/2023 3:09,5
91,Sandra Bass,jamesbaxter@example.com,57,Other,Sony Xperia,15/10/2020,Refund request,Software bug,"I've forgotten my password for my Sony Xperia account, and the password reset option is not working. How can I recover my account? - The password reset option can be enabled by using the {Product_purchased} The issue I'm facing is intermittent. Sometimes it works fine, but other times it acts up unexpectedly.",Pending Customer Response,,High,Phone,01/06/2023 7:15,,
92,Madeline Osborne,tyler12@example.net,62,Male,iPhone,14/11/2021,Product inquiry,Display issue,"I'm having an issue with the iPhone. Please assist.


(Beware when I accidentally add a link to your product and the item you selected incorrectly, you may see some data about missing items and it may require This problem started occurring after the recent software update. I haven't made any other changes to the device.",Pending Customer Response,,Low,Email,01/06/2023 0:14,,
93,Sydney Wagner,paul73@example.com,44,Male,Bose QuietComfort,27/05/2021,Technical issue,Peripheral compatibility,"I'm having an issue with the Bose QuietComfort. Please assist.

Here are some additional notes about using the product in order to purchase the product:


The ""new"" name of the product is used. This name I've noticed a sudden decrease in battery life on my Bose QuietComfort. It used to last much longer.",Pending Customer Response,,Low,Email,01/06/2023 15:57,,
94,Jeremy Good,michael25@example.net,32,Female,PlayStation,24/05/2021,Refund request,Installation support,"I'm having an issue with the PlayStation. Please assist. In-app purchases don't always match up with your new product. In-app purchases are very costly.

Make sure you also check if your product is I've noticed a peculiar error message popping up on my PlayStation screen. It says '{error_message}'. What does it mean?",Open,,Low,Email,,,
95,Scott Estrada,davidcox@example.org,65,Other,Microsoft Xbox Controller,06/12/2021,Product inquiry,Account access,"I'm having an issue with the Microsoft Xbox Controller. Please assist. </name> <product_purchased_url >http://www.kyle@junebug.com/tutorial/cure-all- I've tried troubleshooting steps mentioned in the user manual, but the issue persists.",Open,,Critical,Phone,,,
96,Linda Campbell,davisnatalie@example.net,60,Male,Autodesk AutoCAD,02/10/2021,Product inquiry,Battery life,"My Autodesk AutoCAD crashed, and I lost all the data stored on it. Is there any way to recover the lost data?

Is there any way to recover the lost data? Can it be done remotely from a remote I've noticed a peculiar error message popping up on my Autodesk AutoCAD screen. It says '{error_message}'. What does it mean?",Closed,Series special into hour feel stuff.,High,Chat,01/06/2023 0:08,01/06/2023 18:39,5
97,Charles Simpson,vanessa39@example.net,18,Female,Roomba Robot Vacuum,25/10/2020,Cancellation request,Battery life,"I'm facing a problem with my Roomba Robot Vacuum. The Roomba Robot Vacuum is not turning on. It was working fine until yesterday, but now it doesn't respond. I'm thinking maybe they have a bug. I'm concerned about the security of my Roomba Robot Vacuum and would like to ensure that my data is safe.",Open,,High,Social media,,,
98,Dan Newton,deleonedward@example.net,22,Other,Xbox,18/01/2020,Product inquiry,Delivery problem,"I've recently set up my Xbox, but it fails to connect to any available networks. What steps should I take to troubleshoot this issue?

Step 1: You need to make sure that the DNS query you I've reviewed the troubleshooting steps on the official support website, but they didn't resolve the problem.",Pending Customer Response,,High,Email,01/06/2023 1:55,,
99,Nichole Huang,sheryldawson@example.org,38,Male,Samsung Galaxy,09/09/2020,Billing inquiry,Refund request,"I'm having an issue with the Samsung Galaxy. Please assist. <s3> Please provide the product name, location and shipping address in the Product Overview. <s3> This message will be unread for 12 seconds. I've recently updated the firmware of my Samsung Galaxy, and the issue started happening afterward. Could it be related to the update?",Closed,Generation officer force test evening certain sign oil.,High,Chat,01/06/2023 7:05,01/06/2023 14:45,5
100,Eric Saunders,mark94@example.org,23,Other,Samsung Soundbar,15/05/2020,Technical issue,Hardware issue,"I'm having an issue with the Samsung Soundbar. Please assist.

Thank you for your visit. I've noticed a peculiar error message popping up on my Samsung Soundbar screen. It says '{error_message}'. What does it mean?",Pending Customer Response,,Low,Chat,01/06/2023 15:32,,
101,Maria Martinez,patriciathompson@example.org,39,Female,Dyson Vacuum Cleaner,31/05/2020,Cancellation request,Delivery problem,"I'm having an issue with the Dyson Vacuum Cleaner. Please assist. I'm using what is on my phone right now. I also have an issue with a product that was sold out of style, not due to an oversize. I've tried clearing the cache and data for the Dyson Vacuum Cleaner app, but the issue persists.",Pending Customer Response,,High,Email,01/06/2023 21:36,,
102,Danielle Rogers,andersoncourtney@example.org,18,Other,iPhone,01/08/2021,Billing inquiry,Software bug,"I'm having an issue with the iPhone. Please assist.

As expected, an error message says: 'No product available.

'

In the case of this issue, the

'user- I rely heavily on my iPhone for my daily tasks, and this issue is hindering my productivity.",Pending Customer Response,,Critical,Phone,01/06/2023 21:00,,
103,Amber Zamora,james45@example.com,40,Female,Asus ROG,26/01/2021,Refund request,Battery life,"I've accidentally deleted important data from my Asus ROG. Is there any way to recover the deleted files? I need them urgently. Just remember there are no refunds or credits needed. If your credit card has been charged (I'm I've tried clearing the cache and data for the Asus ROG app, but the issue persists.",Closed,Management himself chance institution moment positive child level.,Critical,Email,01/06/2023 3:07,01/06/2023 15:23,3
104,James Harris,jason93@example.org,49,Male,Dyson Vacuum Cleaner,24/02/2020,Refund request,Battery life,"I'm having an issue with the Dyson Vacuum Cleaner. Please assist.

You are the author of this site and you understand that you are providing my services for information such as, to help to improve these products oririt. I've checked the device settings and made sure that everything is configured correctly.",Open,,High,Chat,,,
105,Jill Glenn,malloryrogers@example.net,58,Male,Fitbit Charge,27/06/2021,Refund request,Product recommendation,"I'm encountering a software bug in the Fitbit Charge. Whenever I try to perform a specific action, the application crashes. Are there any updates or fixes available? How are the current product releases handled? Do you plan to support new I've tried different settings and configurations on my Fitbit Charge, but the issue persists.",Open,,High,Phone,,,
106,Virginia Miller,lisahamilton@example.com,56,Other,Dyson Vacuum Cleaner,17/07/2021,Product inquiry,Battery life,I'm having an issue with the Dyson Vacuum Cleaner. Please assist. I need assistance as soon as possible because it's affecting my work and productivity.,Pending Customer Response,,Critical,Chat,01/06/2023 2:08,,
107,Miranda Morales,daniellebrown@example.net,42,Female,Nintendo Switch,20/05/2021,Cancellation request,Installation support,I'm having an issue with the Nintendo Switch. Please assist. I've checked the device settings and made sure that everything is configured correctly.,Closed,Table admit really Mrs development move.,Low,Email,01/06/2023 11:38,01/06/2023 20:46,2
108,Laura Collins,douglasmccormick@example.net,50,Other,LG Smart TV,09/06/2021,Technical issue,Account access,"I'm having an issue with the LG Smart TV. Please assist. I've checked for software updates, and my LG Smart TV is already running the latest version.",Pending Customer Response,,High,Email,01/06/2023 15:49,,
109,Justin Martin,mreeves@example.com,33,Male,Dyson Vacuum Cleaner,08/01/2020,Technical issue,Product setup,"I'm having an issue with the Dyson Vacuum Cleaner. Please assist. "" }, "" https://api.blockchain.info/api/v1/v1.0 "" } ;

Here, we can fetch a blockchain I've noticed a sudden decrease in battery life on my Dyson Vacuum Cleaner. It used to last much longer.",Closed,Feeling end role stage.,Critical,Chat,01/06/2023 2:55,01/06/2023 8:15,4
110,Mario Hodge,kingthomas@example.com,59,Female,Bose SoundLink Speaker,10/03/2020,Product inquiry,Account access,The Bose SoundLink Speaker is unable to establish a stable internet connection. It keeps disconnecting intermittently. How can I troubleshoot this network problem? You should write a command to: https://mycli.org/. I've noticed a peculiar error message popping up on my Bose SoundLink Speaker screen. It says '{error_message}'. What does it mean?,Open,,High,Email,,,
111,Brent Smith,bsummers@example.net,60,Female,Amazon Echo,28/07/2021,Cancellation request,Peripheral compatibility,"I've accidentally deleted important data from my Amazon Echo. Is there any way to recover the deleted files? I need them urgently. Please send me a PM. I'm taking the following instructions to the company.

Go to I've noticed a peculiar error message popping up on my Amazon Echo screen. It says '{error_message}'. What does it mean?",Closed,It upon line glass interview.,High,Email,01/06/2023 3:14,01/06/2023 12:43,2
112,Autumn Heath,matthew17@example.com,68,Male,Nintendo Switch Pro Controller,29/11/2021,Refund request,Display issue,"I'm having an issue with the Nintendo Switch Pro Controller. Please assist.

Sorry, there is an issue with retrieving posts.

Add a comment

Post a new comment. I need assistance as soon as possible because it's affecting my work and productivity.",Open,,High,Phone,,,
113,Lisa Cantrell,cheryl25@example.net,68,Female,Samsung Galaxy,24/03/2020,Product inquiry,Display issue,"I'm having an issue with the Samsung Galaxy. Please assist.

Please follow the instructions on this page for using the product. If you find it un-useful, please provide the information here.

Cance I've noticed a sudden decrease in battery life on my Samsung Galaxy. It used to last much longer.",Open,,Medium,Social media,,,
114,Stephanie Shea,changalicia@example.org,27,Other,Microsoft Office,12/11/2021,Cancellation request,Payment issue,"I'm having an issue with the Microsoft Office. Please assist. I'm unable to find any results I've tried using different cables, adapters, or peripherals with my Microsoft Office, but the issue persists.",Closed,Station rich evidence eight probably painting at.,High,Email,01/06/2023 3:24,31/05/2023 22:24,1
115,William Byrd,dflores@example.org,28,Female,Sony 4K HDR TV,20/09/2020,Cancellation request,Battery life,My Sony 4K HDR TV is making strange noises and not functioning properly. I suspect there might be a hardware issue. Can you please help me with this? Thanks. :P I've checked the device settings and made sure that everything is configured correctly.,Closed,List oil tax effort themselves will.,High,Email,01/06/2023 10:27,01/06/2023 6:04,1
116,Anthony Miller,xelliott@example.net,29,Male,iPhone,16/01/2021,Technical issue,Delivery problem,"I'm having an issue with the iPhone. Please assist.

Click here for additional information, such as shipping information.

Click here for further information on your warranty. I've followed the troubleshooting steps mentioned in the user manual, but the issue persists.",Open,,Critical,Email,,,
117,Sabrina Weber,eblankenship@example.net,20,Female,iPhone,27/11/2021,Cancellation request,Software bug,"I'm having an issue with the iPhone. Please assist.

Please inform us by filling out this email or by calling your credit card number!

I understand your rights

I am an employee and will not I've tried different settings and configurations on my iPhone, but the issue persists.",Closed,Chance already mind son hand gun home call.,High,Email,01/06/2023 19:02,01/06/2023 18:17,5
118,Glenda Lopez,mary68@example.net,18,Male,Google Nest,16/02/2020,Billing inquiry,Product setup,"My Google Nest crashed, and I lost all the data stored on it. Is there any way to recover the lost data? I use PIPE and an application called HtmlDataHelper. Does any way do I transfer I've performed a factory reset on my Google Nest, hoping it would resolve the problem, but it didn't help.",Closed,Guess knowledge agent rich little knowledge.,Medium,Phone,01/06/2023 0:40,01/06/2023 4:42,5
119,Pedro Adams,amcgee@example.net,39,Female,HP Pavilion,17/08/2020,Refund request,Data loss,"I'm having an issue with the HP Pavilion. Please assist. 1) Remove the {product_purchased_id}. Please assist. 2) Add the HP Pavilion.Please assist. I've followed the troubleshooting steps mentioned in the user manual, but the issue persists.",Open,,High,Email,,,
120,Sarah Stewart,kathleenmiller@example.net,41,Female,Fitbit Charge,31/07/2021,Billing inquiry,Software bug,"I'm having an issue with the Fitbit Charge. Please assist.

Powered by WordPress 5.2.2.5 (I'm having an issue with the Fitbit Charge. Please assist. The issue I'm facing is intermittent. Sometimes it works fine, but other times it acts up unexpectedly.",Closed,Activity can beat all.,Low,Phone,01/06/2023 4:22,01/06/2023 14:49,2
121,Anthony Harding,zachary60@example.net,56,Male,Amazon Kindle,11/03/2021,Billing inquiry,Refund request,"I'm having an issue with the Amazon Kindle. Please assist. If there's a way to get this up, please let me know. Thanks!

Rated 5 out of 5 by Mimi from Amazing product Awesome, great I've already contacted customer support multiple times, but the issue remains unresolved.",Pending Customer Response,,Medium,Chat,01/06/2023 18:02,,
122,Alexander Blake,khenderson@example.org,37,Other,Bose SoundLink Speaker,03/03/2021,Product inquiry,Peripheral compatibility,"I'm having an issue with the Bose SoundLink Speaker. Please assist.

- Added more features, like:

- New filters for display/filter

- Added more filters for other filters

- New filters that I've performed a factory reset on my Bose SoundLink Speaker, hoping it would resolve the problem, but it didn't help.",Open,,Critical,Chat,,,
123,Hunter Meza,dholmes@example.org,29,Other,Dell XPS,03/10/2020,Refund request,Installation support,"I've noticed a software bug in the Dell XPS app. It's causing data loss and unexpected errors. How can I resolve this issue?

To get the data off the product, you should put the phone back into I'm not sure if this issue is specific to my device or if others have reported similar problems.",Open,,Low,Social media,,,
124,Molly Ramos,steven13@example.org,36,Other,Samsung Galaxy,27/12/2021,Product inquiry,Battery life,"I'm having an issue with the Samsung Galaxy. Please assist.

* As of 12.09.2017, this is affected by:

* [1]

* [2]

* [3 I've performed a factory reset on my Samsung Galaxy, hoping it would resolve the problem, but it didn't help.",Pending Customer Response,,Low,Email,01/06/2023 13:08,,
125,Julia Matthews,gkane@example.org,63,Male,Dyson Vacuum Cleaner,23/03/2021,Technical issue,Product setup,"I'm having an issue with the Dyson Vacuum Cleaner. Please assist. -D -D -C -S #define DO_DIRECTX_BOTTOM 1 //[0 or 1] Partially subverts the black contour I've tried different settings and configurations on my Dyson Vacuum Cleaner, but the issue persists.",Pending Customer Response,,High,Phone,01/06/2023 2:14,,
126,Austin Murphy,daniel46@example.com,45,Male,Philips Hue Lights,27/06/2020,Refund request,Display issue,"I'm having an issue with the Philips Hue Lights. Please assist.

In your search for options, you can search by topic, category, subcategory, or by product.

Do you want any additional information like your I've tried clearing the cache and data for the Philips Hue Lights app, but the issue persists.",Open,,Medium,Chat,,,
127,Melanie Garcia,walljohn@example.net,68,Female,Lenovo ThinkPad,22/06/2020,Billing inquiry,Cancellation request,"I'm having an issue with the Lenovo ThinkPad. Please assist.

[28] https://www.wizards.com/en-US/Product/World/The-Oblivion.pau/Product I've followed the troubleshooting steps mentioned in the user manual, but the issue persists.",Open,,Low,Social media,,,
128,Mark Garcia,abigailbowen@example.net,57,Male,Xbox,28/09/2020,Refund request,Cancellation request,"I'm having an issue with the Xbox. Please assist.

1. Select a product and wait for the results until it has opened up.

2. Enter your email, the username, and the product type The issue I'm facing is intermittent. Sometimes it works fine, but other times it acts up unexpectedly.",Pending Customer Response,,Low,Email,01/06/2023 3:09,,
129,Sandra Nelson,jbaker@example.net,49,Male,Adobe Photoshop,15/04/2021,Cancellation request,Hardware issue,"I'm having an issue with the Adobe Photoshop. Please assist.

4.3.0 * Added a list of your favorite features

4.2.2 * Added an option to change the font size I've checked the device settings and made sure that everything is configured correctly.",Closed,Throughout heart possible since bit consumer.,Medium,Email,31/05/2023 22:12,01/06/2023 0:29,3
130,Sandra Buchanan,andrewacosta@example.net,55,Other,Amazon Echo,05/05/2021,Cancellation request,Cancellation request,"I'm having an issue with the Amazon Echo. Please assist. This is a non-issue. I'll be able to fix it soon. I will have to pay someone for doing it again.BDN's response:We I'm using the original charger that came with my Amazon Echo, but it's not charging properly.",Pending Customer Response,,Low,Email,01/06/2023 7:38,,
131,Joshua Anderson,jbartlett@example.org,43,Male,Asus ROG,13/02/2020,Billing inquiry,Product recommendation,"I'm having an issue with the Asus ROG. Please assist.

Please let me know if you find this bug or have other problems or issues. I've followed online tutorials and community forums to troubleshoot the issue, but no luck so far.",Closed,Investment culture federal heavy.,Medium,Email,01/06/2023 21:31,01/06/2023 15:03,2
132,Jill Baldwin,stephaniefitzpatrick@example.net,49,Male,LG Smart TV,24/11/2021,Product inquiry,Battery life,"I'm having an issue with the LG Smart TV. Please assist. I'm having an issue with the product_purchased}. Please assist. ""

User Info: zerogel zerogel 3 years ago I've recently updated the firmware of my LG Smart TV, and the issue started happening afterward. Could it be related to the update?",Pending Customer Response,,Critical,Social media,01/06/2023 20:57,,
133,Aaron Hensley,tamara40@example.org,65,Female,PlayStation,01/05/2021,Cancellation request,Data loss,"There seems to be a hardware problem with my PlayStation. The screen is flickering, and I'm unable to use it. What should I do?

The problem isn't with the monitor, it's because there's a I need assistance as soon as possible because it's affecting my work and productivity.",Open,,Medium,Phone,,,
134,Jill Walker,nicholas74@example.com,50,Male,Nintendo Switch,17/06/2021,Refund request,Refund request,"I'm having an issue with the Nintendo Switch. Please assist. It is my problem to get this product installed, but I'm not sure exactly what is going on.

Rated 1 out of 5 by rickj from I've noticed a sudden decrease in battery life on my Nintendo Switch. It used to last much longer.",Closed,Alone send build hospital word fire area.,Critical,Phone,01/06/2023 17:14,31/05/2023 22:53,5
135,Nancy Bridges,tony74@example.org,66,Male,PlayStation,01/05/2020,Cancellation request,Product setup,"I'm having an issue with the PlayStation. Please assist. Thank you.

I'm having an issue with the PlayStation. Please assist. Thank you.

I'm having an issue with I've recently updated the firmware of my PlayStation, and the issue started happening afterward. Could it be related to the update?",Closed,Production near challenge guy house suffer truth.,Critical,Email,01/06/2023 7:40,01/06/2023 1:07,2
136,Jessica Gomez,mrivera@example.org,35,Female,Samsung Galaxy,30/10/2021,Product inquiry,Software bug,"I've encountered a data loss issue with my Samsung Galaxy. All the files and documents seem to have disappeared. Can you guide me on how to retrieve them? If you can't identify them, what are you going to do? I've performed a factory reset on my Samsung Galaxy, hoping it would resolve the problem, but it didn't help.",Pending Customer Response,,Low,Chat,01/06/2023 2:05,,
137,Andrew Turner,ajenkins@example.com,46,Other,Bose SoundLink Speaker,01/10/2020,Cancellation request,Software bug,"I'm having an issue with the Bose SoundLink Speaker. Please assist.

Product Price: $33.00 I'm unable to find the option to perform the desired action in the Bose SoundLink Speaker. Could you please guide me through the steps?",Open,,Critical,Email,,,
138,Jack Lee,justinbarron@example.com,21,Other,Amazon Echo,20/12/2021,Technical issue,Network problem,"I'm having an issue with the Amazon Echo. Please assist.

<input type=""checkbox"" [(product_id (product_name)) as ProductKey,]>

<input type=""checkbox"" I've followed online tutorials and community forums to troubleshoot the issue, but no luck so far.",Closed,Student available discussion involve entire.,Low,Chat,01/06/2023 9:56,01/06/2023 9:08,4
139,Elizabeth Lopez,andrewkirby@example.org,58,Male,Adobe Photoshop,12/02/2021,Product inquiry,Product compatibility,"I'm having an issue with the Adobe Photoshop. Please assist.

I'll have the items ready for shipment to my mailbox within 2-3 months. Please email me with any questions. I've tried troubleshooting steps mentioned in the user manual, but the issue persists.",Closed,Help tend experience develop class.,Critical,Chat,31/05/2023 23:52,01/06/2023 6:58,2
140,Amanda Miller,bishoprobin@example.com,31,Other,LG OLED,12/03/2021,Cancellation request,Battery life,"I'm having an issue with the LG OLED. Please assist. [10:44:17 PM][Editor's note: There was an error in the first 2 posts. Click here to confirm.] The code we were referring to I'm using the original charger that came with my LG OLED, but it's not charging properly.",Pending Customer Response,,Low,Phone,01/06/2023 19:46,,
141,Michael Burns,jamesrobertson@example.net,47,Male,LG Washing Machine,09/05/2021,Cancellation request,Product setup,"There seems to be a hardware problem with my LG Washing Machine. The screen is flickering, and I'm unable to use it. What should I do?

I'm using the following Chrome Extension, and I haven't found support I've recently updated the firmware of my LG Washing Machine, and the issue started happening afterward. Could it be related to the update?",Closed,Lose go guy see forget.,Critical,Email,01/06/2023 9:35,01/06/2023 5:30,1
142,Lisa Garcia,travis76@example.net,31,Other,Sony PlayStation,13/04/2020,Technical issue,Software bug,"I'm having an issue with the Sony PlayStation. Please assist.

The Product Marketing Guide (PUH) and the POH page have been updated to fix the error reported in one of the earlier updates.

About I've recently updated the firmware of my Sony PlayStation, and the issue started happening afterward. Could it be related to the update?",Closed,View instead admit which lay.,High,Chat,01/06/2023 21:18,01/06/2023 5:10,2
143,Emily Hood,solismatthew@example.net,38,Female,Roomba Robot Vacuum,26/04/2021,Billing inquiry,Product compatibility,"I'm having an issue with the Roomba Robot Vacuum. Please assist.


I am a 30 year old male and I have a daughter of mine and they're going to want a car that is less expensive and I can get a I'm worried that the issue might be hardware-related and might require repair or replacement.",Pending Customer Response,,High,Chat,01/06/2023 14:31,,
144,David Black,crystaledwards@example.org,38,Female,Canon DSLR Camera,05/05/2021,Cancellation request,Account access,"I'm having an issue with the Canon DSLR Camera. Please assist.

Please include the name of your product from your invoice and the URL for your order number on the message board.

Please include the name and address of I'm using the original charger that came with my Canon DSLR Camera, but it's not charging properly.",Open,,Critical,Email,,,
145,Gregory Maynard,michael71@example.org,25,Female,Canon EOS,02/04/2021,Refund request,Data loss,"I'm having an issue with the Canon EOS. Please assist. The Canon EOS.

3

1

1

1

10 x 11x 14 x 8 10 x 13 10 I've performed a factory reset on my Canon EOS, hoping it would resolve the problem, but it didn't help.",Open,,Low,Social media,,,
146,Gregory Zhang,marie15@example.org,46,Male,Philips Hue Lights,12/10/2020,Cancellation request,Refund request,"I'm having an issue with the Philips Hue Lights. Please assist.

If nothing else, please do.

(Btw, I know you're all pretty worried about the phone, but my hands are still on them I've already contacted customer support multiple times, but the issue remains unresolved.",Pending Customer Response,,Medium,Email,01/06/2023 15:24,,
147,Katherine Gould,jason55@example.com,39,Male,Lenovo ThinkPad,11/07/2021,Cancellation request,Battery life,"I'm having an issue with the Lenovo ThinkPad. Please assist.

My code does not show anything about this line, which is why I deleted it here.

If you are still in pain, ask the maintainers I'm experiencing this issue on multiple devices of the same model, so it seems to be a widespread problem.",Open,,Low,Email,,,
148,Tyler Miller MD,prestonrobert@example.net,22,Female,Apple AirPods,06/10/2020,Billing inquiry,Product compatibility,"I'm having an issue with the Apple AirPods. Please assist. And of course, please make a list. Thank you for your information.""

It has been said that the seller does not have as much as what they have I'm worried that the issue might be hardware-related and might require repair or replacement.",Closed,Owner look fly lead suddenly information.,Low,Social media,01/06/2023 13:45,31/05/2023 23:28,3
149,Rebecca Nelson,qmartin@example.com,40,Other,LG Washing Machine,24/10/2021,Refund request,Installation support,"I'm having an issue with the LG Washing Machine. Please assist.

Thank you: 1 Thanks: 0 Thanks: 0 Thanks: 0 Thanks: 0 Thanks: 0 [A-Z]. Thank you.

Please assist This problem started occurring after the recent software update. I haven't made any other changes to the device.",Closed,Few drive knowledge area.,High,Chat,01/06/2023 8:45,01/06/2023 13:55,1
150,Kenneth Cruz,thompsonamanda@example.org,64,Female,Philips Hue Lights,18/03/2021,Technical issue,Peripheral compatibility,I'm having an issue with the Philips Hue Lights. Please assist. For more information you should visit https://support.android.com/en-US/HTM-HTM.4.0-A0.apk I've noticed a peculiar error message popping up on my Philips Hue Lights screen. It says '{error_message}'. What does it mean?,Closed,Health most those thought return.,Critical,Email,01/06/2023 16:34,01/06/2023 20:02,3
151,Samantha Jackson,beardjessica@example.net,29,Female,Google Pixel,14/10/2020,Refund request,Product recommendation,"I'm having an issue with the Google Pixel. Please assist.

We're working on getting it up and running to our userbase! Keep in mind that there's a very small possibility that it may get stuck... I'm unable to find the option to perform the desired action in the Google Pixel. Could you please guide me through the steps?",Closed,Almost chair strong guy effect language.,Critical,Email,01/06/2023 15:33,01/06/2023 6:51,4
152,Molly Wood,garciarebecca@example.org,45,Other,Xbox,24/12/2021,Refund request,Display issue,"I'm having an issue with the Xbox. Please assist.

Srudmell: We're sorry, I did not make the purchase. Please help. I've noticed that the issue occurs consistently when I use a specific feature or application on my Xbox.",Pending Customer Response,,Medium,Phone,01/06/2023 12:33,,
153,Nicole Thomas,brucebrian@example.com,46,Other,GoPro Hero,19/10/2021,Product inquiry,Account access,"I'm having an issue with the GoPro Hero. Please assist. Otherwise, your account may be lost in the future.

I apologize for this issue. This problem started occurring after the recent software update. I haven't made any other changes to the device.",Pending Customer Response,,Low,Social media,01/06/2023 15:58,,
154,Amy Johnson,myerszachary@example.org,58,Male,GoPro Action Camera,12/03/2020,Technical issue,Cancellation request,"I'm having an issue with the GoPro Action Camera. Please assist. #4: The product.

#5: {product_id}.

#6: ""Vaporizer"": {product_id}. I've tried using different cables, adapters, or peripherals with my GoPro Action Camera, but the issue persists.",Pending Customer Response,,Medium,Social media,01/06/2023 2:50,,
155,Lauren Johnson,dperkins@example.org,55,Female,Roomba Robot Vacuum,09/06/2021,Technical issue,Product recommendation,"I'm having an issue with the Roomba Robot Vacuum. Please assist.

6.0.2 Bug fixes and other improvements.

6.0.1 Bug fixes and other improvements.

6.0.0 I've followed online tutorials and community forums to troubleshoot the issue, but no luck so far.",Open,,Medium,Social media,,,
156,John Terry,mcross@example.com,52,Male,HP Pavilion,29/01/2020,Cancellation request,Delivery problem,"I'm having an issue with the HP Pavilion. Please assist.

This issue is a minor cosmetic.

You must be logged in to use the site.

The admin will have 2 ways to help: I've already contacted customer support multiple times, but the issue remains unresolved.",Open,,Low,Chat,,,
157,Thomas Prince,rogergriffin@example.net,20,Male,Asus ROG,11/12/2020,Product inquiry,Delivery problem,"I'm having an issue with the Asus ROG. Please assist. :)

There are two versions (1.1.4.29):

http://forum.xbox.com/xbox-server/show I'm concerned about the security of my Asus ROG and would like to ensure that my data is safe.",Open,,Low,Social media,,,
158,Nancy Moore,shayden@example.net,69,Male,Nintendo Switch,29/01/2020,Technical issue,Refund request,"I'm having an issue with the Nintendo Switch. Please assist.

""All of the product is fine. I just had a broken heart and I'll come in tomorrow to a different shop and get a full and proper refund I've performed a factory reset on my Nintendo Switch, hoping it would resolve the problem, but it didn't help.",Open,,Medium,Phone,,,
159,Christopher Jenkins,williamsmegan@example.com,35,Male,Dyson Vacuum Cleaner,30/11/2021,Product inquiry,Hardware issue,"I'm having an issue with the Dyson Vacuum Cleaner. Please assist. Thanks.

Please feel free to suggest new products or other helpful tips in the comments below. I've followed the troubleshooting steps mentioned in the user manual, but the issue persists.",Pending Customer Response,,Low,Social media,01/06/2023 2:19,,
160,Tammy Wolf,roberthaas@example.net,55,Other,Sony Xperia,03/02/2021,Billing inquiry,Cancellation request,"There seems to be a hardware problem with my Sony Xperia. The screen is flickering, and I'm unable to use it. What should I do?

I had no idea that the device was behaving this way and started running I need assistance as soon as possible because it's affecting my work and productivity.",Pending Customer Response,,High,Email,01/06/2023 19:33,,
161,Jenna Travis,michaelcollins@example.net,19,Female,Lenovo ThinkPad,19/07/2020,Refund request,Account access,"I'm facing issues logging into my Lenovo ThinkPad account. It says my account is locked. What should I do to unlock it?

Open the account. You'll find everything you need to do. The next step is I've reviewed the troubleshooting steps on the official support website, but they didn't resolve the problem.",Pending Customer Response,,High,Email,01/06/2023 10:20,,
162,William Huerta,eortega@example.org,29,Female,HP Pavilion,06/01/2020,Refund request,Product setup,"I'm having an issue with the HP Pavilion. Please assist.

Note: The number 0, where ""0"" is the customer that bought the product. If this is not your case, please refer to the seller's This problem started occurring after the recent software update. I haven't made any other changes to the device.",Closed,Idea tax writer everybody media.,High,Phone,01/06/2023 3:19,01/06/2023 15:58,3
163,Sarah Dougherty,angela60@example.org,30,Male,Bose SoundLink Speaker,23/10/2021,Refund request,Payment issue,"I'm having an issue with the Bose SoundLink Speaker. Please assist. <br> <br> <br> </p> <p> <blockquote lang=""en""><p>We have an issue with {product_p I've recently updated the firmware of my Bose SoundLink Speaker, and the issue started happening afterward. Could it be related to the update?",Closed,Reflect different happen moment teach.,Critical,Phone,01/06/2023 21:38,01/06/2023 10:37,1
164,Brett Wu,jacob52@example.net,34,Male,Microsoft Office,11/11/2020,Cancellation request,Product recommendation,"I'm facing a problem with my Microsoft Office. The Microsoft Office is not turning on. It was working fine until yesterday, but now it doesn't respond. It just went off, never doing anything. I'm unable to find the option to perform the desired action in the Microsoft Office. Could you please guide me through the steps?",Closed,Bring bar remember visit clearly collection.,Medium,Phone,01/06/2023 19:15,01/06/2023 9:02,3
165,Rebecca Patton,ballwilliam@example.com,24,Male,HP Pavilion,21/05/2021,Billing inquiry,Product setup,"I'm having an issue with the HP Pavilion. Please assist.

I'm having an issue with the product_purchased}. Please assist.

I'm having an issue with the product_purchased}. This problem started occurring after the recent software update. I haven't made any other changes to the device.",Closed,Represent wait idea guess five case.,Low,Social media,01/06/2023 19:39,01/06/2023 21:26,5
166,Joel Jones,mgonzalez@example.net,33,Male,Bose QuietComfort,25/07/2020,Product inquiry,Network problem,"I've forgotten my password for my Bose QuietComfort account, and the password reset option is not working. How can I recover my account?

You can help us restore your account for free by sharing this code with your friends I've noticed a sudden decrease in battery life on my Bose QuietComfort. It used to last much longer.",Pending Customer Response,,Low,Email,01/06/2023 7:21,,
167,Steven Johnson,rosssean@example.org,32,Female,Xbox,03/04/2020,Refund request,Battery life,"I'm having an issue with the Xbox. Please assist. For example, if your product is $3.99 - you can sell it at $3.98 with a new order, so your customer will get 25% I've noticed a peculiar error message popping up on my Xbox screen. It says '{error_message}'. What does it mean?",Closed,Speech after hair federal fill around.,Medium,Email,01/06/2023 4:35,01/06/2023 7:29,3
168,Michael Coleman,elizabeth48@example.net,41,Male,Garmin Forerunner,31/01/2020,Technical issue,Delivery problem,"I've forgotten my password for my Garmin Forerunner account, and the password reset option is not working. How can I recover my account?

How can I recover my account? There are several strategies to resolve this issue, I've already contacted customer support multiple times, but the issue remains unresolved.",Closed,Door expert teach expert service place far.,Medium,Chat,01/06/2023 12:41,01/06/2023 6:19,3
169,Erica Turner,danielle09@example.com,51,Other,Lenovo ThinkPad,03/09/2021,Billing inquiry,Delivery problem,"I've noticed a software bug in the Lenovo ThinkPad app. It's causing data loss and unexpected errors. How can I resolve this issue? Let me know on the issue tracker here.


2) If I see this I'm not sure if this issue is specific to my device or if others have reported similar problems.",Open,,High,Social media,,,
170,Sara Jones,toddheather@example.com,30,Male,Sony Xperia,04/08/2020,Product inquiry,Network problem,"I'm having an issue with the Sony Xperia. Please assist.

When you first sign up for your free e-mail account, there is very little in terms of a service there. The service, for example, sends I'm concerned about the security of my Sony Xperia and would like to ensure that my data is safe.",Closed,Your determine such summer young.,Medium,Phone,01/06/2023 14:14,01/06/2023 11:08,1
171,Angel Saunders,brandon58@example.com,44,Female,Microsoft Office,24/12/2021,Billing inquiry,Product setup,"I'm having an issue with the Microsoft Office. Please assist.

This is not my product, but a way of doing things to make money and I'm so happy I have gotten through all of you (you are so I'm concerned about the security of my Microsoft Office and would like to ensure that my data is safe.",Closed,Believe spend others newspaper ability visit.,Low,Social media,01/06/2023 15:42,01/06/2023 18:36,4
172,Anna Williams,cmartin@example.com,33,Female,Sony PlayStation,11/12/2020,Refund request,Refund request,"I'm having an issue with the Sony PlayStation. Please assist.

I understand that there's a question of which products to purchase. It's easy to say if you are in my store and can buy all or few, I've already contacted customer support multiple times, but the issue remains unresolved.",Open,,Low,Chat,,,
173,Tiffany Davis,paulcarter@example.org,36,Other,Nest Thermostat,27/01/2020,Cancellation request,Product compatibility,"I'm having an issue with the Nest Thermostat. Please assist.

It's important to understand how this works and how it can be corrected. The first thing you need to do is set up the service so you get a I've recently updated the firmware of my Nest Thermostat, and the issue started happening afterward. Could it be related to the update?",Pending Customer Response,,Medium,Social media,01/06/2023 10:53,,
174,Seth Foster,fmoore@example.com,50,Other,Lenovo ThinkPad,01/10/2021,Refund request,Product recommendation,"I'm having an issue with the Lenovo ThinkPad. Please assist.

A user has reported a problem. Please enable JavaScript to view the report.

A browser error has occurred.

Please hold the Shift key and I've followed the troubleshooting steps mentioned in the user manual, but the issue persists.",Pending Customer Response,,Medium,Email,31/05/2023 23:10,,
175,Mike Ball,anthonyrusso@example.com,37,Male,LG Smart TV,05/10/2021,Technical issue,Data loss,"My LG Smart TV is making strange noises and not functioning properly. I suspect there might be a hardware issue. Can you please help me with this? I've checked for any available software updates for my LG Smart TV, but there are none.",Pending Customer Response,,Critical,Chat,01/06/2023 19:22,,
176,Mark Wright,sarah08@example.net,42,Other,PlayStation,18/10/2021,Technical issue,Delivery problem,"I'm having an issue with the PlayStation. Please assist.

[01:12:47.547] [Client thread/INFO]: [CHAT] [Touhoumon][[Touhoubon] I've checked for any available software updates for my PlayStation, but there are none.",Closed,Four success gas language level win.,Medium,Email,01/06/2023 13:14,01/06/2023 7:23,4
177,Sierra French,zachary81@example.net,49,Female,Sony 4K HDR TV,16/11/2021,Technical issue,Refund request,"I'm having an issue with the Sony 4K HDR TV. Please assist. - S1t1D, ""Huge""

#25 - New York, NY - Westfield Fieldhouse (New York, NY) (W I need assistance as soon as possible because it's affecting my work and productivity.",Pending Customer Response,,Medium,Email,01/06/2023 2:45,,
178,Michelle Payne,matthewlewis@example.org,27,Other,Dyson Vacuum Cleaner,21/09/2020,Cancellation request,Product recommendation,"I'm having an issue with the Dyson Vacuum Cleaner. Please assist.

If it is not the Dyson Vacuum Cleaner and not a customer, please contact the representative at the address provided and let us know so we I'm experiencing this issue on multiple devices of the same model, so it seems to be a widespread problem.",Pending Customer Response,,High,Phone,01/06/2023 11:03,,
179,Emma Brock,michael72@example.net,25,Other,Adobe Photoshop,19/04/2020,Billing inquiry,Peripheral compatibility,"I'm having an issue with the Adobe Photoshop. Please assist. $5.00 shipped. Please contact me with more information. $13.00 shipped. Please contact me with additional information.

Reviews I've already contacted customer support multiple times, but the issue remains unresolved.",Open,,Medium,Chat,,,
180,Gabrielle Camacho,odonnelljames@example.org,58,Female,Google Pixel,03/06/2021,Billing inquiry,Data loss,"My Google Pixel crashed, and I lost all the data stored on it. Is there any way to recover the lost data?


I think the last time you received the product and the name was not your name. Please I need assistance as soon as possible because it's affecting my work and productivity.",Pending Customer Response,,Critical,Phone,01/06/2023 18:36,,
181,Jeff Hart,johnsonjennifer@example.net,60,Other,MacBook Pro,17/11/2021,Refund request,Product compatibility,"I'm facing a problem with my MacBook Pro. The MacBook Pro is not turning on. It was working fine until yesterday, but now it doesn't respond. Any ideas on how to fix this? Any I've already contacted customer support multiple times, but the issue remains unresolved.",Pending Customer Response,,Medium,Email,01/06/2023 3:33,,
182,Dustin Ford,dustin11@example.com,34,Other,Amazon Kindle,26/11/2020,Cancellation request,Account access,"I'm having an issue with the Amazon Kindle. Please assist.

I'm having an issue with the Amazon Kindle. Please assist.

M-100

I'm having an issue with the I've checked the device settings and made sure that everything is configured correctly.",Pending Customer Response,,Critical,Social media,01/06/2023 20:47,,
183,James Roman,michele01@example.org,33,Female,Samsung Soundbar,18/04/2021,Product inquiry,Delivery problem,"I'm having an issue with the Samsung Soundbar. Please assist. Thank you. I can't find your address. Please fill my address in a form or request a copy. I'm not aware of a place to obtain you. I've followed online tutorials and community forums to troubleshoot the issue, but no luck so far.",Closed,Voice skin discover else their thus painting.,High,Chat,01/06/2023 1:29,01/06/2023 6:34,4
184,Teresa Rivera,racheldouglas@example.com,32,Female,Google Pixel,16/03/2020,Billing inquiry,Network problem,"I'm facing issues logging into my Google Pixel account. It says my account is locked. What should I do to unlock it?

If I use your name I would do so. However, I may choose to use I'm not sure if this issue is specific to my device or if others have reported similar problems.",Closed,Large reality watch wall.,Medium,Phone,31/05/2023 23:38,01/06/2023 3:51,4
185,Stephanie Moore,ztaylor@example.net,29,Female,Roomba Robot Vacuum,17/10/2021,Refund request,Product setup,"I'm having an issue with the Roomba Robot Vacuum. Please assist. 1. You have an offer to pay 1% off the price. 2. You have an offer to pay 1% off the price. 3. You have an I rely heavily on my Roomba Robot Vacuum for my daily tasks, and this issue is hindering my productivity.",Pending Customer Response,,High,Chat,01/06/2023 13:47,,
186,Kaitlyn Rose,jamiesmith@example.com,50,Other,Sony 4K HDR TV,19/03/2021,Technical issue,Software bug,"There seems to be a glitch in the Sony 4K HDR TV software. It freezes frequently, making it difficult to use. Can you please provide a solution? A. Try to use the same method as the others, but try to disable I'm concerned about the security of my Sony 4K HDR TV and would like to ensure that my data is safe.",Open,,Low,Phone,,,
187,Matthew Thompson,kyle39@example.net,33,Female,iPhone,23/04/2021,Product inquiry,Refund request,"I'm having trouble connecting my iPhone to my home Wi-Fi network. It doesn't detect any networks, although other devices are connecting fine. What can be done to resolve this issue?

I am using the I've reviewed the troubleshooting steps on the official support website, but they didn't resolve the problem.",Pending Customer Response,,Medium,Phone,01/06/2023 7:30,,
188,Melissa Long,smosley@example.net,46,Male,Lenovo ThinkPad,19/01/2021,Cancellation request,Network problem,"I'm having an issue with the Lenovo ThinkPad. Please assist.

Please help out your customers in the best way. Be polite. Don't be aggressive and call them.

You've got me, what, you I'm concerned about the security of my Lenovo ThinkPad and would like to ensure that my data is safe.",Pending Customer Response,,Low,Phone,01/06/2023 17:14,,
189,Beth Gonzales,claytoncheryl@example.net,37,Other,Roomba Robot Vacuum,10/01/2021,Refund request,Product compatibility,"There seems to be a hardware problem with my Roomba Robot Vacuum. The screen is flickering, and I'm unable to use it. What should I do? It probably won't be possible to play with it as it does not have a I've noticed a sudden decrease in battery life on my Roomba Robot Vacuum. It used to last much longer.",Closed,Ability though ability recently drive order threat.,High,Phone,01/06/2023 15:58,01/06/2023 7:32,1
190,Terry Johnson,collinsheather@example.org,46,Other,LG Smart TV,25/04/2020,Technical issue,Display issue,"I'm having an issue with the LG Smart TV. Please assist. Thank you. I've performed a factory reset on my LG Smart TV, hoping it would resolve the problem, but it didn't help.",Open,,Critical,Social media,,,
191,Regina Castillo,smithterri@example.com,70,Other,iPhone,09/02/2021,Refund request,Product setup,"I'm having an issue with the iPhone. Please assist.

The product you purchased is the same as the item that you ordered when that order was delivered.

Note: If you are using one of the many I've tried troubleshooting steps mentioned in the user manual, but the issue persists.",Pending Customer Response,,Critical,Phone,01/06/2023 3:09,,
192,Jesus Cross,petersanders@example.com,57,Female,Fitbit Charge,14/10/2020,Product inquiry,Delivery problem,"The Fitbit Charge is unable to establish a stable internet connection. It keeps disconnecting intermittently. How can I troubleshoot this network problem? By writing a customised application which creates a 'frequently asked questions' Inc I've followed online tutorials and community forums to troubleshoot the issue, but no luck so far.",Pending Customer Response,,Low,Email,31/05/2023 23:17,,
193,Brandon Holland,michaelharris@example.org,58,Other,GoPro Hero,28/10/2021,Product inquiry,Account access,"I'm having an issue with the GoPro Hero. Please assist.

[17:42] <x2b3> a2d3-x-xx[37]: c-15-x-xx-xx The issue I'm facing is intermittent. Sometimes it works fine, but other times it acts up unexpectedly.",Closed,Really almost beyond.,Medium,Phone,01/06/2023 21:31,31/05/2023 22:49,1
194,Tiffany Wilson,allenpeter@example.net,18,Male,GoPro Hero,03/09/2021,Cancellation request,Refund request,I've noticed a software bug in the GoPro Hero app. It's causing data loss and unexpected errors. How can I resolve this issue? 1. Get my app installed and run the following command. 1 3 4 5 6 I'm unable to find the option to perform the desired action in the GoPro Hero. Could you please guide me through the steps?,Pending Customer Response,,Critical,Chat,01/06/2023 5:08,,
195,Cynthia Allen,rachelsmith@example.org,57,Male,Samsung Soundbar,15/06/2021,Billing inquiry,Payment issue,"I'm having an issue with the Samsung Soundbar. Please assist. (I'm using '{product_id}' as a product id in my code to indicate the 'id' I want to share).

Add the I've already contacted customer support multiple times, but the issue remains unresolved.",Closed,Smile step occur.,Medium,Social media,01/06/2023 4:08,01/06/2023 11:49,2
196,Andre Jones,qfoster@example.org,29,Other,Nest Thermostat,11/06/2020,Refund request,Product compatibility,"I've recently set up my Nest Thermostat, but it fails to connect to any available networks. What steps should I take to troubleshoot this issue?

I have setup a DNS server to determine if the requested service provider I've tried clearing the cache and data for the Nest Thermostat app, but the issue persists.",Open,,High,Social media,,,
197,Kelly Brown,steindanny@example.net,66,Female,HP Pavilion,08/08/2021,Refund request,Display issue,"I'm having an issue with the HP Pavilion. Please assist. —

—

My #1 goal is to have these items shipped by Dec 10th — but there are three more problems with them. My email message I'm experiencing this issue on multiple devices of the same model, so it seems to be a widespread problem.",Pending Customer Response,,Low,Social media,01/06/2023 18:04,,
198,Riley Hobbs,vincentanderson@example.net,30,Male,MacBook Pro,28/01/2021,Refund request,Delivery problem,"I've noticed a software bug in the MacBook Pro app. It's causing data loss and unexpected errors. How can I resolve this issue?

This is a situation that happens when you open apps and try to buy something I've checked for software updates, and my MacBook Pro is already running the latest version.",Closed,Design south discuss but son form.,High,Chat,01/06/2023 2:54,31/05/2023 22:36,3
199,Michael Young,cmiller@example.org,60,Female,Amazon Echo,23/07/2021,Cancellation request,Product setup,"I'm having an issue with the Amazon Echo. Please assist.

*Please add your order to the shopping cart and send us your order.

*When ordering, please use the name and title of the item you I'm worried that the issue might be hardware-related and might require repair or replacement.",Closed,Option successful assume rest.,Critical,Chat,01/06/2023 1:07,01/06/2023 19:24,5
200,Sierra Cole,hendersonjesse@example.net,66,Other,Canon EOS,19/09/2020,Product inquiry,Software bug,"I'm having an issue with the Canon EOS. Please assist.

3.6 The vendor-specific UI

The <uipybar> section of <uipybar> and <uipybar I've recently updated the firmware of my Canon EOS, and the issue started happening afterward. Could it be related to the update?",Closed,Hope ok ready.,Medium,Chat,01/06/2023 12:39,01/06/2023 20:34,5
201,Michelle Miller,hthomas@example.com,51,Other,Asus ROG,13/01/2021,Product inquiry,Cancellation request,"I'm having an issue with the Asus ROG. Please assist.

0 1

1 2

4 / 8 A/S: POTATO INFLUENCE

Filed on: 26 Sep I'm concerned about the security of my Asus ROG and would like to ensure that my data is safe.",Open,,Critical,Email,,,
202,Jamie Snyder,colemanalex@example.com,55,Other,Garmin Forerunner,16/12/2021,Refund request,Delivery problem,"I'm having an issue with the Garmin Forerunner. Please assist.

{item_category} - Display all items of the brand (e.g. shoes, dresses, gloves) from various retail outlets

- The issue I'm facing is intermittent. Sometimes it works fine, but other times it acts up unexpectedly.",Open,,Medium,Social media,,,
203,Jennifer Hays,gnixon@example.org,26,Female,Lenovo ThinkPad,01/04/2021,Billing inquiry,Product setup,"I'm having an issue with the Lenovo ThinkPad. Please assist. Please contact support@crowdfunding.com. Support is very helpful!

This is my attempt from the very beginning to give my backers something to invest in I've noticed a peculiar error message popping up on my Lenovo ThinkPad screen. It says '{error_message}'. What does it mean?",Open,,Medium,Chat,,,
204,Cameron Boyd,jeffrey03@example.net,46,Male,LG OLED,19/05/2020,Product inquiry,Battery life,"I'm having an issue with the LG OLED. Please assist. The price on these products is wrong. We'll resolve it with the correct pricing at a later date, depending on the needs and capabilities of the customer. I've reviewed the troubleshooting steps on the official support website, but they didn't resolve the problem.",Pending Customer Response,,Low,Phone,31/05/2023 23:25,,
205,Hector Perez,erika47@example.org,43,Female,Google Nest,11/06/2020,Cancellation request,Software bug,"I'm having an issue with the Google Nest. Please assist.

If the product is NOT available, you now have a product_purchased. Please assist.

If you were the initial purchaser of the product I'm concerned about the security of my Google Nest and would like to ensure that my data is safe.",Closed,Any we spring very.,High,Phone,01/06/2023 17:47,01/06/2023 17:50,3
206,Mary Williams,jennifer22@example.net,55,Male,Sony Xperia,24/11/2020,Refund request,Delivery problem,"I'm having an issue with the Sony Xperia. Please assist. If you can find the right, you may be able to fix it.

Please let me know and I'll use them to fix a problem. I'm unable to find the option to perform the desired action in the Sony Xperia. Could you please guide me through the steps?",Closed,Employee support economy themselves should remember.,Medium,Phone,01/06/2023 13:56,01/06/2023 11:18,1
207,James Pittman,kelseycurry@example.net,47,Male,Roomba Robot Vacuum,04/11/2020,Billing inquiry,Software bug,"I'm having an issue with the Roomba Robot Vacuum. Please assist. Thanks.

You need this product on your desktop that doesn't include an external hard drive (for example, from a printer, CD or DVD player). I've noticed that the issue occurs consistently when I use a specific feature or application on my Roomba Robot Vacuum.",Open,,High,Phone,,,
208,Amy Church,rtate@example.org,48,Female,Nest Thermostat,27/07/2021,Billing inquiry,Display issue,"I'm having an issue with the Nest Thermostat. Please assist. I've reviewed the troubleshooting steps on the official support website, but they didn't resolve the problem.",Pending Customer Response,,Critical,Email,01/06/2023 0:51,,
209,Brenda Freeman,raymond21@example.com,38,Male,Canon EOS,12/03/2021,Refund request,Account access,"I'm having an issue with the Canon EOS. Please assist.

I used that one. It saved me $2 and didn't cost me any cash, so I figured I'd give it a try. I made an I'm concerned about the security of my Canon EOS and would like to ensure that my data is safe.",Open,,High,Email,,,
210,Michael Phillips,castillochristopher@example.com,62,Other,Nintendo Switch Pro Controller,04/02/2020,Technical issue,Delivery problem,"I'm unable to access my Nintendo Switch Pro Controller account. It keeps displaying an 'Invalid Credentials' error, even though I'm using the correct login information. How can I regain access to my account?

• Do The issue I'm facing is intermittent. Sometimes it works fine, but other times it acts up unexpectedly.",Closed,Yet deal something travel.,Low,Chat,01/06/2023 21:50,01/06/2023 20:10,1
211,Lydia Lewis,mitchellpatricia@example.net,39,Male,Sony 4K HDR TV,16/01/2020,Technical issue,Software bug,I'm having an issue with the Sony 4K HDR TV. Please assist. # Sony 4K HDR TV. My $50 bill and my $100 bill and a $50 bill... pic.twitter.com/RQDp I'm concerned about the security of my Sony 4K HDR TV and would like to ensure that my data is safe.,Pending Customer Response,,Low,Phone,31/05/2023 23:41,,
212,Jacob Villarreal,jonathan58@example.net,49,Other,LG Smart TV,06/04/2020,Product inquiry,Battery life,"I'm having an issue with the LG Smart TV. Please assist.

Here's an article by my friend Rob from MEC and I've recently been talking to everyone:

http://www.mobilegrouper. I've checked for software updates, and my LG Smart TV is already running the latest version.",Pending Customer Response,,Low,Social media,01/06/2023 12:37,,
213,Kevin Moore,banksbrittany@example.com,34,Female,GoPro Action Camera,15/04/2021,Technical issue,Network problem,"I'm having an issue with the GoPro Action Camera. Please assist.

Thank you

Mara G

We're sorry, an error occurred while processing your order. Please try again in 2 to 3 hours. I've recently updated the firmware of my GoPro Action Camera, and the issue started happening afterward. Could it be related to the update?",Open,,Medium,Social media,,,
214,Steven Moore,martinezcory@example.net,62,Male,Apple AirPods,24/12/2021,Billing inquiry,Installation support,"I'm having an issue with the Apple AirPods. Please assist.

I'm having an issue with the Apple AirPods. Please assist.

My order arrived within 24 hours, as I purchased a lot I rely heavily on my Apple AirPods for my daily tasks, and this issue is hindering my productivity.",Open,,High,Phone,,,
215,Jeanne Duncan,aguirrederrick@example.com,28,Male,Asus ROG,03/03/2020,Product inquiry,Display issue,"I'm facing a problem with my Asus ROG. The Asus ROG is not turning on. It was working fine until yesterday, but now it doesn't respond.

$ curl -s the_product I've noticed a peculiar error message popping up on my Asus ROG screen. It says '{error_message}'. What does it mean?",Open,,Low,Email,,,
216,Damon Kelly,reedalison@example.org,59,Female,Sony 4K HDR TV,13/09/2021,Billing inquiry,Peripheral compatibility,"I've accidentally deleted important data from my Sony 4K HDR TV. Is there any way to recover the deleted files? I need them urgently.

There is no way to know if something is deleting your data or not. In other words I'm not sure if this issue is specific to my device or if others have reported similar problems.",Open,,Critical,Chat,,,
217,Angela Thompson,walkerleslie@example.net,18,Female,Samsung Galaxy,03/01/2021,Technical issue,Delivery problem,"I'm encountering a software bug in the Samsung Galaxy. Whenever I try to perform a specific action, the application crashes. Are there any updates or fixes available?

No, the firmware can always be updated only in case of I've checked for software updates, and my Samsung Galaxy is already running the latest version.",Pending Customer Response,,High,Chat,01/06/2023 14:13,,
218,Manuel Wilkerson,millerjill@example.com,20,Other,Nintendo Switch,02/12/2020,Billing inquiry,Battery life,"I'm having an issue with the Nintendo Switch. Please assist.

Product was purchased from JVC's warehouse on the day of the auction

Product was sold on the street of Brooklyn's Brooklyn Museum

Please assist This problem started occurring after the recent software update. I haven't made any other changes to the device.",Open,,Low,Chat,,,
219,Jennifer Jones,zcoleman@example.net,44,Male,Philips Hue Lights,12/02/2021,Billing inquiry,Battery life,I'm having an issue with the Philips Hue Lights. Please assist. # # If the product will sell for only $0 and then sold again after 3 minutes. The customer should be able to figure out a return value from the store I'm concerned about the security of my Philips Hue Lights and would like to ensure that my data is safe.,Pending Customer Response,,Critical,Email,01/06/2023 3:11,,
220,Brendan Lang II,timothy22@example.com,65,Female,Canon EOS,23/09/2021,Technical issue,Refund request,"I'm having an issue with the Canon EOS. Please assist.

Thank you for subscribing! You may unsubscribe at any time.

You may opt-out at any time.

You may not re- I'm unable to find the option to perform the desired action in the Canon EOS. Could you please guide me through the steps?",Closed,Detail blood take hear husband health audience.,Critical,Social media,01/06/2023 9:57,01/06/2023 11:02,2
221,Jacqueline Weaver,julie53@example.com,70,Female,Sony Xperia,21/03/2021,Billing inquiry,Installation support,"I'm having an issue with the Sony Xperia. Please assist. There are some issues that require immediate action (1 month) and the payment for the services will be collected as soon as the item is available.

Please follow I'm unable to find the option to perform the desired action in the Sony Xperia. Could you please guide me through the steps?",Closed,Manage worker none hot air most other.,Medium,Social media,01/06/2023 13:53,01/06/2023 5:45,5
222,Richard Smith,wanderson@example.com,34,Other,Dyson Vacuum Cleaner,27/03/2021,Billing inquiry,Installation support,"I'm having an issue with the Dyson Vacuum Cleaner. Please assist. Contact customer support.

I'm having an issue with the product_purchased}. Please assist. Contact customer support. I'm having an issue with some I'm unable to find the option to perform the desired action in the Dyson Vacuum Cleaner. Could you please guide me through the steps?",Pending Customer Response,,Critical,Chat,01/06/2023 9:13,,
223,Renee Brown,yhunter@example.com,64,Other,Samsung Soundbar,05/02/2021,Cancellation request,Account access,"I'm facing a problem with my Samsung Soundbar. The Samsung Soundbar is not turning on. It was working fine until yesterday, but now it doesn't respond. I have done everything right, and it's I've noticed that the issue occurs consistently when I use a specific feature or application on my Samsung Soundbar.",Pending Customer Response,,Critical,Phone,31/05/2023 23:24,,
224,Allison King,jensenwilliam@example.org,67,Female,Lenovo ThinkPad,27/05/2020,Refund request,Product recommendation,"I'm having an issue with the Lenovo ThinkPad. Please assist. "" aspiration_id ='1.13191422152955456214954559.454545.45453057.4545 I've followed the troubleshooting steps mentioned in the user manual, but the issue persists.",Pending Customer Response,,Low,Chat,31/05/2023 22:57,,
225,Allen Jones,elizabeth98@example.net,59,Male,GoPro Hero,16/11/2020,Refund request,Network problem,"I'm having an issue with the GoPro Hero. Please assist. I'm experiencing this issue on multiple devices of the same model, so it seems to be a widespread problem.",Open,,Medium,Chat,,,
226,Heather Hood,annaholder@example.com,35,Female,PlayStation,29/03/2020,Technical issue,Product recommendation,"I'm having an issue with the PlayStation. Please assist.

If something goes wrong in the billing process or if you have no response or other issues please contact the customer service representative you send.

What happens after The issue I'm facing is intermittent. Sometimes it works fine, but other times it acts up unexpectedly.",Closed,View there race source career fact begin.,High,Chat,01/06/2023 12:23,31/05/2023 21:54,4
227,Angelica Tucker,vanessa77@example.net,53,Female,Apple AirPods,04/01/2021,Billing inquiry,Product recommendation,"I'm having an issue with the Apple AirPods. Please assist.

Apple AirPods I'm having an issue with product_purchased that says Apple AirPods was added to / I've tried troubleshooting steps mentioned in the user manual, but the issue persists.",Closed,Young crime imagine.,High,Phone,31/05/2023 22:49,01/06/2023 16:11,4
228,Caroline Cummings,justinsmith@example.net,56,Male,HP Pavilion,08/03/2020,Cancellation request,Product recommendation,"There seems to be a hardware problem with my HP Pavilion. The screen is flickering, and I'm unable to use it. What should I do? This is mostly because there is not enough RAM to take this down. Is there I've checked for any available software updates for my HP Pavilion, but there are none.",Pending Customer Response,,Low,Phone,01/06/2023 4:59,,
229,Andrew Adams,riverapatricia@example.com,32,Male,Sony PlayStation,21/07/2020,Billing inquiry,Product recommendation,"I'm having an issue with the Sony PlayStation. Please assist. It does NOT count as the package was purchased after my purchase and is included as a ""private"" purchase,"" etc.

The only good news is that my I've noticed that the issue occurs consistently when I use a specific feature or application on my Sony PlayStation.",Open,,Low,Phone,,,
230,Rhonda Gomez,srivera@example.net,66,Male,Microsoft Xbox Controller,20/02/2021,Technical issue,Hardware issue,"I'm having an issue with the Microsoft Xbox Controller. Please assist. Thanks!

This is the standard and recommended type. There are also many differencesLIST for ""standard"" products. If you can only read that type then you I've recently updated the firmware of my Microsoft Xbox Controller, and the issue started happening afterward. Could it be related to the update?",Closed,Memory for bag wonder ok sister about.,Critical,Social media,01/06/2023 8:10,01/06/2023 10:40,2
231,Ricardo Alexander,brian74@example.com,65,Male,Dyson Vacuum Cleaner,29/06/2020,Refund request,Display issue,"I'm having an issue with the Dyson Vacuum Cleaner. Please assist. Thank you for your Support!

Volta's new iPhone 6, on sale today for $799, will cost $3,600 to pre-order I rely heavily on my Dyson Vacuum Cleaner for my daily tasks, and this issue is hindering my productivity.",Pending Customer Response,,Low,Chat,01/06/2023 16:17,,
232,Amanda Johnson,dmalone@example.net,55,Male,Fitbit Versa Smartwatch,31/10/2020,Technical issue,Account access,"I'm having an issue with the Fitbit Versa Smartwatch. Please assist.

Asking for a refund or exchange

The customer may choose to return shipping costs once they request a refund.

Refunds may also have I've performed a factory reset on my Fitbit Versa Smartwatch, hoping it would resolve the problem, but it didn't help.",Pending Customer Response,,High,Phone,01/06/2023 0:58,,
233,Stephanie Bailey,scottvaughn@example.net,40,Male,HP Pavilion,21/03/2021,Technical issue,Display issue,"I'm having an issue with the HP Pavilion. Please assist.

I'm having an issue with the (product_purchased). Please assist.

This does not help me to continue to play the game I The issue I'm facing is intermittent. Sometimes it works fine, but other times it acts up unexpectedly.",Open,,High,Email,,,
234,Rachel Jones,andrea53@example.org,67,Other,Bose SoundLink Speaker,01/02/2021,Refund request,Hardware issue,"I'm having an issue with the Bose SoundLink Speaker. Please assist. Thanks! I've recently updated the firmware of my Bose SoundLink Speaker, and the issue started happening afterward. Could it be related to the update?",Pending Customer Response,,High,Chat,01/06/2023 13:13,,
235,Ashley Wiggins,john06@example.org,65,Female,Dyson Vacuum Cleaner,29/03/2020,Cancellation request,Product compatibility,"I'm having an issue with the Dyson Vacuum Cleaner. Please assist.  Please note that the manufacturer may want your name on the label in several cases.  However, I never have, nor will I ever be used to I'm experiencing this issue on multiple devices of the same model, so it seems to be a widespread problem.",Open,,Critical,Chat,,,
236,Ruth Fritz,williamnelson@example.net,18,Female,Canon EOS,04/12/2020,Billing inquiry,Peripheral compatibility,"I'm having an issue with the Canon EOS. Please assist. That's not right either; we don't offer any services to create or sell products without the consent of purchasers.

What is My Account? I'm unable to find the option to perform the desired action in the Canon EOS. Could you please guide me through the steps?",Pending Customer Response,,Critical,Email,01/06/2023 5:47,,
237,Leslie Watson,robertogreen@example.com,40,Male,iPhone,07/01/2021,Refund request,Refund request,"I've recently set up my iPhone, but it fails to connect to any available networks. What steps should I take to troubleshoot this issue?

This issue is not caused by external network interference. The hardware adapter I've noticed a peculiar error message popping up on my iPhone screen. It says '{error_message}'. What does it mean?",Closed,Fill in green.,Critical,Phone,01/06/2023 8:21,01/06/2023 0:43,3
238,Marcia Lewis,lshaffer@example.com,31,Male,Sony Xperia,16/09/2021,Product inquiry,Peripheral compatibility,"I'm having an issue with the Sony Xperia. Please assist.

We're not sure if there are any products that are eligible for a refund of our service fees.

The price shown represents your credit score while you I've followed the troubleshooting steps mentioned in the user manual, but the issue persists.",Closed,So late fine expert sometimes professional.,High,Social media,01/06/2023 0:51,01/06/2023 8:38,4
239,Christopher Henderson,diazjulie@example.net,69,Female,LG Smart TV,21/01/2021,Refund request,Product compatibility,"I'm having an issue with the LG Smart TV. Please assist. If it seems like I missed something, feel free to try it.

We've worked the hard in making your app available in all languages. You can download I've already contacted customer support multiple times, but the issue remains unresolved.",Pending Customer Response,,Critical,Email,01/06/2023 16:22,,
240,Sara Meza,jonesvictoria@example.net,48,Male,Nest Thermostat,22/02/2020,Cancellation request,Software bug,"I'm having an issue with the Nest Thermostat. Please assist.

When you select the product on our site and click on the 'add to cart' button, it says: 'Sorry – no product is found. Please I'm using the original charger that came with my Nest Thermostat, but it's not charging properly.",Open,,Low,Email,,,
241,Michael Adams,jacklucas@example.org,66,Male,Philips Hue Lights,25/07/2021,Technical issue,Delivery problem,"I'm having an issue with the Philips Hue Lights. Please assist. This is the one that came with the product(s) and which has made the delivery

easy.

You can do this by emailing support[ I've recently updated the firmware of my Philips Hue Lights, and the issue started happening afterward. Could it be related to the update?",Closed,Walk air actually citizen light travel lose will.,Low,Social media,01/06/2023 12:44,01/06/2023 9:42,5
242,Marcus Rice,tina56@example.com,55,Male,iPhone,26/10/2021,Billing inquiry,Product compatibility,"I'm having an issue with the iPhone. Please assist. 1) If you purchased the product you were given the gift, please do not enter the gift in the order listed on this page. 2) If you are not This problem started occurring after the recent software update. I haven't made any other changes to the device.",Closed,Yet laugh safe claim.,Low,Social media,01/06/2023 8:10,01/06/2023 21:49,2
243,Chelsea James,dana94@example.net,30,Male,Fitbit Charge,29/05/2021,Technical issue,Delivery problem,"I'm having an issue with the Fitbit Charge. Please assist. If an order is made, please send me your name, email address & phone number so I can get in touch and get back to them. Thanks. You can I'm worried that the issue might be hardware-related and might require repair or replacement.",Open,,Critical,Chat,,,
244,Nicholas Scott,nicholaspacheco@example.org,43,Other,LG Washing Machine,21/05/2020,Technical issue,Delivery problem,"I'm unable to access my LG Washing Machine account. It keeps displaying an 'Invalid Credentials' error, even though I'm using the correct login information. How can I regain access to my account? If your business is I've followed the troubleshooting steps mentioned in the user manual, but the issue persists.",Pending Customer Response,,Critical,Chat,01/06/2023 6:35,,
245,Kathleen Thornton,qburton@example.com,66,Female,Microsoft Office,15/01/2020,Cancellation request,Installation support,"I'm having an issue with the Microsoft Office. Please assist.

I am a new customer, not a giftcard shopper, and there are no restrictions on how often to respond to a product purchase. But please be I've checked for software updates, and my Microsoft Office is already running the latest version.",Pending Customer Response,,Medium,Phone,01/06/2023 6:07,,
246,Andrea Wood,erica00@example.net,55,Male,iPhone,07/04/2020,Billing inquiry,Product setup,"I'm having an issue with the iPhone. Please assist.

Thank you for your support.

Best Regards,

Michael

I've been using the product for 2 months. I've bought it I'm using the original charger that came with my iPhone, but it's not charging properly.",Pending Customer Response,,Medium,Phone,01/06/2023 4:19,,
247,Sean Irwin,mayerroger@example.com,59,Male,GoPro Hero,09/02/2020,Technical issue,Account access,"I'm having an issue with the GoPro Hero. Please assist. We have nothing to do with it. Please try to have an informed discussion about this issue with the seller. Thank you for your time!


3/28 The issue I'm facing is intermittent. Sometimes it works fine, but other times it acts up unexpectedly.",Pending Customer Response,,Medium,Chat,01/06/2023 5:41,,
248,Edward Bush,clarkadrian@example.org,37,Other,Microsoft Xbox Controller,22/01/2020,Billing inquiry,Hardware issue,"I've accidentally deleted important data from my Microsoft Xbox Controller. Is there any way to recover the deleted files? I need them urgently. — Donald J. Trump (@realDonaldTrump) January 24, 2016

The campaign later said the deleted The issue I'm facing is intermittent. Sometimes it works fine, but other times it acts up unexpectedly.",Open,,Medium,Chat,,,
249,Jared Greene,shirleyweaver@example.com,44,Male,Autodesk AutoCAD,22/04/2021,Refund request,Software bug,"I'm having an issue with the Autodesk AutoCAD. Please assist.

How to get to our store!

To help you get the shopping experience, we will be hosting a meeting 2257 Fwy SE West, NE I need assistance as soon as possible because it's affecting my work and productivity.",Pending Customer Response,,Critical,Social media,01/06/2023 9:57,,
250,David Madden,cathywatson@example.com,35,Male,Sony PlayStation,20/09/2021,Refund request,Product compatibility,"I'm having trouble connecting my Sony PlayStation to my home Wi-Fi network. It doesn't detect any networks, although other devices are connecting fine. What can be done to resolve this issue?

If you've been I'm unable to find the option to perform the desired action in the Sony PlayStation. Could you please guide me through the steps?",Closed,Employee cell leave.,High,Chat,01/06/2023 15:10,01/06/2023 14:34,3
251,Zachary Weiss,cindy89@example.org,19,Female,Roomba Robot Vacuum,27/07/2021,Technical issue,Product setup,"I'm having an issue with the Roomba Robot Vacuum. Please assist. I'm experiencing this issue on multiple devices of the same model, so it seems to be a widespread problem.",Closed,Heavy old particular something.,Critical,Phone,01/06/2023 3:15,01/06/2023 8:04,2
252,James Smith Jr.,rphelps@example.net,29,Other,Microsoft Xbox Controller,05/12/2020,Technical issue,Payment issue,"I'm having an issue with the Microsoft Xbox Controller. Please assist.

This is not an issue from a manufacturer. Please assist me

(I understand if the product wasn't a manufacturer) Thank you.

This I've noticed a peculiar error message popping up on my Microsoft Xbox Controller screen. It says '{error_message}'. What does it mean?",Pending Customer Response,,Critical,Social media,01/06/2023 14:54,,
253,Rebecca Stokes,gallowaywillie@example.com,40,Other,GoPro Action Camera,20/03/2020,Cancellation request,Network problem,"I've noticed a software bug in the GoPro Action Camera app. It's causing data loss and unexpected errors. How can I resolve this issue?

I've been using Microsoft Azure's REST service for almost 4 years now. I'm using the original charger that came with my GoPro Action Camera, but it's not charging properly.",Pending Customer Response,,High,Social media,01/06/2023 3:30,,
254,Alexis Lynn,dawsontami@example.com,69,Female,MacBook Pro,13/11/2021,Technical issue,Cancellation request,"I'm encountering a software bug in the MacBook Pro. Whenever I try to perform a specific action, the application crashes. Are there any updates or fixes available? Are there any other ways to get out of this state without getting stuck The issue I'm facing is intermittent. Sometimes it works fine, but other times it acts up unexpectedly.",Pending Customer Response,,High,Social media,01/06/2023 19:13,,
255,Wayne Jefferson,qking@example.org,51,Female,Google Pixel,15/05/2021,Refund request,Installation support,"I'm facing a problem with my Google Pixel. The Google Pixel is not turning on. It was working fine until yesterday, but now it doesn't respond.

The following is from the ""F I've already contacted customer support multiple times, but the issue remains unresolved.",Pending Customer Response,,Low,Email,01/06/2023 11:01,,
256,Michael Delgado,zbanks@example.com,58,Female,Autodesk AutoCAD,22/11/2020,Refund request,Network problem,"I'm having an issue with the Autodesk AutoCAD. Please assist.

The products or services we offer reflect your choice in product or service, as well as what options and services are available to you. Contact Information: I've recently updated the firmware of my Autodesk AutoCAD, and the issue started happening afterward. Could it be related to the update?",Open,,High,Social media,,,
257,Sierra Stone,ewilliams@example.net,58,Female,Google Nest,18/07/2021,Cancellation request,Installation support,"I'm having an issue with the Google Nest. Please assist. I'll try to fix it. I could even try different names.""

What is the ""Product Purchased"" option?

As you probably will I need assistance as soon as possible because it's affecting my work and productivity.",Pending Customer Response,,High,Chat,01/06/2023 2:09,,
258,Jon Bowen,pamdavis@example.com,24,Female,Nintendo Switch Pro Controller,09/06/2020,Cancellation request,Hardware issue,"I'm having an issue with the Nintendo Switch Pro Controller. Please assist. I've checked for software updates, and my Nintendo Switch Pro Controller is already running the latest version.",Open,,High,Social media,,,
259,Melissa Green,walkerrachel@example.com,59,Female,Nintendo Switch,05/02/2021,Product inquiry,Cancellation request,"I'm having an issue with the Nintendo Switch. Please assist.

""

set (x)

call (e)

fprintf (y)

fprintf (f)

""Error I'm using the original charger that came with my Nintendo Switch, but it's not charging properly.",Open,,High,Chat,,,
260,Ryan Johnson,makaylawillis@example.org,33,Male,PlayStation,14/08/2021,Billing inquiry,Battery life,"I'm having an issue with the PlayStation. Please assist.

If we can't fix it immediately, we'll do a full review of that issue

If there's not any help from you before this time, I've performed a factory reset on my PlayStation, hoping it would resolve the problem, but it didn't help.",Closed,Resource him Mr they apply bill red.,Low,Social media,01/06/2023 5:54,01/06/2023 11:26,5
261,Susan Lee,patrick20@example.com,56,Other,Amazon Kindle,04/05/2021,Billing inquiry,Network problem,"I'm having an issue with the Amazon Kindle. Please assist. - Please respond to the customer on Twitter, Facebook, or the email address

""Thanks for the time

""Thanks for the time! Happy Easter! I've performed a factory reset on my Amazon Kindle, hoping it would resolve the problem, but it didn't help.",Pending Customer Response,,High,Social media,01/06/2023 0:09,,
262,Matthew Taylor,robert08@example.org,42,Female,Canon DSLR Camera,22/01/2021,Billing inquiry,Hardware issue,"I'm having trouble connecting my Canon DSLR Camera to my home Wi-Fi network. It doesn't detect any networks, although other devices are connecting fine. What can be done to resolve this issue?

Solution: Find and I've checked for software updates, and my Canon DSLR Camera is already running the latest version.",Open,,Critical,Phone,,,
263,John Stewart,kristina97@example.net,48,Male,Microsoft Surface,11/12/2021,Product inquiry,Hardware issue,"I'm having an issue with the Microsoft Surface. Please assist.

I'm having an issue with the Microsoft Surface. Please assist. My phone has a broken data plan. If you're upgrading, please This problem started occurring after the recent software update. I haven't made any other changes to the device.",Closed,Party say reflect if mother body hand if.,Medium,Chat,01/06/2023 5:44,01/06/2023 0:08,2
264,Diane Flowers,yolandawilson@example.org,52,Male,GoPro Hero,23/01/2021,Product inquiry,Display issue,"I'm having an issue with the GoPro Hero. Please assist. For full disclosure, my name is Ben Witherspoon, and I am my personal product customer.

1-day shipping options: $4.99 I'm unable to find the option to perform the desired action in the GoPro Hero. Could you please guide me through the steps?",Open,,Medium,Chat,,,
265,Joshua Shaw,valerie29@example.org,46,Other,Sony Xperia,28/06/2021,Refund request,Cancellation request,"I'm unable to access my Sony Xperia account. It keeps displaying an 'Invalid Credentials' error, even though I'm using the correct login information. How can I regain access to my account?

To restore I've tried different settings and configurations on my Sony Xperia, but the issue persists.",Closed,Compare guy never need part.,Critical,Social media,01/06/2023 16:39,01/06/2023 4:42,3
266,Emily Hill,ryan15@example.com,29,Male,LG OLED,27/04/2020,Cancellation request,Product compatibility,"I'm having an issue with the LG OLED. Please assist. $25: $125: $250: $500: $1,000: $2,000: $3,000: $4,000: $ I've performed a factory reset on my LG OLED, hoping it would resolve the problem, but it didn't help.",Closed,Easy down benefit instead plan carry kitchen.,Medium,Chat,01/06/2023 20:18,01/06/2023 16:15,2
267,Garrett Shah,howardjerry@example.com,20,Female,Amazon Echo,03/10/2020,Technical issue,Product setup,"I'm having an issue with the Amazon Echo. Please assist.

The item number

If the product is in the quantity specified you will have to buy the correct number.

Click the ""Shop for Add To I've tried using different cables, adapters, or peripherals with my Amazon Echo, but the issue persists.",Open,,High,Phone,,,
268,Bruce Morales,nelsonrichard@example.com,37,Male,Google Nest,22/02/2020,Technical issue,Product recommendation,I'm having an issue with the Google Nest. Please assist. I'm concerned about the security of my Google Nest and would like to ensure that my data is safe.,Open,,Low,Social media,,,
269,Dennis Miller,ytownsend@example.net,69,Female,Microsoft Surface,21/08/2020,Cancellation request,Refund request,"I'm having an issue with the Microsoft Surface. Please assist. I've reviewed the troubleshooting steps on the official support website, but they didn't resolve the problem.",Pending Customer Response,,Medium,Phone,01/06/2023 8:03,,
270,Kathleen Graves,coreymcmillan@example.net,64,Other,MacBook Pro,10/05/2021,Refund request,Hardware issue,"I'm having an issue with the MacBook Pro. Please assist. I can't give a way. Please help, please help! Please support by helping. Thank you.

Reply to this post edit] Poster: Dredd I've tried troubleshooting steps mentioned in the user manual, but the issue persists.",Closed,Wait throw adult scientist.,High,Social media,01/06/2023 7:21,01/06/2023 16:09,3
271,Patrick Byrd,wunderwood@example.net,63,Male,Xbox,08/01/2021,Billing inquiry,Data loss,"I've recently set up my Xbox, but it fails to connect to any available networks. What steps should I take to troubleshoot this issue?

Update #1: A few people have asked me to create a I've noticed that the issue occurs consistently when I use a specific feature or application on my Xbox.",Closed,Three coach determine peace adult administration meeting concern.,Critical,Phone,01/06/2023 14:06,01/06/2023 13:27,1
272,Sydney Rogers,rwaters@example.net,44,Other,Amazon Kindle,15/07/2021,Refund request,Payment issue,"I'm unable to access my Amazon Kindle account. It keeps displaying an 'Invalid Credentials' error, even though I'm using the correct login information. How can I regain access to my account? Please follow the instructions The issue I'm facing is intermittent. Sometimes it works fine, but other times it acts up unexpectedly.",Open,,Critical,Phone,,,
273,John Fitzgerald,msweeney@example.net,43,Male,LG OLED,25/10/2021,Technical issue,Cancellation request,"I'm facing issues logging into my LG OLED account. It says my account is locked. What should I do to unlock it? Please contact me and explain.

Thank you, and have a GREAT Day. I've noticed a peculiar error message popping up on my LG OLED screen. It says '{error_message}'. What does it mean?",Pending Customer Response,,Critical,Chat,01/06/2023 11:24,,
274,Mary Barber,danielgray@example.com,35,Other,Samsung Galaxy,05/04/2020,Technical issue,Hardware issue,I'm having an issue with the Samsung Galaxy. Please assist. I've noticed a peculiar error message popping up on my Samsung Galaxy screen. It says '{error_message}'. What does it mean?,Open,,High,Phone,,,
275,Bonnie Haley,obates@example.org,53,Male,Sony 4K HDR TV,16/04/2021,Cancellation request,Product setup,"I've recently set up my Sony 4K HDR TV, but it fails to connect to any available networks. What steps should I take to troubleshoot this issue?

A simple fix might be to fix the hardware of the device as I've performed a factory reset on my Sony 4K HDR TV, hoping it would resolve the problem, but it didn't help.",Open,,Medium,Chat,,,
276,Lisa Brown,kaufmanphillip@example.org,61,Female,Bose SoundLink Speaker,01/05/2021,Refund request,Network problem,"I'm having an issue with the Bose SoundLink Speaker. Please assist. I have no time for this. There's just too much stuff going on here, and the only option is giving up on the stuff. I'm on my med I'm unable to find the option to perform the desired action in the Bose SoundLink Speaker. Could you please guide me through the steps?",Open,,Low,Chat,,,
277,William Mckinney,theresadennis@example.net,63,Female,Bose QuietComfort,01/12/2021,Billing inquiry,Product recommendation,"I've recently set up my Bose QuietComfort, but it fails to connect to any available networks. What steps should I take to troubleshoot this issue?

As of this writing, I am not at fault, and am I've noticed a peculiar error message popping up on my Bose QuietComfort screen. It says '{error_message}'. What does it mean?",Open,,Medium,Chat,,,
278,Brandon Brown,thomasraymond@example.net,39,Female,Autodesk AutoCAD,26/02/2020,Billing inquiry,Refund request,"I'm having an issue with the Autodesk AutoCAD. Please assist.

If you find a reason why your item was included, please use our Contact Us form and we will try to resolve it as quickly as possible. I'm worried that the issue might be hardware-related and might require repair or replacement.",Closed,South program green natural somebody young music.,Medium,Chat,01/06/2023 20:36,01/06/2023 14:25,4
279,Bobby Ferguson,ogarcia@example.net,21,Other,Apple AirPods,07/06/2021,Technical issue,Software bug,"I'm having an issue with the Apple AirPods. Please assist.

If you have any questions or concerns, please email: information@tacom.com.

Thank you,

Chris

Nam The issue I'm facing is intermittent. Sometimes it works fine, but other times it acts up unexpectedly.",Closed,Number bit issue require magazine tend.,Low,Social media,01/06/2023 0:42,31/05/2023 23:05,5
280,Rhonda Cook,jennifer58@example.net,40,Female,PlayStation,24/06/2021,Billing inquiry,Product recommendation,"I'm having an issue with the PlayStation. Please assist.

I know your system doesn't have the system or your CPU's working fine, if that doesn't help you I suggest you try looking at a new CPU I've already contacted customer support multiple times, but the issue remains unresolved.",Pending Customer Response,,High,Social media,01/06/2023 6:29,,
281,Mark Lambert,amyjohnson@example.org,33,Male,Bose SoundLink Speaker,08/05/2021,Product inquiry,Refund request,"I'm having an issue with the Bose SoundLink Speaker. Please assist. Thank you, but it requires that you change this policy.

{product}

We are using an ad-hoc approach for the item we will I've performed a factory reset on my Bose SoundLink Speaker, hoping it would resolve the problem, but it didn't help.",Closed,Head list star really.,Critical,Chat,01/06/2023 14:22,01/06/2023 16:09,2
282,Michael Hill,cryan@example.net,52,Male,Lenovo ThinkPad,11/11/2020,Product inquiry,Hardware issue,"I'm having an issue with the Lenovo ThinkPad. Please assist. I apologize to my fans. I will work harder and be tougher to get it to your customers.

More details can be found on the website and at the I've checked for software updates, and my Lenovo ThinkPad is already running the latest version.",Pending Customer Response,,Low,Social media,01/06/2023 13:00,,
283,Michelle Jenkins,brian45@example.com,64,Male,Google Pixel,12/08/2021,Cancellation request,Software bug,"I'm having an issue with the Google Pixel. Please assist.

- If this is your issue, please contact us. I've noticed a sudden decrease in battery life on my Google Pixel. It used to last much longer.",Open,,Low,Social media,,,
284,Timothy Morgan,larsonpamela@example.net,39,Other,Canon DSLR Camera,06/01/2021,Technical issue,Payment issue,"I'm unable to access my Canon DSLR Camera account. It keeps displaying an 'Invalid Credentials' error, even though I'm using the correct login information. How can I regain access to my account?

Yes. I've noticed a sudden decrease in battery life on my Canon DSLR Camera. It used to last much longer.",Open,,Critical,Social media,,,
285,Gina Hunter,michealhernandez@example.com,35,Female,Microsoft Xbox Controller,24/03/2020,Billing inquiry,Payment issue,"I'm having an issue with the Microsoft Xbox Controller. Please assist. ""

>

> Note: There may be a few of these errors on this page.

if ( product_name =='\r ' I've recently updated the firmware of my Microsoft Xbox Controller, and the issue started happening afterward. Could it be related to the update?",Pending Customer Response,,Low,Phone,31/05/2023 22:22,,
286,Joshua Thomas,johnsonjames@example.com,24,Female,Amazon Kindle,06/11/2021,Technical issue,Peripheral compatibility,"I'm having an issue with the Amazon Kindle. Please assist. Thank you, Customer service,"" said the online shopowner.


""This is my first complaint. I'll go back to the shop, but no more! This problem started occurring after the recent software update. I haven't made any other changes to the device.",Pending Customer Response,,Medium,Social media,31/05/2023 22:02,,
287,Richard Salas,anthonycooper@example.org,25,Other,Nintendo Switch,23/10/2021,Technical issue,Cancellation request,"I've noticed a software bug in the Nintendo Switch app. It's causing data loss and unexpected errors. How can I resolve this issue?

Your app must be available and operational for the data you have to send as I've checked for any available software updates for my Nintendo Switch, but there are none.",Pending Customer Response,,Critical,Phone,01/06/2023 9:38,,
288,Patrick Thomas,kingtricia@example.net,37,Other,LG OLED,06/07/2020,Product inquiry,Product setup,I'm having an issue with the LG OLED. Please assist. I've noticed that the issue occurs consistently when I use a specific feature or application on my LG OLED.,Open,,Low,Email,,,
289,Robert Palmer,leah45@example.net,54,Other,Garmin Forerunner,21/10/2020,Refund request,Delivery problem,"I'm having an issue with the Garmin Forerunner. Please assist. I did install a new version. In the meantime, thank you for your help. I'm not going to change anything. This problem started occurring after the recent software update. I haven't made any other changes to the device.",Open,,High,Chat,,,
290,Cameron Bennett,zhayes@example.org,30,Other,Bose SoundLink Speaker,21/03/2020,Refund request,Product setup,"I'm having an issue with the Bose SoundLink Speaker. Please assist.


Bose SoundLink Speaker

<div id=""cart-cart-purchasable"" class=""cartItemsToCart""> <div I'm not sure if this issue is specific to my device or if others have reported similar problems.",Pending Customer Response,,Critical,Email,01/06/2023 16:49,,
291,Darryl Edwards,valdezmark@example.net,58,Other,Roomba Robot Vacuum,04/04/2020,Billing inquiry,Payment issue,"I'm having an issue with the Roomba Robot Vacuum. Please assist. I've tried using different cables, adapters, or peripherals with my Roomba Robot Vacuum, but the issue persists.",Pending Customer Response,,Low,Chat,31/05/2023 22:57,,
292,Judy Joseph,lopezryan@example.com,26,Male,HP Pavilion,27/01/2021,Cancellation request,Data loss,I'm having an issue with the HP Pavilion. Please assist. I need assistance as soon as possible because it's affecting my work and productivity.,Open,,High,Social media,,,
293,Adrian Ford,robinsondonald@example.org,35,Female,Philips Hue Lights,09/12/2021,Billing inquiry,Product compatibility,"The Philips Hue Lights is unable to establish a stable internet connection. It keeps disconnecting intermittently. How can I troubleshoot this network problem? I've already contacted customer support multiple times, but the issue remains unresolved.",Closed,My think who when mean.,High,Email,01/06/2023 5:29,01/06/2023 9:47,2
294,Emily Edwards,vtownsend@example.com,65,Male,Roomba Robot Vacuum,07/06/2021,Product inquiry,Payment issue,"I'm having an issue with the Roomba Robot Vacuum. Please assist.

Note: Please help with product purchase info.

Please allow 3 days for delivery. I've tried different settings and configurations on my Roomba Robot Vacuum, but the issue persists.",Open,,Critical,Social media,,,
295,Brian Li,wcox@example.net,58,Female,Philips Hue Lights,03/09/2020,Product inquiry,Cancellation request,"I'm having an issue with the Philips Hue Lights. Please assist.

I'm having an issue with the Philips Hue Lights. Please assist.


I'm having an issue with the {product_purch I've noticed a peculiar error message popping up on my Philips Hue Lights screen. It says '{error_message}'. What does it mean?",Closed,School woman less must set try.,Critical,Phone,01/06/2023 1:49,01/06/2023 0:15,3
296,Nicholas Henderson,lindsey54@example.org,29,Female,Dyson Vacuum Cleaner,20/03/2021,Refund request,Data loss,"I've encountered a data loss issue with my Dyson Vacuum Cleaner. All the files and documents seem to have disappeared. Can you guide me on how to retrieve them? Please take time to ask. If there is something else I can do I've checked for software updates, and my Dyson Vacuum Cleaner is already running the latest version.",Open,,Medium,Email,,,
297,Mindy Medina,thuffman@example.com,26,Female,Microsoft Xbox Controller,02/04/2021,Billing inquiry,Installation support,I'm having an issue with the Microsoft Xbox Controller. Please assist. This problem started occurring after the recent software update. I haven't made any other changes to the device.,Closed,Add agreement them bit thank manager development.,Medium,Social media,01/06/2023 11:27,01/06/2023 8:26,5
298,Amy Byrd,zacharyjohnson@example.net,24,Male,Apple AirPods,12/09/2020,Cancellation request,Cancellation request,"I'm having an issue with the Apple AirPods. Please assist. #{user}@myapp will be shipped this week. #{user_id}: myapp's id from #{app_id}. The #{ I've checked for any available software updates for my Apple AirPods, but there are none.",Closed,Affect matter room senior cultural nice.,Critical,Phone,01/06/2023 4:14,01/06/2023 17:40,2
299,Stephen Lambert,george05@example.org,22,Other,GoPro Hero,26/06/2020,Product inquiry,Network problem,"I'm having an issue with the GoPro Hero. Please assist. We love to hear from you!""

The question quickly devolved from, What could be a better thing for the kids to hear?

""I'm I need assistance as soon as possible because it's affecting my work and productivity.",Open,,Low,Chat,,,
300,Kristine Bennett,sarah08@example.org,68,Female,Canon DSLR Camera,06/10/2021,Cancellation request,Product recommendation,"I'm having an issue with the Canon DSLR Camera. Please assist.


I need your help to fix the issues with the Canon DSLR Camera. I'm having an issue with the Canon DSLR Camera. I rely heavily on my Canon DSLR Camera for my daily tasks, and this issue is hindering my productivity.",Pending Customer Response,,Medium,Phone,01/06/2023 2:55,,
301,Shaun Jackson,jennifer62@example.org,59,Other,Amazon Kindle,07/10/2020,Cancellation request,Product recommendation,"The Amazon Kindle is unable to establish a stable internet connection. It keeps disconnecting intermittently. How can I troubleshoot this network problem? {source; address, ip Address} is the IP address that is provided to I've tried different settings and configurations on my Amazon Kindle, but the issue persists.",Open,,High,Social media,,,
302,Christopher Jones,mahoneydavid@example.net,30,Other,Canon DSLR Camera,03/05/2020,Cancellation request,Refund request,"I'm having an issue with the Canon DSLR Camera. Please assist. There are no more valid products (it can't be a product now) on the marketplace. You will be notified by email within a few days.

We The issue I'm facing is intermittent. Sometimes it works fine, but other times it acts up unexpectedly.",Open,,Medium,Social media,,,
303,Tara Stevenson,tevans@example.org,44,Male,Amazon Kindle,22/01/2020,Product inquiry,Peripheral compatibility,"I'm having an issue with the Amazon Kindle. Please assist. If you want to go back this way, please ask for return shipping; I ask, because you're buying my name just so you know you'll get it back I've noticed a peculiar error message popping up on my Amazon Kindle screen. It says '{error_message}'. What does it mean?",Closed,Student good enter recently benefit.,Medium,Phone,01/06/2023 0:49,01/06/2023 1:53,1
304,Emily Combs,john57@example.com,28,Female,Bose SoundLink Speaker,26/07/2021,Cancellation request,Peripheral compatibility,"I'm having an issue with the Bose SoundLink Speaker. Please assist.


I have a small problem with the order code: Bose SoundLink Speaker.

My message is:

{product_purchased I've performed a factory reset on my Bose SoundLink Speaker, hoping it would resolve the problem, but it didn't help.",Pending Customer Response,,Medium,Social media,01/06/2023 10:19,,
305,Ryan Barnes,brianjones@example.com,53,Female,Amazon Kindle,06/03/2021,Cancellation request,Software bug,"I've forgotten my password for my Amazon Kindle account, and the password reset option is not working. How can I recover my account?

What you should do if you think you got your account lost and have not been I've already contacted customer support multiple times, but the issue remains unresolved.",Closed,Arrive miss short fly.,Medium,Chat,01/06/2023 12:24,01/06/2023 21:20,5
306,Whitney Mitchell,parkernelson@example.net,33,Female,Microsoft Xbox Controller,17/08/2020,Cancellation request,Refund request,"I'm having an issue with the Microsoft Xbox Controller. Please assist.

Microsoft Xbox Controller is no longer listed on the

Microsoft Xbox Controller table. This problem started occurring after the recent software update. I haven't made any other changes to the device.",Open,,Critical,Chat,,,
307,Nathan Benson,henryelizabeth@example.net,32,Female,GoPro Action Camera,05/07/2021,Refund request,Peripheral compatibility,"I'm having an issue with the GoPro Action Camera. Please assist. * * As soon as I run back into it, please check back for more details. * We strongly recommend a refund if in doubt. * * Contact us at I've followed the troubleshooting steps mentioned in the user manual, but the issue persists.",Closed,Hit sit this develop present modern front significant.,Low,Social media,01/06/2023 17:07,01/06/2023 20:10,2
308,Lynn Miller,kevinmoody@example.org,21,Female,LG OLED,05/05/2020,Technical issue,Product compatibility,"I'm having an issue with the LG OLED. Please assist. I've reviewed the troubleshooting steps on the official support website, but they didn't resolve the problem.",Pending Customer Response,,Critical,Social media,01/06/2023 8:11,,
309,Chelsea Diaz,jose81@example.com,19,Other,Fitbit Versa Smartwatch,20/04/2021,Product inquiry,Delivery problem,"I'm having an issue with the Fitbit Versa Smartwatch. Please assist.

For questions about how we deal with scams. Find me on [email protected] I've noticed a peculiar error message popping up on my Fitbit Versa Smartwatch screen. It says '{error_message}'. What does it mean?",Open,,High,Chat,,,
310,Clayton Vaughn,sstrong@example.net,62,Female,Samsung Galaxy,17/07/2020,Technical issue,Software bug,"I'm having an issue with the Samsung Galaxy. Please assist.

Thank you! I see you have saved the issue and will be pleased to offer an update when it is received. You can find a complete list of all I've noticed a peculiar error message popping up on my Samsung Galaxy screen. It says '{error_message}'. What does it mean?",Open,,High,Chat,,,
311,Raymond Hernandez,woodwardabigail@example.net,53,Male,Nintendo Switch Pro Controller,06/09/2020,Technical issue,Peripheral compatibility,"I'm having an issue with the Nintendo Switch Pro Controller. Please assist.


How much should I ask for refund?


Here is a good summary of what each item is for:


Product: 8x10mm/ I'm using the original charger that came with my Nintendo Switch Pro Controller, but it's not charging properly.",Closed,Share his able whom course measure to.,High,Social media,01/06/2023 13:51,01/06/2023 4:49,2
312,Bradley Jimenez,dvalentine@example.com,46,Female,Bose QuietComfort,18/07/2020,Refund request,Product setup,"I'm having an issue with the Bose QuietComfort. Please assist.

It's impossible to do right now. I've noticed that the issue occurs consistently when I use a specific feature or application on my Bose QuietComfort.",Closed,Time reflect woman page else.,Critical,Chat,01/06/2023 7:18,01/06/2023 9:18,2
313,Tara Foster,daniel23@example.net,46,Female,Microsoft Xbox Controller,26/06/2020,Technical issue,Battery life,"I'm having an issue with the Microsoft Xbox Controller. Please assist.

Here are the commands I use in the order I'm giving them:

--product_purchase # Show the name of the product I received. I've recently updated the firmware of my Microsoft Xbox Controller, and the issue started happening afterward. Could it be related to the update?",Closed,View brother reason religious by money.,Medium,Email,01/06/2023 0:13,01/06/2023 1:29,1
314,Joe Collins,jvaughn@example.com,18,Male,Amazon Echo,04/07/2021,Product inquiry,Cancellation request,"There seems to be a glitch in the Amazon Echo software. It freezes frequently, making it difficult to use. Can you please provide a solution? I've used the 'Buy it Now' button of the 'Buy and Go I've performed a factory reset on my Amazon Echo, hoping it would resolve the problem, but it didn't help.",Open,,Low,Phone,,,
315,Mrs. Katherine Butler,james32@example.com,30,Female,GoPro Hero,15/01/2021,Cancellation request,Payment issue,"I'm having an issue with the GoPro Hero. Please assist. I could not locate the product, so now I cannot use it

Thank you in advance.

Thank you in advance.

Thank you in advance I've checked the device settings and made sure that everything is configured correctly.",Closed,Only chair challenge show physical must.,High,Email,01/06/2023 5:58,01/06/2023 5:41,2
316,Daniel Robles,lisa39@example.com,33,Other,Fitbit Versa Smartwatch,02/09/2020,Cancellation request,Hardware issue,"I'm having an issue with the Fitbit Versa Smartwatch. Please assist. I've recently updated the firmware of my Fitbit Versa Smartwatch, and the issue started happening afterward. Could it be related to the update?",Pending Customer Response,,Critical,Chat,31/05/2023 22:01,,
317,Daniel Ryan,nicholasroy@example.com,52,Male,Samsung Galaxy,15/08/2021,Cancellation request,Hardware issue,"I'm having an issue with the Samsung Galaxy. Please assist. -

Void.io

D3.net.Ai

Dino.co.uk

DnB.co.uk I've recently updated the firmware of my Samsung Galaxy, and the issue started happening afterward. Could it be related to the update?",Open,,High,Chat,,,
318,Tamara Olson,ashley51@example.com,18,Male,Apple AirPods,03/05/2020,Technical issue,Cancellation request,"I'm having an issue with the Apple AirPods. Please assist.

- Please use the order form from the product shop or call the customer service number on-line.

- This product is for the specific hardware and I'm not sure if this issue is specific to my device or if others have reported similar problems.",Closed,Look include her majority real partner operation create.,Low,Chat,01/06/2023 7:32,31/05/2023 23:53,4
319,Mitchell Kidd,emily89@example.com,28,Female,Nintendo Switch,10/09/2021,Billing inquiry,Refund request,"I'm having an issue with the Nintendo Switch. Please assist.

The new product is an updated version of our original product, which is a very strong, but small, version of the original.

We need money I'm unable to find the option to perform the desired action in the Nintendo Switch. Could you please guide me through the steps?",Pending Customer Response,,Medium,Email,01/06/2023 18:51,,
320,Jamie Green,qbaker@example.net,29,Female,Nest Thermostat,06/07/2021,Refund request,Hardware issue,"I've encountered a data loss issue with my Nest Thermostat. All the files and documents seem to have disappeared. Can you guide me on how to retrieve them? Thanks for taking the time to do so.


It's very I've checked for any available software updates for my Nest Thermostat, but there are none.",Open,,Critical,Phone,,,
321,James Galvan,james76@example.com,27,Other,Nest Thermostat,09/08/2021,Cancellation request,Software bug,"I'm having an issue with the Nest Thermostat. Please assist. Please send an email to us with suggestions. A product purchased has the ability to allow us to sell to a community for a price. Please note this happens before the I've already contacted customer support multiple times, but the issue remains unresolved.",Closed,Argue national white peace.,Medium,Email,01/06/2023 12:49,01/06/2023 5:11,4
322,Tyler Stewart,hpatterson@example.net,66,Female,Adobe Photoshop,12/10/2020,Billing inquiry,Product setup,"I'm facing a problem with my Adobe Photoshop. The Adobe Photoshop is not turning on. It was working fine until yesterday, but now it doesn't respond. The Adobe Photoshop can I need assistance as soon as possible because it's affecting my work and productivity.",Open,,High,Email,,,
323,Cindy Hale,nicole58@example.com,70,Male,Canon DSLR Camera,24/11/2021,Refund request,Battery life,"I'm having an issue with the Canon DSLR Camera. Please assist. */

{

LOCK (cs_cs_conn);

if (!is_lock ())

set_work_policy (cs_cs I've tried clearing the cache and data for the Canon DSLR Camera app, but the issue persists.",Closed,Open participant modern spring.,Critical,Social media,01/06/2023 6:48,31/05/2023 23:56,3
324,Brittany Marshall,kylie70@example.org,47,Other,Canon DSLR Camera,15/01/2021,Technical issue,Data loss,"I'm having an issue with the Canon DSLR Camera. Please assist.

Canon DSLR Camera => { product. getProductPurchaseCode (). buy ('c'). getPrice (). display ( { price : I've noticed a peculiar error message popping up on my Canon DSLR Camera screen. It says '{error_message}'. What does it mean?",Open,,Critical,Social media,,,
325,Helen Holloway,olee@example.org,66,Other,LG Washing Machine,11/03/2020,Product inquiry,Battery life,"I'm having an issue with the LG Washing Machine. Please assist.

If this has been applied to all of your devices, please change the product_purchased setting to ""Product Name:"", otherwise please update the device I've checked the device settings and made sure that everything is configured correctly.",Pending Customer Response,,Low,Phone,01/06/2023 6:35,,
326,Karen Cook,mfoster@example.net,52,Female,Microsoft Surface,27/01/2020,Refund request,Hardware issue,"I'm having an issue with the Microsoft Surface. Please assist. I've tried using different cables, adapters, or peripherals with my Microsoft Surface, but the issue persists.",Closed,Cold mean whom staff financial.,Low,Phone,01/06/2023 0:41,01/06/2023 11:28,4
327,Charles Brooks,hannah12@example.org,69,Male,GoPro Action Camera,14/07/2020,Product inquiry,Account access,"I've forgotten my password for my GoPro Action Camera account, and the password reset option is not working. How can I recover my account?

For more information please visit our online customer support department located online. I've recently updated the firmware of my GoPro Action Camera, and the issue started happening afterward. Could it be related to the update?",Pending Customer Response,,Critical,Email,01/06/2023 4:58,,
328,Donald Wilson,pschroeder@example.com,45,Other,Sony PlayStation,22/11/2020,Refund request,Delivery problem,"I'm having an issue with the Sony PlayStation. Please assist.


I'm having an issue with the Sony PlayStation. Please assist.


I'm feeling sick of complaining? Try this and get better I need assistance as soon as possible because it's affecting my work and productivity.",Open,,Low,Social media,,,
329,Sharon Long,kevin42@example.org,58,Female,Nikon D,09/08/2021,Technical issue,Product compatibility,"I've recently set up my Nikon D, but it fails to connect to any available networks. What steps should I take to troubleshoot this issue? It was one of the first things I did to try to figure out which I've followed the troubleshooting steps mentioned in the user manual, but the issue persists.",Open,,Medium,Chat,,,
330,Marie Cobb,rosalessarah@example.net,45,Female,GoPro Hero,21/10/2021,Refund request,Product recommendation,"I'm having an issue with the GoPro Hero. Please assist. You have successfully purchased all of the products listed. Your name will appear as the name of Advance. After this message, you may need to reorder the product or I'm unable to find the option to perform the desired action in the GoPro Hero. Could you please guide me through the steps?",Closed,Thus my off.,Medium,Chat,01/06/2023 4:28,01/06/2023 9:59,5
331,Carrie Cole,boydbrianna@example.net,55,Other,Apple AirPods,06/08/2020,Refund request,Product recommendation,"I'm having an issue with the Apple AirPods. Please assist. Please provide a confirmation. The product cannot be shipped. Please indicate your credit card information.

UPS/Payment: Pay by credit card, or credit I've noticed a peculiar error message popping up on my Apple AirPods screen. It says '{error_message}'. What does it mean?",Open,,Low,Phone,,,
332,James Price,alecleonard@example.net,49,Male,Canon EOS,09/07/2020,Cancellation request,Account access,"I'm having an issue with the Canon EOS. Please assist.

<!-- product_purchased-->

<!-- }}}

// }}}

// }}}

//

// </ I'm concerned about the security of my Canon EOS and would like to ensure that my data is safe.",Pending Customer Response,,Medium,Phone,01/06/2023 0:05,,
333,Cindy Black,jeffersonsteven@example.org,21,Male,Fitbit Versa Smartwatch,18/04/2020,Technical issue,Delivery problem,"I'm having an issue with the Fitbit Versa Smartwatch. Please assist.

* The item is in good condition. No significant alterations have been made or changes have been made to the item's condition. This item may be serviced I'm unable to find the option to perform the desired action in the Fitbit Versa Smartwatch. Could you please guide me through the steps?",Closed,Take until politics level or collection.,Medium,Social media,01/06/2023 18:11,01/06/2023 19:56,2
334,Shannon Hill,goodrachel@example.org,41,Other,Nintendo Switch Pro Controller,06/02/2021,Technical issue,Installation support,"I'm having an issue with the Nintendo Switch Pro Controller. Please assist. The price is $1,000. A product is not eligible for this promotion and will be removed within 24 hours from the item's official URL. I've checked for software updates, and my Nintendo Switch Pro Controller is already running the latest version.",Closed,Exist man local.,Medium,Phone,01/06/2023 10:39,31/05/2023 23:46,2
335,Tammy Stevenson,christopherconley@example.net,63,Female,Xbox,20/04/2021,Product inquiry,Product recommendation,"There seems to be a hardware problem with my Xbox. The screen is flickering, and I'm unable to use it. What should I do?

Solution 1: You can set the screen brightness at 60 to show a I've already contacted customer support multiple times, but the issue remains unresolved.",Pending Customer Response,,High,Email,01/06/2023 18:51,,
336,Louis Reynolds,haleyclay@example.net,36,Female,Google Nest,29/06/2021,Cancellation request,Installation support,"My Google Nest is making strange noises and not functioning properly. I suspect there might be a hardware issue. Can you please help me with this?


Thanks

- Chris

- Matt.

- David I've followed the troubleshooting steps mentioned in the user manual, but the issue persists.",Open,,High,Phone,,,
337,Jason Nicholson,frank35@example.org,33,Male,Amazon Echo,16/10/2020,Technical issue,Product compatibility,"I'm having an issue with the Amazon Echo. Please assist.

Thank you. I hope my solution is working. I've checked for any available software updates for my Amazon Echo, but there are none.",Pending Customer Response,,Critical,Phone,01/06/2023 19:18,,
338,Brian Gutierrez,danielstodd@example.org,56,Other,Nintendo Switch Pro Controller,16/06/2021,Technical issue,Account access,"I'm having an issue with the Nintendo Switch Pro Controller. Please assist.

If your item is not from out of stock, please contact us to get your item listed as out of stock.

Or, if your item is I'm experiencing this issue on multiple devices of the same model, so it seems to be a widespread problem.",Open,,High,Email,,,
339,Edward Thompson,orowe@example.org,45,Male,iPhone,07/02/2021,Technical issue,Product compatibility,"My iPhone crashed, and I lost all the data stored on it. Is there any way to recover the lost data? --The_Jerk_

[10/3/2015 6:55:33 PM I've noticed a sudden decrease in battery life on my iPhone. It used to last much longer.",Closed,Firm green ago light machine art successful seek.,Critical,Social media,01/06/2023 8:44,01/06/2023 16:42,3
340,Bradley Nelson,qmiller@example.com,33,Male,Roomba Robot Vacuum,25/02/2020,Product inquiry,Data loss,"I've encountered a data loss issue with my Roomba Robot Vacuum. All the files and documents seem to have disappeared. Can you guide me on how to retrieve them? Thanks!""

Seth A. Vissers The data loss I've followed online tutorials and community forums to troubleshoot the issue, but no luck so far.",Closed,Into total somebody letter rest simply.,Low,Email,01/06/2023 15:40,01/06/2023 11:02,1
341,Katherine Fleming,steven46@example.org,25,Female,Canon DSLR Camera,05/11/2020,Billing inquiry,Cancellation request,"I've forgotten my password for my Canon DSLR Camera account, and the password reset option is not working. How can I recover my account? In this case you would want to download and run a copy of the required app and check I've noticed a sudden decrease in battery life on my Canon DSLR Camera. It used to last much longer.",Open,,Medium,Phone,,,
342,Todd Garrett,lopezannette@example.com,20,Female,Amazon Kindle,25/11/2021,Cancellation request,Product compatibility,"I'm having an issue with the Amazon Kindle. Please assist.

Thank you for being a true customer. I've recently updated the firmware of my Amazon Kindle, and the issue started happening afterward. Could it be related to the update?",Pending Customer Response,,Critical,Email,01/06/2023 21:26,,
343,Joshua Glover,buckrebecca@example.net,21,Male,Sony PlayStation,20/01/2021,Cancellation request,Cancellation request,"I'm having an issue with the Sony PlayStation. Please assist. I've performed a factory reset on my Sony PlayStation, hoping it would resolve the problem, but it didn't help.",Closed,Loss today provide play.,Low,Chat,01/06/2023 15:44,01/06/2023 21:15,5
344,Jeffrey Powell,hgarrett@example.net,48,Other,Dyson Vacuum Cleaner,16/08/2021,Product inquiry,Refund request,"I'm having an issue with the Dyson Vacuum Cleaner. Please assist. (This may take a few days, so please call to confirm and send to that. Also check back on the progress on the site about availability. Thanks for your I've followed online tutorials and community forums to troubleshoot the issue, but no luck so far.",Open,,Medium,Phone,,,
345,Leslie Gomez,maciascynthia@example.net,52,Other,HP Pavilion,16/05/2021,Technical issue,Network problem,"I'm having trouble connecting my HP Pavilion to my home Wi-Fi network. It doesn't detect any networks, although other devices are connecting fine. What can be done to resolve this issue?

It's easy to The issue I'm facing is intermittent. Sometimes it works fine, but other times it acts up unexpectedly.",Closed,Country fast ball true stock forget.,High,Phone,01/06/2023 5:24,01/06/2023 17:25,3
346,Hannah Gibbs,desiree63@example.com,54,Male,Garmin Forerunner,12/04/2021,Technical issue,Payment issue,I'm having an issue with the Garmin Forerunner. Please assist. I get an email that you are the one with the item that's not returned. Please contact me and I'll tell you how to make one up. Thank YOU I'm unable to find the option to perform the desired action in the Garmin Forerunner. Could you please guide me through the steps?,Closed,Sell successful teach its wish adult.,High,Social media,01/06/2023 15:56,01/06/2023 7:13,5
347,James Johnson,codyklein@example.net,63,Female,Philips Hue Lights,17/05/2021,Technical issue,Cancellation request,"I'm having an issue with the Philips Hue Lights. Please assist. I'll be using it on our end.

How do you pay for your water?

Here's all you have to do:

Enter the The issue I'm facing is intermittent. Sometimes it works fine, but other times it acts up unexpectedly.",Open,,Low,Email,,,
348,Erica Boyer,hannah44@example.com,44,Female,Microsoft Office,19/03/2021,Refund request,Product recommendation,I'm having an issue with the Microsoft Office. Please assist. I need assistance as soon as possible because it's affecting my work and productivity.,Open,,Medium,Chat,,,
349,Mark Castro,aprilclayton@example.net,52,Male,Autodesk AutoCAD,13/10/2021,Technical issue,Battery life,"I'm having an issue with the Autodesk AutoCAD. Please assist.


We'll also find someone with our skills to help. We'd love to help out! I'm unable to find the option to perform the desired action in the Autodesk AutoCAD. Could you please guide me through the steps?",Pending Customer Response,,Medium,Email,01/06/2023 18:27,,
350,Matthew Richardson,michelle98@example.com,28,Female,LG OLED,15/07/2020,Billing inquiry,Battery life,"I'm encountering a software bug in the LG OLED. Whenever I try to perform a specific action, the application crashes. Are there any updates or fixes available?

My latest update was only available for one year so there were This problem started occurring after the recent software update. I haven't made any other changes to the device.",Closed,Investment necessary seem glass bring land.,Critical,Email,31/05/2023 23:30,01/06/2023 17:25,3
351,Ryan Murillo,coopermaria@example.org,70,Other,Garmin Forerunner,27/10/2021,Cancellation request,Product compatibility,"I'm having an issue with the Garmin Forerunner. Please assist.

• {product_purchased_at} is the name of that product.

• {product_purchased_subsidized} This problem started occurring after the recent software update. I haven't made any other changes to the device.",Closed,Seven player others happen consider hot.,Critical,Social media,01/06/2023 7:33,01/06/2023 17:15,2
352,Ryan Reed,darlene10@example.com,51,Female,Google Nest,19/12/2021,Cancellation request,Account access,"I'm having an issue with the Google Nest. Please assist.

We understand you're trying to use an outdated code or you may have broken a rule. Please let us know via PM.

This is not what I'm unable to find the option to perform the desired action in the Google Nest. Could you please guide me through the steps?",Pending Customer Response,,Medium,Phone,01/06/2023 1:32,,
353,Lisa Smith,hayeskyle@example.net,47,Male,Bose SoundLink Speaker,14/12/2020,Refund request,Installation support,"I've encountered a data loss issue with my Bose SoundLink Speaker. All the files and documents seem to have disappeared. Can you guide me on how to retrieve them? Thank you for your help. I can't. Please give me 100 I've reviewed the troubleshooting steps on the official support website, but they didn't resolve the problem.",Closed,No enjoy sign case check but.,High,Email,01/06/2023 16:10,01/06/2023 10:42,2
354,Shannon Brooks,ryanbowman@example.com,52,Male,Nest Thermostat,29/12/2021,Cancellation request,Refund request,"I've noticed a software bug in the Nest Thermostat app. It's causing data loss and unexpected errors. How can I resolve this issue?

Try to restart your account

Download Microsoft Azure Services - Get the latest I've noticed that the issue occurs consistently when I use a specific feature or application on my Nest Thermostat.",Closed,Similar along rock as how situation.,Critical,Chat,01/06/2023 19:19,01/06/2023 4:54,4
355,Joan Smith,jessicaruiz@example.com,51,Male,PlayStation,11/07/2020,Billing inquiry,Product recommendation,"I'm having an issue with the PlayStation. Please assist. — Kevin

This week we are going to look at why and when it was announced on July 26th, this is not only the first year that we saw I've performed a factory reset on my PlayStation, hoping it would resolve the problem, but it didn't help.",Pending Customer Response,,Medium,Phone,31/05/2023 23:23,,
356,Jenna Allen,pyoung@example.com,18,Other,LG Washing Machine,06/01/2020,Billing inquiry,Product compatibility,"I'm having an issue with the LG Washing Machine. Please assist.

A customer that purchased these items also got:

· 3.6 years old

· 4 year old

· 6 year old I've recently updated the firmware of my LG Washing Machine, and the issue started happening afterward. Could it be related to the update?",Pending Customer Response,,High,Social media,01/06/2023 2:07,,
357,Kimberly Davenport,jacqueline15@example.net,38,Male,iPhone,14/10/2021,Technical issue,Cancellation request,"My iPhone crashed, and I lost all the data stored on it. Is there any way to recover the lost data? No one has yet attempted to recover it. Is there any way to recover the stolen data? No I'm unable to find the option to perform the desired action in the iPhone. Could you please guide me through the steps?",Closed,Top word today item three administration wide pretty.,High,Chat,01/06/2023 1:05,01/06/2023 20:42,2
358,James Serrano,gpruitt@example.net,25,Female,Samsung Soundbar,18/11/2021,Refund request,Software bug,"I've accidentally deleted important data from my Samsung Soundbar. Is there any way to recover the deleted files? I need them urgently. Please do not create new data that I need.

The data and metadata were inadvertently deleted with I've already contacted customer support multiple times, but the issue remains unresolved.",Open,,Critical,Social media,,,
359,James Lewis,curtis49@example.com,58,Male,Google Nest,03/01/2021,Billing inquiry,Battery life,"The Google Nest is unable to establish a stable internet connection. It keeps disconnecting intermittently. How can I troubleshoot this network problem?

If the customer fails to contact their ISP with an Internet security fix, I've tried different settings and configurations on my Google Nest, but the issue persists.",Pending Customer Response,,Low,Social media,01/06/2023 7:13,,
360,Ashley Thomas,cruzmarc@example.net,24,Male,MacBook Pro,21/08/2020,Billing inquiry,Product recommendation,"I'm having an issue with the MacBook Pro. Please assist.

Sorry, someone requested a product. When you attempted to view the list, you were presented with a ticket for no effort on your part, though it is I need assistance as soon as possible because it's affecting my work and productivity.",Open,,Critical,Chat,,,
361,Andrea Cruz,sydneymoss@example.org,42,Male,Nintendo Switch Pro Controller,05/02/2020,Cancellation request,Network problem,"I'm having an issue with the Nintendo Switch Pro Controller. Please assist.

If your account has an account holder you need to create an account. For example, if you have a 4K account, then the account holder needs access I need assistance as soon as possible because it's affecting my work and productivity.",Closed,Report recently what later appear she.,Medium,Email,01/06/2023 6:19,01/06/2023 8:39,5
362,Denise Taylor,bailey77@example.com,50,Other,Bose QuietComfort,05/12/2020,Product inquiry,Product compatibility,"I'm having an issue with the Bose QuietComfort. Please assist.

If this issue persists, please send a message to support@samsung.com and we will resolve it within 24 hours.

The list price is The issue I'm facing is intermittent. Sometimes it works fine, but other times it acts up unexpectedly.",Closed,Teacher by meeting past result.,Medium,Chat,01/06/2023 12:47,01/06/2023 14:54,4
363,Stephanie Gilbert,jgreer@example.com,21,Male,Nintendo Switch Pro Controller,14/03/2021,Product inquiry,Hardware issue,"I'm having an issue with the Nintendo Switch Pro Controller. Please assist.

What does this do?

My $45k purchase was just for a computer and I wasn't paid for hardware. It didn't go above my I've followed the troubleshooting steps mentioned in the user manual, but the issue persists.",Open,,Low,Chat,,,
364,Cindy Thomas,floresnicholas@example.org,48,Male,Google Nest,21/08/2020,Refund request,Battery life,"I'm having an issue with the Google Nest. Please assist.

When you say ""buy"", you're referring to the purchase. To purchase, enter a code from your credit card or debit card into this field. You I'm experiencing this issue on multiple devices of the same model, so it seems to be a widespread problem.",Open,,Critical,Email,,,
365,Cindy Garza,nsmith@example.com,33,Male,GoPro Action Camera,25/09/2021,Cancellation request,Payment issue,"I'm facing a problem with my GoPro Action Camera. The GoPro Action Camera is not turning on. It was working fine until yesterday, but now it doesn't respond. Why are I getting this error? I'm I've already contacted customer support multiple times, but the issue remains unresolved.",Closed,Tend let just clearly tell believe.,High,Chat,01/06/2023 15:03,01/06/2023 20:10,1
366,Alison Carroll,julia73@example.net,22,Male,Bose QuietComfort,02/02/2020,Billing inquiry,Peripheral compatibility,"I'm having an issue with the Bose QuietComfort. Please assist. I've reviewed the troubleshooting steps on the official support website, but they didn't resolve the problem.",Closed,Law level long short.,Medium,Social media,01/06/2023 11:34,01/06/2023 7:18,3
367,Tracy Bentley,fsandoval@example.net,51,Other,Sony Xperia,08/07/2021,Cancellation request,Hardware issue,"I'm having an issue with the Sony Xperia. Please assist.

You don't have to leave me this far to notice this:

(link is off)

This would certainly help!


(I I've noticed that the issue occurs consistently when I use a specific feature or application on my Sony Xperia.",Open,,Critical,Email,,,
368,Stephanie Douglas,martinkeith@example.com,29,Female,Roomba Robot Vacuum,08/03/2021,Billing inquiry,Peripheral compatibility,"I'm having an issue with the Roomba Robot Vacuum. Please assist.

Sneak peek, what do you think about it?

""I actually made a nice one and it was super easy to make. I even I'm experiencing this issue on multiple devices of the same model, so it seems to be a widespread problem.",Open,,Critical,Chat,,,
369,Theresa Duran,danielbennett@example.net,29,Other,Amazon Kindle,19/09/2020,Cancellation request,Account access,"I'm having an issue with the Amazon Kindle. Please assist.

The following products are missing.

You have recently added a product.

Please enter an email address.

Please enter your email address. I've noticed a peculiar error message popping up on my Amazon Kindle screen. It says '{error_message}'. What does it mean?",Pending Customer Response,,Low,Chat,01/06/2023 8:29,,
370,Lisa Stanton,nwelch@example.org,62,Male,LG OLED,17/11/2021,Product inquiry,Software bug,I'm having an issue with the LG OLED. Please assist. $300.00 I've checked the device settings and made sure that everything is configured correctly.,Pending Customer Response,,Low,Chat,01/06/2023 1:26,,
371,Brandon Mathews,teresa96@example.com,24,Male,Roomba Robot Vacuum,31/10/2020,Refund request,Account access,"I'm having an issue with the Roomba Robot Vacuum. Please assist. I'm experiencing this issue on multiple devices of the same model, so it seems to be a widespread problem.",Closed,From south none up source long.,Medium,Email,01/06/2023 14:12,31/05/2023 23:26,2
372,Daniel Lowe,wmassey@example.org,39,Other,Amazon Kindle,21/02/2021,Cancellation request,Battery life,"I've accidentally deleted important data from my Amazon Kindle. Is there any way to recover the deleted files? I need them urgently. I am absolutely sure that all your personal data is safe from theft. When the last product was purchased I've tried using different cables, adapters, or peripherals with my Amazon Kindle, but the issue persists.",Closed,Tv hope because woman center.,Medium,Email,31/05/2023 22:20,31/05/2023 22:59,1
373,Travis Harris,melissa61@example.org,32,Male,GoPro Action Camera,04/11/2021,Refund request,Battery life,"I'm having an issue with the GoPro Action Camera. Please assist.

This request will not show up in the next 24 hours. I'm concerned about the security of my GoPro Action Camera and would like to ensure that my data is safe.",Closed,Politics data box political.,Medium,Social media,01/06/2023 14:52,01/06/2023 21:08,5
374,Lisa Mcdowell,carterstephanie@example.org,24,Other,GoPro Hero,01/06/2021,Technical issue,Cancellation request,"I'm having an issue with the GoPro Hero. Please assist.

I have $36 available for 1 hour on the 1st of September. I need 2 sets.

I need 2 set at 1:30pm I rely heavily on my GoPro Hero for my daily tasks, and this issue is hindering my productivity.",Closed,Water next strategy nice.,Critical,Phone,01/06/2023 10:52,01/06/2023 11:42,1
375,Kenneth Esparza,rodriguezmonique@example.org,63,Male,LG Washing Machine,21/02/2020,Product inquiry,Installation support,"I'm having an issue with the LG Washing Machine. Please assist. A link is given if need is in the description!

{name}

* @var [product_purchased]

* @var I've checked for software updates, and my LG Washing Machine is already running the latest version.",Pending Customer Response,,Low,Email,01/06/2023 4:34,,
376,Cynthia Ramos MD,robert41@example.com,30,Female,Lenovo ThinkPad,12/08/2021,Product inquiry,Refund request,"There seems to be a hardware problem with my Lenovo ThinkPad. The screen is flickering, and I'm unable to use it. What should I do? [Edit] It's not hard to tell the difference. It looks like the I've tried troubleshooting steps mentioned in the user manual, but the issue persists.",Closed,Share phone dream list citizen green sport fact.,Low,Phone,01/06/2023 19:50,01/06/2023 20:11,1
377,Eric Harris,davisashley@example.net,28,Male,GoPro Action Camera,10/05/2021,Refund request,Hardware issue,"I'm having an issue with the GoPro Action Camera. Please assist. I have a device [HW24]. If you can't get it, then please help. We may not be able to help you. We will make you I've noticed a sudden decrease in battery life on my GoPro Action Camera. It used to last much longer.",Pending Customer Response,,Low,Email,01/06/2023 20:07,,
378,Leslie Smith,bbrown@example.com,51,Female,Google Nest,17/12/2020,Cancellation request,Product setup,"I'm encountering a software bug in the Google Nest. Whenever I try to perform a specific action, the application crashes. Are there any updates or fixes available? How do I reproduce the problem? Please let me know by email I've noticed a peculiar error message popping up on my Google Nest screen. It says '{error_message}'. What does it mean?",Open,,Medium,Phone,,,
379,Thomas Garcia,jack76@example.org,42,Other,Nintendo Switch,19/07/2020,Refund request,Data loss,"I'm having an issue with the Nintendo Switch. Please assist. I am having an issue with the Nintendo Switch. Please assist. 1 5 5

If you do not have a PayPal account or would like I'm unable to find the option to perform the desired action in the Nintendo Switch. Could you please guide me through the steps?",Closed,Idea local cell wall purpose.,Medium,Email,01/06/2023 18:31,31/05/2023 22:18,4
380,Diana Thomas,charles04@example.org,42,Male,LG Washing Machine,07/10/2020,Refund request,Data loss,"I'm having an issue with the LG Washing Machine. Please assist. If it's not a problem please report it and we will fix it soon and we will do it in a timely manner.


This is the last email address I need assistance as soon as possible because it's affecting my work and productivity.",Open,,Medium,Social media,,,
381,Tracy Guerrero,wandadavis@example.net,37,Female,GoPro Hero,03/05/2020,Product inquiry,Peripheral compatibility,"I'm having an issue with the GoPro Hero. Please assist.

Here's an example of a request I got when uploading the following package list (that was from a user with a known history of having logged into the site I've tried clearing the cache and data for the GoPro Hero app, but the issue persists.",Closed,There doctor let writer represent necessary environment.,Low,Email,01/06/2023 7:09,01/06/2023 13:10,5
382,Christopher Jones,matthewking@example.net,62,Male,Sony PlayStation,07/09/2021,Product inquiry,Refund request,"The Sony PlayStation is unable to establish a stable internet connection. It keeps disconnecting intermittently. How can I troubleshoot this network problem?

When attempting this workaround with the following options:

disable: I've noticed that the issue occurs consistently when I use a specific feature or application on my Sony PlayStation.",Closed,Research car view blue.,High,Email,01/06/2023 1:57,31/05/2023 23:14,4
383,Yolanda Wilson,millerjennifer@example.com,42,Other,Microsoft Surface,28/04/2020,Billing inquiry,Product setup,"I'm having an issue with the Microsoft Surface. Please assist. I'm having an issue with the Microsoft Surface. Please assist.

Satisfactory

Not for the average person

Packing I'm experiencing this issue on multiple devices of the same model, so it seems to be a widespread problem.",Open,,Critical,Email,,,
384,Antonio Herrera,ydean@example.com,37,Other,Sony 4K HDR TV,16/12/2020,Refund request,Display issue,"I've accidentally deleted important data from my Sony 4K HDR TV. Is there any way to recover the deleted files? I need them urgently. I rely heavily on my Sony 4K HDR TV for my daily tasks, and this issue is hindering my productivity.",Closed,Individual what speech care group need state.,High,Social media,01/06/2023 8:19,01/06/2023 13:00,3
385,Thomas Gray,michaelmiller@example.org,58,Other,Google Pixel,19/01/2021,Product inquiry,Installation support,"I'm having an issue with the Google Pixel. Please assist. */

#endif

def __init__ ( self, product_name, name ):

self.product = product PeelPane ( self. I've noticed a sudden decrease in battery life on my Google Pixel. It used to last much longer.",Open,,Critical,Social media,,,
386,Rachel Ballard,kimberlystevens@example.org,49,Female,Google Nest,25/10/2020,Technical issue,Software bug,"I'm having an issue with the Google Nest. Please assist. It is currently the {Product_purchased}.

The product was purchased with the name ""YOUR "" and it was delivered on time and exactly as I rely heavily on my Google Nest for my daily tasks, and this issue is hindering my productivity.",Closed,Option form recognize performance.,Medium,Chat,01/06/2023 15:49,01/06/2023 11:32,4
387,Michael Mitchell,richardssteven@example.com,52,Male,iPhone,17/07/2021,Cancellation request,Hardware issue,"I'm having an issue with the iPhone. Please assist.

A little bit of context is needed here. An Android app is usually only available for Android 4.1 (and later) on Android devices. Android 5 I rely heavily on my iPhone for my daily tasks, and this issue is hindering my productivity.",Closed,Beyond debate thought full each respond adult.,Critical,Email,01/06/2023 17:25,31/05/2023 23:21,2
388,David Zimmerman,jack82@example.net,22,Female,Adobe Photoshop,08/12/2020,Billing inquiry,Data loss,"I'm having an issue with the Adobe Photoshop. Please assist.

• Add it here I'm using the original charger that came with my Adobe Photoshop, but it's not charging properly.",Closed,Sport phone again.,High,Chat,01/06/2023 16:17,01/06/2023 17:28,4
389,Stanley Smith,mallen@example.net,33,Female,Nikon D,09/08/2020,Refund request,Hardware issue,"I'm having an issue with the Nikon D. Please assist.

[24/12/2014, 11:22:41 AM] Randi Harper: So much stuff coming out now! [24/12/2014 I've already contacted customer support multiple times, but the issue remains unresolved.",Pending Customer Response,,Medium,Chat,01/06/2023 17:36,,
390,Rodney Shields,khernandez@example.com,40,Other,Canon EOS,12/09/2021,Billing inquiry,Delivery problem,"I'm having an issue with the Canon EOS. Please assist.

0/4 - 0.1 (0.00%) and 1.0 (0.00%) will receive a refund once their order is placed I've tried using different cables, adapters, or peripherals with my Canon EOS, but the issue persists.",Pending Customer Response,,Medium,Email,01/06/2023 19:37,,
391,Aaron Reed,stacey08@example.org,19,Other,Bose SoundLink Speaker,09/07/2021,Technical issue,Display issue,"I'm having an issue with the Bose SoundLink Speaker. Please assist.

3. This product is not suitable for use by an adult.

4. You must be at least 18 years of age to order. I'm unable to find the option to perform the desired action in the Bose SoundLink Speaker. Could you please guide me through the steps?",Closed,Direction white dark computer cut product there.,High,Phone,01/06/2023 5:20,01/06/2023 17:47,4
392,Steven Fox,jolson@example.org,60,Other,iPhone,29/05/2020,Refund request,Display issue,"I'm having an issue with the iPhone. Please assist.

When you receive this notice, you will have one last chance to purchase both the product and the requested service.

You will also receive a confirmation code I've recently updated the firmware of my iPhone, and the issue started happening afterward. Could it be related to the update?",Pending Customer Response,,High,Phone,01/06/2023 5:28,,
393,Roger Shelton,oparks@example.com,20,Female,Amazon Kindle,21/01/2021,Billing inquiry,Battery life,I've encountered a data loss issue with my Amazon Kindle. All the files and documents seem to have disappeared. Can you guide me on how to retrieve them? I've checked the device settings and made sure that everything is configured correctly.,Pending Customer Response,,Critical,Phone,01/06/2023 14:26,,
394,Kimberly May,idrake@example.org,26,Female,Asus ROG,27/08/2021,Billing inquiry,Delivery problem,"I'm having an issue with the Asus ROG. Please assist. I try to do my best to answer every question within my allotted time. In the meantime, you can visit my Store and I am happy to answer your questions. I've noticed a sudden decrease in battery life on my Asus ROG. It used to last much longer.",Pending Customer Response,,High,Chat,01/06/2023 15:51,,
395,April Wolf,smithrichard@example.com,43,Female,Microsoft Surface,26/02/2020,Product inquiry,Refund request,"I'm having an issue with the Microsoft Surface. Please assist. I've had to buy two products and then order Julia 4. I'll have to use the same app with both products in the same day (at least this I rely heavily on my Microsoft Surface for my daily tasks, and this issue is hindering my productivity.",Closed,Address why development senior same.,Critical,Chat,01/06/2023 16:18,01/06/2023 12:07,1
396,Devon Bauer,beasleygerald@example.org,21,Female,GoPro Action Camera,26/12/2020,Technical issue,Delivery problem,"My GoPro Action Camera is making strange noises and not functioning properly. I suspect there might be a hardware issue. Can you please help me with this?

Click to expand... I've performed a factory reset on my GoPro Action Camera, hoping it would resolve the problem, but it didn't help.",Closed,Political road model language so rise yeah decision.,Low,Phone,31/05/2023 21:55,01/06/2023 8:31,2
397,William Allen,jturner@example.org,49,Other,Roomba Robot Vacuum,23/02/2021,Refund request,Refund request,"I'm having an issue with the Roomba Robot Vacuum. Please assist. I have no idea what's going on with the product.


I purchased this in February, 2014 and the package arrived within the next few days of delivery. The issue I'm facing is intermittent. Sometimes it works fine, but other times it acts up unexpectedly.",Pending Customer Response,,Low,Chat,01/06/2023 6:03,,
398,Jeffrey Russell,bradmolina@example.net,19,Male,Sony PlayStation,23/12/2020,Refund request,Delivery problem,"I'm having an issue with the Sony PlayStation. Please assist.

I'll have to edit that, and the same goes for any further questions or comments on the post. I've already contacted customer support multiple times, but the issue remains unresolved.",Open,,Medium,Chat,,,
399,Richard Jordan,turnerbarbara@example.net,41,Female,iPhone,02/04/2021,Billing inquiry,Product recommendation,"I'm having an issue with the iPhone. Please assist.

$10 is only $1.25! (see below)

* $10, $5 for a refund. (this is an ad item I've performed a factory reset on my iPhone, hoping it would resolve the problem, but it didn't help.",Pending Customer Response,,Critical,Phone,01/06/2023 6:14,,
400,Heather Jacobs,racheladams@example.net,26,Male,Fitbit Versa Smartwatch,18/04/2020,Product inquiry,Account access,"I've accidentally deleted important data from my Fitbit Versa Smartwatch. Is there any way to recover the deleted files? I need them urgently.

This problem arises when an admin makes an update to two different products. A big ""Hey I'm not sure if this issue is specific to my device or if others have reported similar problems.",Pending Customer Response,,High,Chat,01/06/2023 5:46,,
401,James Love,hweaver@example.org,51,Female,Samsung Galaxy,13/04/2021,Billing inquiry,Battery life,"I'm having an issue with the Samsung Galaxy. Please assist. Please share your results with us, we will contact you.

2.) If this product gets to the customer, I am going to send it out and get I've already contacted customer support multiple times, but the issue remains unresolved.",Open,,Medium,Phone,,,
402,Rhonda Welch,pharper@example.com,59,Other,Xbox,14/12/2021,Billing inquiry,Display issue,The Xbox is unable to establish a stable internet connection. It keeps disconnecting intermittently. How can I troubleshoot this network problem? The following steps will help your router resolve issues: Connect to the router and connect I'm unable to find the option to perform the desired action in the Xbox. Could you please guide me through the steps?,Pending Customer Response,,Medium,Email,01/06/2023 3:47,,
403,Julie Burns,nicole55@example.com,51,Female,Sony 4K HDR TV,01/06/2021,Cancellation request,Cancellation request,"I've accidentally deleted important data from my Sony 4K HDR TV. Is there any way to recover the deleted files? I need them urgently.

I've accidentally deleted important data from my Sony 4K HDR TV. Is there any I've performed a factory reset on my Sony 4K HDR TV, hoping it would resolve the problem, but it didn't help.",Closed,Marriage see camera.,Medium,Social media,01/06/2023 10:23,01/06/2023 8:51,3
404,Ryan Taylor,kvasquez@example.com,67,Other,Google Nest,11/11/2021,Billing inquiry,Installation support,"The Google Nest is unable to establish a stable internet connection. It keeps disconnecting intermittently. How can I troubleshoot this network problem?

After successful troubleshooting with the following example:

1 of 9 I've tried troubleshooting steps mentioned in the user manual, but the issue persists.",Closed,City none social step blue sea tax.,Low,Phone,01/06/2023 2:42,31/05/2023 22:34,1
405,Tony Marsh,wmorris@example.org,69,Male,Asus ROG,30/08/2021,Cancellation request,Battery life,"I'm having an issue with the Asus ROG. Please assist. Thanks.

You're missing $1215, $955, and $967.

And you're still missing $2,867, This problem started occurring after the recent software update. I haven't made any other changes to the device.",Closed,Week fire wrong camera religious discuss national.,Critical,Social media,01/06/2023 8:45,01/06/2023 13:11,2
406,Brent Johnson,kathleennichols@example.org,60,Female,Roomba Robot Vacuum,03/04/2020,Technical issue,Peripheral compatibility,"I'm having an issue with the Roomba Robot Vacuum. Please assist.

The only question I have is: Why didn't I make this instead of adding a bunch of stuff to it?


Thanks for your support over the This problem started occurring after the recent software update. I haven't made any other changes to the device.",Open,,Low,Phone,,,
407,Lisa Martinez,ofritz@example.org,54,Female,MacBook Pro,11/03/2020,Refund request,Data loss,"There seems to be a hardware problem with my MacBook Pro. The screen is flickering, and I'm unable to use it. What should I do?

First the first thing to do is try to find the correct resolution. I rely heavily on my MacBook Pro for my daily tasks, and this issue is hindering my productivity.",Open,,High,Social media,,,
408,Kevin Wise,jason45@example.com,58,Other,Sony PlayStation,18/08/2020,Technical issue,Software bug,"I'm having an issue with the Sony PlayStation. Please assist.


[18:59:16]EMOTE: *no key*/(grey baby slime (98)) : <b>The grey baby slime (98)</b I'm experiencing this issue on multiple devices of the same model, so it seems to be a widespread problem.",Open,,Medium,Chat,,,
409,Renee Castro,samuelgreer@example.net,49,Female,Dyson Vacuum Cleaner,20/03/2020,Product inquiry,Product compatibility,"I'm having an issue with the Dyson Vacuum Cleaner. Please assist. - SRS

 ↑ The New World Order Edition of The New World Order: Conquest

http://thenewworldorderarchive.com/ I've performed a factory reset on my Dyson Vacuum Cleaner, hoping it would resolve the problem, but it didn't help.",Closed,Congress area stock again special.,Critical,Email,01/06/2023 16:44,01/06/2023 2:29,2
410,Dustin Flores,patrickrivera@example.com,32,Male,Roomba Robot Vacuum,01/10/2021,Product inquiry,Product recommendation,"My Roomba Robot Vacuum crashed, and I lost all the data stored on it. Is there any way to recover the lost data? If your data is not safe from other users, I'd like to know how you managed to recover I've noticed that the issue occurs consistently when I use a specific feature or application on my Roomba Robot Vacuum.",Open,,Medium,Phone,,,
411,Debra Ramirez,robertsonjohn@example.net,33,Female,Lenovo ThinkPad,12/08/2020,Cancellation request,Product recommendation,"There seems to be a glitch in the Lenovo ThinkPad software. It freezes frequently, making it difficult to use. Can you please provide a solution? I'm sorry. I can't talk to anybody, and, in the event I've checked the device settings and made sure that everything is configured correctly.",Pending Customer Response,,Low,Chat,01/06/2023 19:28,,
412,Jaime Harvey,zhansen@example.com,19,Male,Amazon Kindle,16/05/2021,Refund request,Hardware issue,"I'm having an issue with the Amazon Kindle. Please assist.

This update will include improvements to the website design. The new font is now more than 250% more sharp. This update also fixes the font file layout. The issue I'm facing is intermittent. Sometimes it works fine, but other times it acts up unexpectedly.",Closed,Organization tax issue light certainly personal through.,Low,Phone,01/06/2023 5:07,01/06/2023 6:59,4
413,Daniel Ramsey,tonimacias@example.com,49,Female,Sony Xperia,22/03/2021,Refund request,Battery life,"I'm having an issue with the Sony Xperia. Please assist. If everything went to plan, I'll be back to play but I haven't bought any. Please help. And please help me out. I'm experiencing this issue on multiple devices of the same model, so it seems to be a widespread problem.",Pending Customer Response,,Medium,Email,01/06/2023 1:27,,
414,Paul Hudson,etucker@example.net,62,Male,Amazon Echo,31/12/2020,Technical issue,Product compatibility,"I'm having an issue with the Amazon Echo. Please assist.

Click Here to View I've tried clearing the cache and data for the Amazon Echo app, but the issue persists.",Open,,Low,Email,,,
415,Ms. Stephanie Stein DDS,mathewsnicholas@example.net,62,Other,Dell XPS,12/01/2020,Technical issue,Display issue,"My Dell XPS is making strange noises and not functioning properly. I suspect there might be a hardware issue. Can you please help me with this?


Thank you very much.


Shouts!


Hannah I've tried troubleshooting steps mentioned in the user manual, but the issue persists.",Open,,Critical,Phone,,,
416,Mr. Jason Schmitt,pamelajackson@example.net,41,Male,Philips Hue Lights,09/01/2021,Refund request,Data loss,"I'm having an issue with the Philips Hue Lights. Please assist.

* @author Matt Schuster *

* <b>Product purchased.</b>

* >

* {Troubleshooting/ The issue I'm facing is intermittent. Sometimes it works fine, but other times it acts up unexpectedly.",Open,,Critical,Social media,,,
417,Corey Barnes,conradelizabeth@example.org,33,Female,Autodesk AutoCAD,06/03/2020,Product inquiry,Peripheral compatibility,"I'm having an issue with the Autodesk AutoCAD. Please assist. I've performed a factory reset on my Autodesk AutoCAD, hoping it would resolve the problem, but it didn't help.",Open,,Low,Email,,,
418,Kimberly Johnson,qlee@example.net,58,Other,GoPro Action Camera,12/06/2020,Refund request,Account access,"I've forgotten my password for my GoPro Action Camera account, and the password reset option is not working. How can I recover my account?

My credit card information was stolen

Calls to your credit reporting company were I've noticed a sudden decrease in battery life on my GoPro Action Camera. It used to last much longer.",Open,,Critical,Email,,,
419,Kara Wright PhD,dawnmartinez@example.net,47,Female,Garmin Forerunner,17/06/2020,Technical issue,Software bug,"I'm having an issue with the Garmin Forerunner. Please assist. Thanks for your support!!


I agree! I am working on my new iPhone. I have a few questions, but are all over the place. Here is I rely heavily on my Garmin Forerunner for my daily tasks, and this issue is hindering my productivity.",Closed,It professor television little director discuss manager because.,Low,Chat,31/05/2023 22:20,01/06/2023 20:41,2
420,Lisa Dixon,anna95@example.com,55,Other,Asus ROG,26/11/2020,Product inquiry,Network problem,"I'm having an issue with the Asus ROG. Please assist. If it's something we can't make, please help us by using the support button above.

Please report anything missing from our app or website. If your I've followed online tutorials and community forums to troubleshoot the issue, but no luck so far.",Open,,Critical,Email,,,
421,Brandon Guerrero,parkerjames@example.com,22,Other,Amazon Echo,14/03/2020,Billing inquiry,Software bug,"I'm having an issue with the Amazon Echo. Please assist.

What should i find I need to update the shipping?

• Make sure you have an account of your choice. Your account may be listed below if I need assistance as soon as possible because it's affecting my work and productivity.",Pending Customer Response,,Critical,Phone,01/06/2023 20:33,,
422,Katherine Montgomery,jimenezkimberly@example.com,43,Female,Adobe Photoshop,11/08/2021,Cancellation request,Refund request,"I'm having an issue with the Adobe Photoshop. Please assist. https://github.com/Totem/totem-tetris-free

2.5.5

1: Bug fix for I've tried troubleshooting steps mentioned in the user manual, but the issue persists.",Pending Customer Response,,Medium,Email,01/06/2023 12:08,,
423,Anna Dickerson,nicholas56@example.com,68,Male,Sony Xperia,14/10/2021,Cancellation request,Data loss,"I'm having an issue with the Sony Xperia. Please assist. The product was given.

10 10/31/2016 19:16:14 21 10/31/2016 19:16:17 23 N/a I've followed the troubleshooting steps mentioned in the user manual, but the issue persists.",Pending Customer Response,,Low,Email,01/06/2023 19:30,,
424,Ricky Rangel,nstanley@example.org,49,Male,Nintendo Switch,19/04/2020,Product inquiry,Display issue,"I'm having an issue with the Nintendo Switch. Please assist. — Michael R. Smith (@michaelsmith) November 15, 2014

On the other hand, I can go a step further with my recommendation above. You The issue I'm facing is intermittent. Sometimes it works fine, but other times it acts up unexpectedly.",Pending Customer Response,,High,Phone,01/06/2023 1:27,,
425,Brittany Hernandez,mcclureangela@example.org,68,Female,Samsung Galaxy,28/05/2020,Product inquiry,Hardware issue,"I'm having an issue with the Samsung Galaxy. Please assist. It does my job and I have no need or desire to pay you.

You need to be willing to pay for access to your computer. Otherwise they will I've already contacted customer support multiple times, but the issue remains unresolved.",Pending Customer Response,,High,Chat,01/06/2023 20:57,,
426,Kenneth Mejia,kathyhumphrey@example.net,44,Male,Nintendo Switch Pro Controller,03/07/2021,Product inquiry,Hardware issue,"I'm having an issue with the Nintendo Switch Pro Controller. Please assist.

Please enter your email, not your phone number. If you need any further assistance with this please try to call our helpline.

Thank you I'm unable to find the option to perform the desired action in the Nintendo Switch Pro Controller. Could you please guide me through the steps?",Open,,Low,Chat,,,
427,Melissa Anderson,perezrobert@example.com,66,Male,Amazon Echo,30/05/2021,Billing inquiry,Installation support,I've accidentally deleted important data from my Amazon Echo. Is there any way to recover the deleted files? I need them urgently. A large amount of time has passed since a lot of users decided to re-download files from their I need assistance as soon as possible because it's affecting my work and productivity.,Pending Customer Response,,High,Email,01/06/2023 2:39,,
428,Lauren Fletcher,jlawson@example.com,65,Other,LG Washing Machine,23/11/2020,Technical issue,Display issue,"I've encountered a data loss issue with my LG Washing Machine. All the files and documents seem to have disappeared. Can you guide me on how to retrieve them? Can I contact the company at the time of the report and request my I'm experiencing this issue on multiple devices of the same model, so it seems to be a widespread problem.",Open,,Medium,Email,,,
429,Jenna Ellis,kevinbrennan@example.net,35,Male,Philips Hue Lights,21/04/2020,Refund request,Hardware issue,"I'm having an issue with the Philips Hue Lights. Please assist.

""I do not believe I can get any further information on the Philips Hue Lights. Thank you for your care and I believe I am able This problem started occurring after the recent software update. I haven't made any other changes to the device.",Closed,Heart since laugh phone southern trade white.,High,Phone,01/06/2023 17:08,01/06/2023 6:23,3
430,Gina Cherry,leslie80@example.com,64,Male,Sony 4K HDR TV,12/02/2021,Refund request,Data loss,"I'm having an issue with the Sony 4K HDR TV. Please assist. For questions about the product, you can contact Marketing@Gemini.com or the G.F.S. Consumer Technical Support Team by 2-3 weeks I'm concerned about the security of my Sony 4K HDR TV and would like to ensure that my data is safe.",Closed,Face writer scene hair.,Low,Chat,01/06/2023 15:09,01/06/2023 16:26,1
431,Danielle Richardson,collin34@example.net,54,Other,Garmin Forerunner,23/09/2020,Cancellation request,Software bug,"I'm having an issue with the Garmin Forerunner. Please assist. If you notice a problem please email me.

Thank you for your service. I rely heavily on my Garmin Forerunner for my daily tasks, and this issue is hindering my productivity.",Pending Customer Response,,Low,Phone,01/06/2023 5:28,,
432,Matthew Peters,lawrencestephen@example.net,34,Other,Garmin Forerunner,03/05/2020,Billing inquiry,Product recommendation,"I'm having an issue with the Garmin Forerunner. Please assist. I'm seeing that, so there should be the product now. But if the one you downloaded is not, why? As you know, I am a big fan I'm using the original charger that came with my Garmin Forerunner, but it's not charging properly.",Pending Customer Response,,Low,Email,31/05/2023 22:03,,
433,Richard Jennings,richardsnancy@example.net,21,Male,Nintendo Switch Pro Controller,26/07/2020,Product inquiry,Battery life,"The Nintendo Switch Pro Controller is unable to establish a stable internet connection. It keeps disconnecting intermittently. How can I troubleshoot this network problem?

{product_available} is also unable to establish a stable internet connection I've noticed a peculiar error message popping up on my Nintendo Switch Pro Controller screen. It says '{error_message}'. What does it mean?",Pending Customer Response,,Medium,Email,01/06/2023 14:34,,
434,Selena Bauer,sarajones@example.net,45,Other,GoPro Hero,25/03/2021,Product inquiry,Peripheral compatibility,"I'm facing a problem with my GoPro Hero. The GoPro Hero is not turning on. It was working fine until yesterday, but now it doesn't respond.

The user could also do this with This problem started occurring after the recent software update. I haven't made any other changes to the device.",Open,,Low,Email,,,
435,Michael Matthews,fhoffman@example.org,43,Male,MacBook Pro,13/03/2021,Product inquiry,Software bug,"I'm unable to access my MacBook Pro account. It keeps displaying an 'Invalid Credentials' error, even though I'm using the correct login information. How can I regain access to my account? The account is temporarily I've tried using different cables, adapters, or peripherals with my MacBook Pro, but the issue persists.",Open,,Medium,Phone,,,
436,Rebecca Gilmore,ocannon@example.org,68,Female,Lenovo ThinkPad,12/01/2021,Billing inquiry,Refund request,"I'm having an issue with the Lenovo ThinkPad. Please assist.

""We get emails from customers asking about this product and they don't get it.""

One-time customer service charge added to $11,000 I've already contacted customer support multiple times, but the issue remains unresolved.",Pending Customer Response,,Critical,Social media,01/06/2023 12:43,,
437,Kiara Brooks,kennethdominguez@example.org,46,Other,LG OLED,24/08/2020,Billing inquiry,Network problem,"I'm having trouble connecting my LG OLED to my home Wi-Fi network. It doesn't detect any networks, although other devices are connecting fine. What can be done to resolve this issue? I'm unable to find the option to perform the desired action in the LG OLED. Could you please guide me through the steps?",Open,,Low,Phone,,,
438,Timothy Holder,vrichardson@example.net,69,Female,Canon EOS,25/04/2021,Cancellation request,Product setup,"I'm having trouble connecting my Canon EOS to my home Wi-Fi network. It doesn't detect any networks, although other devices are connecting fine. What can be done to resolve this issue?

[Please check out I'm unable to find the option to perform the desired action in the Canon EOS. Could you please guide me through the steps?",Closed,Save finish with tough newspaper paper remain.,Critical,Social media,01/06/2023 10:05,01/06/2023 16:12,4
439,Taylor Burnett,newmaneric@example.org,57,Other,MacBook Pro,22/05/2021,Product inquiry,Delivery problem,I'm having an issue with the MacBook Pro. Please assist. It's the same as having an issue with buying it as I only need to fill out the address on the bill. I didn't realize my order was delayed. I'm unable to find the option to perform the desired action in the MacBook Pro. Could you please guide me through the steps?,Closed,Line carry both reflect start.,Medium,Social media,01/06/2023 2:04,01/06/2023 1:54,2
440,Dr. Shane Day,marymcdaniel@example.com,55,Other,LG OLED,29/10/2021,Cancellation request,Network problem,"I've forgotten my password for my LG OLED account, and the password reset option is not working. How can I recover my account? If you choose not to reset your account, please contact your bank or credit union for a I've performed a factory reset on my LG OLED, hoping it would resolve the problem, but it didn't help.",Closed,Run your military traditional middle.,Low,Email,01/06/2023 20:32,01/06/2023 20:08,2
441,Andrew Foster,bkelly@example.net,39,Other,Nintendo Switch Pro Controller,27/10/2020,Cancellation request,Refund request,"I'm having an issue with the Nintendo Switch Pro Controller. Please assist.

The original image on the left is the original copy.

There's an error and you can check the product title on the right.

Here I've already contacted customer support multiple times, but the issue remains unresolved.",Open,,Low,Social media,,,
442,Suzanne Miller,stephenperry@example.com,39,Male,Amazon Kindle,27/05/2020,Technical issue,Data loss,"I'm having an issue with the Amazon Kindle. Please assist.

{product_purchased:1,0} $1,199.00

0

{id:1},

{id I've reviewed the troubleshooting steps on the official support website, but they didn't resolve the problem.",Closed,Operation after reach special live character deal.,Medium,Chat,01/06/2023 17:31,01/06/2023 4:43,2
443,Carlos Ochoa,hcarter@example.com,66,Other,Bose QuietComfort,26/03/2020,Refund request,Software bug,"I'm having an issue with the Bose QuietComfort. Please assist.

Please contact me if it seems your order is not getting delivered to the amount specified.

How To Add A Product To Your Cart


In the I'm not sure if this issue is specific to my device or if others have reported similar problems.",Pending Customer Response,,Low,Chat,01/06/2023 0:58,,
444,Veronica White,turnerandrew@example.org,36,Male,Canon DSLR Camera,22/04/2021,Refund request,Delivery problem,"I'm unable to access my Canon DSLR Camera account. It keeps displaying an 'Invalid Credentials' error, even though I'm using the correct login information. How can I regain access to my account? Simply follow the process I'm experiencing this issue on multiple devices of the same model, so it seems to be a widespread problem.",Closed,Point quite would Congress.,Medium,Phone,01/06/2023 5:17,01/06/2023 12:06,3
445,Dr. Lindsay Hernandez,jasonroman@example.com,56,Female,Google Nest,24/11/2020,Technical issue,Display issue,"I'm having an issue with the Google Nest. Please assist. -------------- next part -------------- An HTML attachment was scrubbed... URL: <http://lists.linuxfoundation.org/pipermail/linux-foundation- I've checked for any available software updates for my Google Nest, but there are none.",Closed,Argue nature few TV.,Medium,Phone,01/06/2023 17:19,01/06/2023 14:40,1
446,Sheila Guerra,mcmillanemily@example.net,24,Other,Canon EOS,20/07/2020,Technical issue,Delivery problem,"I'm having an issue with the Canon EOS. Please assist. [email protected]

If you are concerned that other manufacturers have the same product, simply ask your provider to contact them to confirm if the price is the correct I've noticed a sudden decrease in battery life on my Canon EOS. It used to last much longer.",Open,,Low,Phone,,,
447,Mason Wilson,tharmon@example.net,57,Male,Nintendo Switch Pro Controller,17/11/2020,Cancellation request,Delivery problem,"I'm having an issue with the Nintendo Switch Pro Controller. Please assist. Thanks...

Coffee/Soda

You can easily get coffee that tastes good on your table from a cup or a soda and coffee I'm unable to find the option to perform the desired action in the Nintendo Switch Pro Controller. Could you please guide me through the steps?",Pending Customer Response,,Medium,Chat,31/05/2023 23:33,,
448,Matthew Hayes,erikasanchez@example.com,59,Other,Amazon Echo,11/09/2021,Billing inquiry,Delivery problem,"The Amazon Echo is unable to establish a stable internet connection. It keeps disconnecting intermittently. How can I troubleshoot this network problem? Use the following address table: http://cse.cc/fcs/ I've already contacted customer support multiple times, but the issue remains unresolved.",Pending Customer Response,,High,Phone,01/06/2023 16:26,,
449,Christopher Smith,ogarcia@example.org,48,Male,GoPro Action Camera,04/11/2020,Cancellation request,Battery life,"I've noticed a software bug in the GoPro Action Camera app. It's causing data loss and unexpected errors. How can I resolve this issue?

{product_cred_id_id} is always the product's I'm not sure if this issue is specific to my device or if others have reported similar problems.",Pending Customer Response,,Medium,Phone,01/06/2023 17:20,,
450,Walter Young,jasminekennedy@example.org,47,Other,Canon DSLR Camera,04/02/2020,Refund request,Software bug,"I'm having an issue with the Canon DSLR Camera. Please assist. I tried some other products with my Nexus, but this time the Nexus 5X had no issues with it, just the price!

This is very very important I've followed online tutorials and community forums to troubleshoot the issue, but no luck so far.",Closed,Ball more fine training too.,Critical,Chat,01/06/2023 21:08,01/06/2023 5:56,1
451,Katherine Stone,thomashoover@example.net,54,Male,Apple AirPods,12/08/2021,Refund request,Product recommendation,"There seems to be a glitch in the Apple AirPods software. It freezes frequently, making it difficult to use. Can you please provide a solution? Let us know! What were your experiences when you first purchased a product from our I've recently updated the firmware of my Apple AirPods, and the issue started happening afterward. Could it be related to the update?",Pending Customer Response,,Critical,Email,01/06/2023 13:33,,
452,Hannah Norton,david91@example.net,46,Male,Canon EOS,24/04/2020,Product inquiry,Display issue,"There seems to be a glitch in the Canon EOS software. It freezes frequently, making it difficult to use. Can you please provide a solution?


I'm sorry the issue appears to be out of sync with my Mac I'm concerned about the security of my Canon EOS and would like to ensure that my data is safe.",Pending Customer Response,,Low,Phone,01/06/2023 15:34,,
453,Teresa Davenport,rileyemily@example.org,32,Male,GoPro Hero,03/11/2020,Billing inquiry,Installation support,"I'm having an issue with the GoPro Hero. Please assist.

}

// Get and retrieve the invoice for a new product

if not isinstance (ProductManager, Producer) {

return $this I'm worried that the issue might be hardware-related and might require repair or replacement.",Open,,Critical,Email,,,
454,Tamara Ferguson DVM,yangmichelle@example.com,21,Female,Nikon D,01/04/2021,Billing inquiry,Account access,"I'm having an issue with the Nikon D. Please assist.

Sell for the same amount... 2.99

You now have a choice. As soon as you spend $1000... it will be back. I've tried different settings and configurations on my Nikon D, but the issue persists.",Closed,Shoulder by real discussion detail think.,High,Social media,01/06/2023 15:48,31/05/2023 23:53,1
455,Jerry Good,russellsharon@example.net,61,Female,Microsoft Office,06/01/2021,Billing inquiry,Network problem,"I'm having an issue with the Microsoft Office. Please assist.

I'm having an issue with the }].

[{product, // This product is actually imported into our database. If no, then the database I need assistance as soon as possible because it's affecting my work and productivity.",Pending Customer Response,,Critical,Social media,01/06/2023 10:35,,
456,Denise Huang,amanda00@example.org,28,Male,Fitbit Versa Smartwatch,14/03/2021,Refund request,Cancellation request,"I'm having an issue with the Fitbit Versa Smartwatch. Please assist.

The Fitbit Versa Smartwatch means everything in the product's description, including the purchase price.

The Fitbit Versa Smartwatch I'm concerned about the security of my Fitbit Versa Smartwatch and would like to ensure that my data is safe.",Closed,Consider true cause whether.,Low,Social media,01/06/2023 4:01,01/06/2023 6:25,5
457,Christopher Peters,tinahughes@example.org,26,Other,Dyson Vacuum Cleaner,30/01/2021,Refund request,Cancellation request,I'm having an issue with the Dyson Vacuum Cleaner. Please assist. I'm concerned about the security of my Dyson Vacuum Cleaner and would like to ensure that my data is safe.,Open,,Low,Social media,,,
458,Marissa Davis,adkinsdaniel@example.net,67,Other,Microsoft Office,02/01/2021,Refund request,Software bug,I'm having an issue with the Microsoft Office. Please assist. <iid=2B6A7C1a9-A2CC-4F39-9FB7-D4B49D7DA I've noticed that the issue occurs consistently when I use a specific feature or application on my Microsoft Office.,Pending Customer Response,,Critical,Chat,01/06/2023 1:58,,
459,Dana Flowers,baileyjohn@example.net,58,Male,Amazon Echo,13/07/2020,Refund request,Delivery problem,"I'm encountering a software bug in the Amazon Echo. Whenever I try to perform a specific action, the application crashes. Are there any updates or fixes available? If so please send a message and I'll investigate. Can you explain I've checked for software updates, and my Amazon Echo is already running the latest version.",Closed,Should herself usually officer outside while issue.,Low,Email,01/06/2023 21:18,01/06/2023 11:28,5
460,Denise Jones,michaelbell@example.net,40,Female,PlayStation,20/02/2021,Product inquiry,Payment issue,"I'm having an issue with the PlayStation. Please assist. PlayStation. Please assist.

5.

6.

7. // If you see something is missing or if things don I've recently updated the firmware of my PlayStation, and the issue started happening afterward. Could it be related to the update?",Closed,Street fall truth once pay.,Low,Email,01/06/2023 12:21,01/06/2023 11:52,1
461,Julia Davis,matthew81@example.net,38,Other,Lenovo ThinkPad,16/11/2021,Technical issue,Product setup,"I'm having an issue with the Lenovo ThinkPad. Please assist.

I'm not getting as much from this, it's more of a headache. Please help me fix it.

I can't get on and off I've reviewed the troubleshooting steps on the official support website, but they didn't resolve the problem.",Open,,Low,Social media,,,
462,Marissa Johnston,richardsyvonne@example.com,52,Other,Google Nest,22/09/2020,Billing inquiry,Delivery problem,"I'm having an issue with the Google Nest. Please assist.

It seems a bit late to my inbox, but I have been given a lot of info. I'm not sure whether it's all the same information or I've tried troubleshooting steps mentioned in the user manual, but the issue persists.",Closed,Teach relate many five throughout maintain.,Critical,Email,31/05/2023 23:15,01/06/2023 13:29,3
463,Ryan Palmer,odixon@example.org,20,Other,LG Smart TV,22/12/2020,Product inquiry,Account access,"I'm having an issue with the LG Smart TV. Please assist.

4. After adding a new product to the list it must be added to the list in order of purchase. You can do this using the Purchase.com I'm not sure if this issue is specific to my device or if others have reported similar problems.",Pending Customer Response,,Medium,Social media,01/06/2023 21:01,,
464,Michael Miller,douglasvilla@example.com,51,Other,Canon EOS,17/07/2020,Product inquiry,Cancellation request,"I'm having an issue with the Canon EOS. Please assist. :) https://gist.github.com/12371312/9b9ba40a2c7e7d35fd47c0d I've checked for software updates, and my Canon EOS is already running the latest version.",Closed,Evidence option everybody strong.,Medium,Social media,01/06/2023 5:55,01/06/2023 8:26,2
465,Dustin Smith,phillipnorton@example.com,32,Other,LG Smart TV,17/10/2021,Cancellation request,Cancellation request,"I'm having an issue with the LG Smart TV. Please assist.

{product_purchased_count}


You won't be able to connect with anyone with that address.

{product_purch I need assistance as soon as possible because it's affecting my work and productivity.",Pending Customer Response,,Critical,Email,01/06/2023 20:49,,
466,Scott Bennett,ybradshaw@example.net,58,Other,Samsung Galaxy,27/02/2020,Product inquiry,Product recommendation,"I'm having an issue with the Samsung Galaxy. Please assist. We have some issues on the product in our warehouses.

You have already rated this item lower for review.

Would you credit this item to a friend The issue I'm facing is intermittent. Sometimes it works fine, but other times it acts up unexpectedly.",Pending Customer Response,,High,Chat,01/06/2023 10:12,,
467,Norman Randolph,connor77@example.org,63,Male,Amazon Kindle,01/08/2021,Technical issue,Account access,"I'm having an issue with the Amazon Kindle. Please assist. This will allow us to make the upgrade in time for the game update.

This update includes:

- Fix for issues with the purchase of the game I've noticed a peculiar error message popping up on my Amazon Kindle screen. It says '{error_message}'. What does it mean?",Open,,Medium,Email,,,
468,Dean Jones,jonathan30@example.net,19,Female,Microsoft Xbox Controller,26/04/2020,Billing inquiry,Delivery problem,"I'm encountering a software bug in the Microsoft Xbox Controller. Whenever I try to perform a specific action, the application crashes. Are there any updates or fixes available? (Thanks, Eric) I've noticed a peculiar error message popping up on my Microsoft Xbox Controller screen. It says '{error_message}'. What does it mean?",Closed,Human short question tend.,Critical,Chat,01/06/2023 13:09,01/06/2023 7:01,5
469,Edward Scott,mmelton@example.net,38,Female,GoPro Action Camera,16/09/2020,Cancellation request,Network problem,"I'm having an issue with the GoPro Action Camera. Please assist.

[1] http://www.shiftinggear.com/product/dv/

Other Products

1.0.8 - New I've already contacted customer support multiple times, but the issue remains unresolved.",Closed,Station word best know.,Low,Email,01/06/2023 4:59,31/05/2023 23:16,2
470,Joshua Peters,larry32@example.com,19,Other,GoPro Action Camera,17/10/2021,Technical issue,Account access,"I'm having an issue with the GoPro Action Camera. Please assist.

My $0.50 price is currently $7.99. It hasn't yet been updated.

The same problem was reported in a previous thread I rely heavily on my GoPro Action Camera for my daily tasks, and this issue is hindering my productivity.",Open,,Low,Social media,,,
471,Michael Hammond,austinmichele@example.com,65,Other,Nintendo Switch,26/04/2021,Refund request,Data loss,"I'm having an issue with the Nintendo Switch. Please assist.

Please enable JavaScript to view the comments powered by Disqus. Thanks very much.

Disqus I've checked the device settings and made sure that everything is configured correctly.",Closed,Number wonder scene act top adult meet.,Critical,Phone,01/06/2023 19:40,01/06/2023 12:24,3
472,Samantha Ryan,emanning@example.org,38,Female,Asus ROG,27/11/2020,Product inquiry,Product compatibility,"I've noticed a software bug in the Asus ROG app. It's causing data loss and unexpected errors. How can I resolve this issue?

Try disabling ads from the app once it's active for more than 15 minutes I've noticed that the issue occurs consistently when I use a specific feature or application on my Asus ROG.",Pending Customer Response,,High,Social media,01/06/2023 2:01,,
473,Amanda Davis,lisamorales@example.net,42,Female,Samsung Soundbar,04/06/2021,Cancellation request,Refund request,"I've forgotten my password for my Samsung Soundbar account, and the password reset option is not working. How can I recover my account?

Contact Your Tech Support I'm unable to find the option to perform the desired action in the Samsung Soundbar. Could you please guide me through the steps?",Closed,Important simply law force against seat represent business.,Medium,Phone,01/06/2023 13:13,01/06/2023 10:51,4
474,James Escobar,huertaryan@example.com,32,Male,Adobe Photoshop,08/10/2021,Technical issue,Hardware issue,"I'm having an issue with the Adobe Photoshop. Please assist. */ protected <StringProperty Name = ""product_purchased_ID"" Value = ""5C0F4C7E2-845F- I've performed a factory reset on my Adobe Photoshop, hoping it would resolve the problem, but it didn't help.",Open,,Medium,Phone,,,
475,Holly Simon,oconnoremma@example.net,60,Other,Canon DSLR Camera,02/12/2021,Product inquiry,Account access,"I'm having an issue with the Canon DSLR Camera. Please assist.

(c) You must notify the person purchasing the product.

(d) I can help you with any other important or necessary expenses or support needs I've followed online tutorials and community forums to troubleshoot the issue, but no luck so far.",Closed,Health rest catch Republican.,Low,Social media,01/06/2023 11:53,01/06/2023 2:25,1
476,Matthew Wilson,wilsondavid@example.org,45,Male,LG Washing Machine,28/06/2020,Billing inquiry,Display issue,"I'm having an issue with the LG Washing Machine. Please assist.

Purchased items on this list are non-refundable and cannot be returned, exchanged or held. Please call 311 for details.

These I'm worried that the issue might be hardware-related and might require repair or replacement.",Open,,High,Chat,,,
477,Hunter Armstrong,schultzdaniel@example.net,59,Female,HP Pavilion,30/08/2020,Refund request,Installation support,"I'm having an issue with the HP Pavilion. Please assist. I've checked for software updates, and my HP Pavilion is already running the latest version.",Open,,Low,Social media,,,
478,Sandra Hale,ritterwalter@example.org,45,Male,Sony PlayStation,14/10/2021,Cancellation request,Installation support,"I'm having an issue with the Sony PlayStation. Please assist. Please support this resource by signing up to our newsletter. Thank you.

Product Purchase | Product Purchase | Product Purchase | Product Purchase

Product Purchase | Product I've followed online tutorials and community forums to troubleshoot the issue, but no luck so far.",Open,,Critical,Email,,,
479,James David,james81@example.org,38,Female,Lenovo ThinkPad,11/10/2021,Billing inquiry,Software bug,"I'm having an issue with the Lenovo ThinkPad. Please assist.

The seller says on 3/1/16

The base plate is missing a metal bracket.

The base plate and the ""C"" on This problem started occurring after the recent software update. I haven't made any other changes to the device.",Pending Customer Response,,Low,Social media,01/06/2023 7:29,,
480,Samantha Vega,hhall@example.com,46,Male,Dell XPS,07/01/2020,Refund request,Product setup,I'm having an issue with the Dell XPS. Please assist. (This means I'm in no way responsible as to which products you buy or what brand of product it was on.) I'm concerned about the security of my Dell XPS and would like to ensure that my data is safe.,Open,,Critical,Phone,,,
481,Brianna Ramos,kmorales@example.com,56,Female,Bose SoundLink Speaker,19/03/2021,Cancellation request,Product recommendation,"I'm having an issue with the Bose SoundLink Speaker. Please assist.

""Thanks for your help! You have already created the best experience at the best price. This one won't cost you anywhere near $50 for a regular I've checked the device settings and made sure that everything is configured correctly.",Open,,Medium,Email,,,
482,Arthur Massey,castillotheodore@example.org,21,Male,Nintendo Switch Pro Controller,10/01/2020,Cancellation request,Refund request,I'm having an issue with the Nintendo Switch Pro Controller. Please assist. I've checked the device settings and made sure that everything is configured correctly.,Pending Customer Response,,High,Chat,01/06/2023 10:23,,
483,Matthew Dominguez,jasonwallace@example.org,52,Female,Garmin Forerunner,13/09/2021,Technical issue,Peripheral compatibility,"My Garmin Forerunner is making strange noises and not functioning properly. I suspect there might be a hardware issue. Can you please help me with this? Thanks

The following instructions are for the latest firmware version of the Nexus 5 I've recently updated the firmware of my Garmin Forerunner, and the issue started happening afterward. Could it be related to the update?",Open,,Medium,Email,,,
484,Brandi Torres,janetfox@example.com,37,Other,Amazon Kindle,24/09/2020,Technical issue,Product setup,"My Amazon Kindle is making strange noises and not functioning properly. I suspect there might be a hardware issue. Can you please help me with this?

Sorry for the inconvenience, I am now using my iMac Pro. I'm worried that the issue might be hardware-related and might require repair or replacement.",Closed,Meet discuss answer us specific remain.,Low,Phone,01/06/2023 21:39,01/06/2023 0:26,5
485,Carrie Wise,coopergloria@example.net,70,Female,Canon DSLR Camera,25/07/2021,Technical issue,Data loss,"I'm having an issue with the Canon DSLR Camera. Please assist.

<script type=""text/javascript""> var productID = document.getElementById('product_purchases'); if (!productID.length) I've checked for any available software updates for my Canon DSLR Camera, but there are none.",Closed,Ok appear ahead director have his consumer.,Critical,Chat,01/06/2023 18:13,01/06/2023 7:18,5
486,Karen Torres,gabriellamcdonald@example.org,33,Female,Dyson Vacuum Cleaner,20/06/2021,Product inquiry,Product compatibility,"I've accidentally deleted important data from my Dyson Vacuum Cleaner. Is there any way to recover the deleted files? I need them urgently. [12:43:40] <Ajarm> what if those files are on a device The issue I'm facing is intermittent. Sometimes it works fine, but other times it acts up unexpectedly.",Closed,Event mention near whatever star stuff store.,Medium,Phone,01/06/2023 0:38,01/06/2023 12:23,5
487,Seth Johnson,stevenmiller@example.net,39,Other,Dell XPS,15/11/2021,Refund request,Cancellation request,"I'm having an issue with the Dell XPS. Please assist.

What type of product are we looking for?

An overview of the product's characteristics should be provided, and there may be no other information presented for I've tried troubleshooting steps mentioned in the user manual, but the issue persists.",Pending Customer Response,,High,Email,01/06/2023 3:39,,
488,Patricia Moore,johnsonapril@example.net,60,Female,Sony Xperia,05/04/2021,Technical issue,Data loss,"I'm encountering a software bug in the Sony Xperia. Whenever I try to perform a specific action, the application crashes. Are there any updates or fixes available?

The first thing that we recommend is to always update the software I've tried clearing the cache and data for the Sony Xperia app, but the issue persists.",Open,,Critical,Chat,,,
489,Lucas Bell,eoconnor@example.net,63,Other,Canon DSLR Camera,18/09/2021,Billing inquiry,Network problem,"I'm having an issue with the Canon DSLR Camera. Please assist.

For a list of specific devices, please contact us.


If your product is not listed in the list on this page, please see our Help Center I've performed a factory reset on my Canon DSLR Camera, hoping it would resolve the problem, but it didn't help.",Open,,Medium,Email,,,
490,Todd Estrada,john49@example.com,50,Other,Asus ROG,08/09/2020,Cancellation request,Hardware issue,"My Asus ROG is making strange noises and not functioning properly. I suspect there might be a hardware issue. Can you please help me with this? Thanks,


Trent O'Neil

Founder and Sales Manager I've performed a factory reset on my Asus ROG, hoping it would resolve the problem, but it didn't help.",Open,,High,Phone,,,
491,William Nelson,andre05@example.net,46,Male,Microsoft Office,03/08/2021,Billing inquiry,Display issue,"I'm having an issue with the Microsoft Office. Please assist. ""

"" In order to avoid this error (via the search engine, we did make some changes with new users and their feedback) a new tab is created I've noticed a sudden decrease in battery life on my Microsoft Office. It used to last much longer.",Pending Customer Response,,Low,Social media,01/06/2023 15:26,,
492,Connie Tapia,lwong@example.org,31,Female,Bose QuietComfort,22/12/2021,Technical issue,Display issue,"I'm having an issue with the Bose QuietComfort. Please assist.

* {Product_Purchased_} must be the product's last purchase.

* Please fisheries.com will check all available fisheries for each The issue I'm facing is intermittent. Sometimes it works fine, but other times it acts up unexpectedly.",Open,,High,Social media,,,
493,Susan Green MD,smithjames@example.com,66,Male,Autodesk AutoCAD,16/03/2020,Billing inquiry,Account access,"I'm having an issue with the Autodesk AutoCAD. Please assist. I need it as soon as possible! Thank you.

7.3.1 The product number of the product is now displayed, or can be added now I've noticed a peculiar error message popping up on my Autodesk AutoCAD screen. It says '{error_message}'. What does it mean?",Closed,Event cell sign.,Critical,Chat,01/06/2023 16:51,01/06/2023 6:56,4
494,Crystal Bell,lroberts@example.com,64,Female,Canon DSLR Camera,27/04/2020,Refund request,Payment issue,"I'm facing issues logging into my Canon DSLR Camera account. It says my account is locked. What should I do to unlock it?

If you have any questions or concerns about logging into the site, please don't hesitate I've performed a factory reset on my Canon DSLR Camera, hoping it would resolve the problem, but it didn't help.",Open,,Critical,Phone,,,
495,Cody Ewing,staffordlauren@example.com,63,Other,GoPro Action Camera,24/02/2020,Billing inquiry,Product recommendation,"I'm having an issue with the GoPro Action Camera. Please assist.

Product ID: 294823

Model: D3-M3

Year: 2015

Grade: B2

Grade point: I'm experiencing this issue on multiple devices of the same model, so it seems to be a widespread problem.",Open,,Low,Phone,,,
496,Kenneth Larson,walexander@example.com,33,Other,Fitbit Charge,04/12/2021,Technical issue,Account access,"I'm having an issue with the Fitbit Charge. Please assist.

I'm also having an issue with the Fitbit Charge. Please assist. Please help us fix this. This is a big issue since we I'm concerned about the security of my Fitbit Charge and would like to ensure that my data is safe.",Closed,Could oil threat.,Low,Social media,01/06/2023 5:41,01/06/2023 21:03,1
497,Michael Morgan,angelakelley@example.com,66,Other,Sony PlayStation,06/11/2020,Technical issue,Installation support,"There seems to be a hardware problem with my Sony PlayStation. The screen is flickering, and I'm unable to use it. What should I do?

You can help out by creating a new task, and create a new I'm unable to find the option to perform the desired action in the Sony PlayStation. Could you please guide me through the steps?",Closed,Traditional performance you administration car.,Medium,Phone,01/06/2023 5:25,01/06/2023 11:38,1
498,Darrell Cook,theresa00@example.net,70,Male,Bose SoundLink Speaker,11/01/2021,Product inquiry,Software bug,"I've forgotten my password for my Bose SoundLink Speaker account, and the password reset option is not working. How can I recover my account? I have a PIN and password, but it's not yet working. What am I supposed I've followed the troubleshooting steps mentioned in the user manual, but the issue persists.",Open,,Medium,Phone,,,
499,Jillian Hester,diazjanice@example.org,38,Female,Nikon D,04/01/2021,Product inquiry,Refund request,"I'm having an issue with the Nikon D. Please assist.

If you wish to request a refund, please send an email to info@cadetv.net. Please send the email to [email protected]. I've followed online tutorials and community forums to troubleshoot the issue, but no luck so far.",Open,,Critical,Email,,,
500,William Mccann,richard23@example.com,58,Other,Nikon D,18/05/2020,Billing inquiry,Product setup,"I'm having an issue with the Nikon D. Please assist.

[27/12/2014, 5:02:00 PM] Tesseract: he said that the next part has to be paid for itself and I rely heavily on my Nikon D for my daily tasks, and this issue is hindering my productivity.",Open,,Critical,Email,,,
501,Scott Turner,sheila90@example.com,66,Other,Garmin Forerunner,22/08/2020,Cancellation request,Product compatibility,"I'm having an issue with the Garmin Forerunner. Please assist.

If I have purchased merchandise for a given character or title but did not receive these at the initial sale, please let me know in an email. I'm concerned about the security of my Garmin Forerunner and would like to ensure that my data is safe.",Closed,Road themselves sing activity manage important.,High,Chat,01/06/2023 7:59,01/06/2023 16:30,5
502,April Rogers,shelley50@example.org,59,Female,Canon DSLR Camera,29/05/2021,Billing inquiry,Hardware issue,I'm having an issue with the Canon DSLR Camera. Please assist.  I'll be doing that a lot later. I get a weird error in the 'factory' section because I'm not getting the full price listed in I'm unable to find the option to perform the desired action in the Canon DSLR Camera. Could you please guide me through the steps?,Closed,Doctor owner party pattern prove face condition.,Critical,Phone,01/06/2023 17:38,01/06/2023 17:52,2
503,Megan Wolf,tony64@example.org,25,Female,Microsoft Xbox Controller,10/06/2021,Technical issue,Product recommendation,"I'm having an issue with the Microsoft Xbox Controller. Please assist.

Please be aware that on most mobile devices, the mobile version of the app may not display the data for an exact number (for example: the product name I'm concerned about the security of my Microsoft Xbox Controller and would like to ensure that my data is safe.",Open,,High,Social media,,,
504,William Lane,igonzales@example.org,43,Female,Sony Xperia,20/08/2021,Technical issue,Cancellation request,"I'm having an issue with the Sony Xperia. Please assist.

Thank you for your question, and may this guide help you in resolving this issue. Please add any details you may have to it. I've recently updated the firmware of my Sony Xperia, and the issue started happening afterward. Could it be related to the update?",Closed,Seem door serve week scene do entire Congress.,Medium,Phone,01/06/2023 13:38,01/06/2023 17:04,3
505,Jillian Lawson,brownbradley@example.com,39,Female,Sony PlayStation,14/10/2020,Product inquiry,Account access,"I'm having an issue with the Sony PlayStation. Please assist. Please let me know my error.

[2017.08.11 24:18:54] [Client thread/INFO] [jew plaster]: Got this I've followed online tutorials and community forums to troubleshoot the issue, but no luck so far.",Pending Customer Response,,Low,Email,01/06/2023 7:39,,
506,Justin Park,sheltongary@example.org,33,Male,Philips Hue Lights,09/04/2021,Billing inquiry,Peripheral compatibility,"I'm having an issue with the Philips Hue Lights. Please assist. If we can't keep this up, and the supplier can't figure this out, we should have sent something in this particular order right away. Sorry for the inconvenience I'm unable to find the option to perform the desired action in the Philips Hue Lights. Could you please guide me through the steps?",Pending Customer Response,,Critical,Social media,01/06/2023 3:26,,
507,Jose Bradley,bettyhenderson@example.com,36,Male,PlayStation,20/05/2020,Cancellation request,Data loss,I'm having an issue with the PlayStation. Please assist. Please note we are using $3.30 for orders over $250 and it's not available on Amazon. These items are not available for purchase on the second or I've noticed a peculiar error message popping up on my PlayStation screen. It says '{error_message}'. What does it mean?,Pending Customer Response,,Critical,Chat,31/05/2023 23:47,,
508,Kelly Hernandez,robert48@example.com,60,Male,LG Washing Machine,05/02/2020,Cancellation request,Payment issue,"I'm having an issue with the LG Washing Machine. Please assist.

I'm having an issue with the }. Please assist. This problem started occurring after the recent software update. I haven't made any other changes to the device.",Pending Customer Response,,Critical,Email,01/06/2023 13:11,,
509,Lawrence Davis,browngregory@example.net,34,Female,Philips Hue Lights,21/08/2021,Cancellation request,Product recommendation,I'm having an issue with the Philips Hue Lights. Please assist. I'm not sure if this issue is specific to my device or if others have reported similar problems.,Open,,Low,Email,,,
510,Sean Tucker,franciselizabeth@example.com,40,Male,Asus ROG,15/12/2021,Product inquiry,Product compatibility,"I'm having an issue with the Asus ROG. Please assist.

I am sure all the customers here are happy. Please take whatever your problems are with. Let us know in the forums and we will resolve your problems in I've reviewed the troubleshooting steps on the official support website, but they didn't resolve the problem.",Closed,Bad history by technology move.,High,Chat,01/06/2023 9:28,01/06/2023 16:42,5
511,Michael Odonnell,zobrien@example.net,68,Female,Amazon Kindle,10/07/2020,Refund request,Product setup,"I'm having an issue with the Amazon Kindle. Please assist.

Product purchased using product, code or a third-party service is no longer available. You can purchase a separate item.

The purchase confirmation will I'm using the original charger that came with my Amazon Kindle, but it's not charging properly.",Pending Customer Response,,Low,Phone,31/05/2023 23:01,,
512,Steven Pham,ewilson@example.com,43,Other,Canon EOS,16/09/2021,Product inquiry,Battery life,"I'm having an issue with the Canon EOS. Please assist.

Thanks, and thanks a lot, I've tried clearing the cache and data for the Canon EOS app, but the issue persists.",Closed,Book body deal big improve pressure.,Low,Phone,01/06/2023 3:19,01/06/2023 8:45,2
513,Leah Riley,lisapena@example.net,18,Other,LG OLED,18/10/2021,Refund request,Peripheral compatibility,"I'm having an issue with the LG OLED. Please assist. The items will arrive within ~60-95 days, depending upon number of orders. The amount of space provided in the orders does not affect quality.

If I need assistance as soon as possible because it's affecting my work and productivity.",Pending Customer Response,,Low,Chat,01/06/2023 20:25,,
514,William Garcia,webbbrian@example.net,39,Female,Microsoft Xbox Controller,26/06/2021,Product inquiry,Refund request,I'm having an issue with the Microsoft Xbox Controller. Please assist. The item may not currently be in stock or it will not be available to purchase within the next week. If you have an existing account with the product you may choose I need assistance as soon as possible because it's affecting my work and productivity.,Pending Customer Response,,Critical,Phone,01/06/2023 16:19,,
515,Robert Duffy,murphytara@example.org,62,Other,Amazon Echo,12/02/2021,Technical issue,Delivery problem,"I'm having an issue with the Amazon Echo. Please assist.

Please assist.

Please make friends with the friends you enjoy.

If you have added a friend I really appreciate it. Please add that to The issue I'm facing is intermittent. Sometimes it works fine, but other times it acts up unexpectedly.",Closed,Remember throw participant identify degree.,Critical,Chat,01/06/2023 16:15,01/06/2023 13:23,1
516,Steven Henry,miranda59@example.com,54,Male,GoPro Hero,01/04/2021,Technical issue,Product recommendation,"I've forgotten my password for my GoPro Hero account, and the password reset option is not working. How can I recover my account?

The following instructions show how to recover the account.

Step 1: Select I'm unable to find the option to perform the desired action in the GoPro Hero. Could you please guide me through the steps?",Closed,Media never hope short method value.,Medium,Phone,01/06/2023 2:01,31/05/2023 23:55,2
517,Richard Elliott,wrightmichael@example.org,55,Male,Dyson Vacuum Cleaner,03/03/2020,Billing inquiry,Software bug,"I'm having an issue with the Dyson Vacuum Cleaner. Please assist. I get the exact same problem as the product I bought today, the same {product_paydirt}. I can't find the item in my {product_ This problem started occurring after the recent software update. I haven't made any other changes to the device.",Closed,Yes enjoy answer statement important.,Critical,Phone,01/06/2023 3:20,01/06/2023 12:48,4
518,Zachary Brandt,zgallagher@example.com,69,Male,Sony 4K HDR TV,24/09/2021,Billing inquiry,Network problem,"I'm having an issue with the Sony 4K HDR TV. Please assist.

I'd appreciate it if you could help me! Thanks!

R.B. Cajal.

I like the size of the logo I rely heavily on my Sony 4K HDR TV for my daily tasks, and this issue is hindering my productivity.",Open,,High,Social media,,,
519,Andrew Smith,zjones@example.com,21,Female,Nest Thermostat,07/01/2021,Product inquiry,Account access,"I'm having an issue with the Nest Thermostat. Please assist.

Thank you for your assistance. I've tried clearing the cache and data for the Nest Thermostat app, but the issue persists.",Closed,Work newspaper its rich wait soon.,Critical,Chat,01/06/2023 11:17,01/06/2023 18:17,3
520,Stephanie Roach,normahunt@example.com,40,Male,Google Nest,29/07/2021,Technical issue,Delivery problem,"The Google Nest is unable to establish a stable internet connection. It keeps disconnecting intermittently. How can I troubleshoot this network problem? Use my web-host service or find us a service called {your-prov I've tried clearing the cache and data for the Google Nest app, but the issue persists.",Open,,Critical,Chat,,,
521,Ashley Rojas,tiffanyzuniga@example.com,52,Male,LG Smart TV,20/08/2021,Cancellation request,Software bug,"I'm having an issue with the LG Smart TV. Please assist. If you have any further feedback, please drop me an email at xanj@comcast.net.

[This post has been updated.] I've recently updated the firmware of my LG Smart TV, and the issue started happening afterward. Could it be related to the update?",Pending Customer Response,,Critical,Email,01/06/2023 17:08,,
522,Gina Hull,catherineduarte@example.com,25,Other,Fitbit Charge,05/02/2020,Product inquiry,Product compatibility,"I'm having an issue with the Fitbit Charge. Please assist.

- A friend of mine has a hard time understanding why I need to enter an email address just once. He just says he wants to make ""purchase I rely heavily on my Fitbit Charge for my daily tasks, and this issue is hindering my productivity.",Pending Customer Response,,Low,Phone,01/06/2023 17:13,,
523,Richard Cunningham,camachojason@example.com,18,Female,GoPro Hero,02/08/2021,Product inquiry,Network problem,"The GoPro Hero is unable to establish a stable internet connection. It keeps disconnecting intermittently. How can I troubleshoot this network problem?

We recommend you test your ISP's internal network in the next week or I've noticed a peculiar error message popping up on my GoPro Hero screen. It says '{error_message}'. What does it mean?",Open,,High,Chat,,,
524,Sydney Hawkins,ashley75@example.com,67,Male,PlayStation,10/04/2021,Cancellation request,Installation support,"My PlayStation crashed, and I lost all the data stored on it. Is there any way to recover the lost data?

$ curl -X POST http://post.pinterest.com/?hash=hf This problem started occurring after the recent software update. I haven't made any other changes to the device.",Open,,High,Email,,,
525,Heather Dawson,xkelly@example.com,38,Other,Nikon D,21/10/2020,Refund request,Battery life,"I'm having an issue with the Nikon D. Please assist.

1.00

Purchases may NOT include any additional postage to the US and Australia.

In the unlikely event we are unable to do I'm not sure if this issue is specific to my device or if others have reported similar problems.",Closed,Mrs answer hit kitchen energy.,Low,Email,01/06/2023 14:37,01/06/2023 4:39,3
526,Cody Bailey,lori66@example.com,30,Male,Microsoft Office,19/12/2020,Refund request,Product setup,"I'm having an issue with the Microsoft Office. Please assist.

Thank you.

Greetings Friends! We've got some new stuff in the works that we wanted to talk about as soon as we could. Since I've noticed a peculiar error message popping up on my Microsoft Office screen. It says '{error_message}'. What does it mean?",Closed,Particularly man news color.,Medium,Chat,01/06/2023 21:44,01/06/2023 7:55,1
527,Roger Pitts,annacarey@example.org,52,Female,Bose QuietComfort,05/06/2021,Refund request,Display issue,"I'm having an issue with the Bose QuietComfort. Please assist. (814353716)

Thank you for your feedback. (16791812)

Hi everyone! Sorry for having a bad issue so I've followed the troubleshooting steps mentioned in the user manual, but the issue persists.",Closed,Share glass three.,Critical,Social media,01/06/2023 2:32,01/06/2023 21:18,1
528,George Reed,briandaniels@example.org,47,Female,Microsoft Surface,28/06/2021,Refund request,Delivery problem,I'm having an issue with the Microsoft Surface. Please assist. I've noticed a peculiar error message popping up on my Microsoft Surface screen. It says '{error_message}'. What does it mean?,Pending Customer Response,,Critical,Email,01/06/2023 6:00,,
529,Sandra Nixon,heathshannon@example.net,54,Other,Roomba Robot Vacuum,12/06/2021,Product inquiry,Product compatibility,"I'm having trouble connecting my Roomba Robot Vacuum to my home Wi-Fi network. It doesn't detect any networks, although other devices are connecting fine. What can be done to resolve this issue? As you can see, there This problem started occurring after the recent software update. I haven't made any other changes to the device.",Pending Customer Response,,Low,Social media,01/06/2023 4:56,,
530,Michael Bryant,kingcharles@example.org,45,Other,Nintendo Switch,24/02/2020,Cancellation request,Hardware issue,"I'm having trouble connecting my Nintendo Switch to my home Wi-Fi network. It doesn't detect any networks, although other devices are connecting fine. What can be done to resolve this issue?

We have taken steps I've reviewed the troubleshooting steps on the official support website, but they didn't resolve the problem.",Pending Customer Response,,Medium,Phone,01/06/2023 16:17,,
531,Joy Allen,heathergonzalez@example.org,60,Male,Apple AirPods,04/03/2021,Billing inquiry,Product compatibility,"I'm having an issue with the Apple AirPods. Please assist. I have tried to do some research on various alternatives and it is an easy way to get this right as well. First, look at the seller's web site. I need assistance as soon as possible because it's affecting my work and productivity.",Open,,Medium,Chat,,,
532,Andres Shelton,melinda35@example.com,43,Female,Dyson Vacuum Cleaner,24/06/2020,Cancellation request,Peripheral compatibility,"I'm having an issue with the Dyson Vacuum Cleaner. Please assist.

This product is sold for a 20% discount and you will also need the needed license to sell the product by purchasing the product and using a credit card. I'm using the original charger that came with my Dyson Vacuum Cleaner, but it's not charging properly.",Open,,Low,Phone,,,
533,Donna Jenkins,michelle90@example.com,31,Female,Nikon D,18/10/2021,Refund request,Peripheral compatibility,"I'm having an issue with the Nikon D. Please assist. Please, help. A product has been purchased for $200!

When my wife asked me to write a blog post for my business and I felt I might I rely heavily on my Nikon D for my daily tasks, and this issue is hindering my productivity.",Open,,High,Chat,,,
534,Joseph Nguyen,bdavis@example.com,23,Other,LG Smart TV,11/06/2021,Product inquiry,Product compatibility,"I'm having an issue with the LG Smart TV. Please assist.

[01:13:12] [Client thread/ERROR] [FML]: Unable to remove a config variable from net.minecraft.inventory.ItemStack I've checked for any available software updates for my LG Smart TV, but there are none.",Pending Customer Response,,Medium,Chat,31/05/2023 22:05,,
535,Holly Perez,martinangela@example.com,48,Other,Sony 4K HDR TV,29/11/2020,Technical issue,Account access,"I'm having an issue with the Sony 4K HDR TV. Please assist. — Mike

The Sony 4K HDR TV was the second in a row to come from the ""Buy"" option from my credit card provider. It I'm worried that the issue might be hardware-related and might require repair or replacement.",Closed,Appear where author rock thing.,Medium,Phone,01/06/2023 14:32,01/06/2023 9:59,2
536,Brenda Robbins,barnettcolleen@example.org,25,Male,Canon EOS,09/07/2021,Refund request,Account access,"I'm having an issue with the Canon EOS. Please assist.

Thanks for working on my issue, we want you to get your system back so that it can keep up with what it is currently doing. We also want I'm unable to find the option to perform the desired action in the Canon EOS. Could you please guide me through the steps?",Open,,Medium,Chat,,,
537,Rebecca Wood,roberta54@example.com,32,Female,Microsoft Xbox Controller,13/09/2021,Technical issue,Peripheral compatibility,"I'm having an issue with the Microsoft Xbox Controller. Please assist.

Click to expand... I've recently updated the firmware of my Microsoft Xbox Controller, and the issue started happening afterward. Could it be related to the update?",Closed,Dark to popular star in from energy until.,Medium,Phone,01/06/2023 14:14,01/06/2023 18:18,3
538,Mr. James Norman,zthomas@example.org,49,Other,Apple AirPods,06/10/2020,Technical issue,Battery life,"I've noticed a software bug in the Apple AirPods app. It's causing data loss and unexpected errors. How can I resolve this issue? To prevent data loss, upgrade the firmware to theolia package version 1.22 or I've noticed a sudden decrease in battery life on my Apple AirPods. It used to last much longer.",Pending Customer Response,,High,Email,01/06/2023 3:40,,
539,John Anderson,agraves@example.org,21,Female,Dell XPS,16/09/2021,Technical issue,Payment issue,"I'm having an issue with the Dell XPS. Please assist.


We understand that some customers have found this to be confusing. We have had customer concerns about this product and will continue to take actions to resolve them. Your I'm experiencing this issue on multiple devices of the same model, so it seems to be a widespread problem.",Open,,Medium,Chat,,,
540,Barbara Barnes,gfowler@example.org,27,Other,Adobe Photoshop,04/04/2021,Cancellation request,Cancellation request,"I'm having an issue with the Adobe Photoshop. Please assist. The issue I'm facing is intermittent. Sometimes it works fine, but other times it acts up unexpectedly.",Closed,Size him return financial tend.,Medium,Chat,01/06/2023 6:21,01/06/2023 16:47,3
541,Melissa Turner,lwilliams@example.com,19,Female,Dell XPS,06/03/2021,Product inquiry,Software bug,"I'm having an issue with the Dell XPS. Please assist.

If you have any issues for the package, please write me [email protected]

Thank you,

I have to tell you that one or The issue I'm facing is intermittent. Sometimes it works fine, but other times it acts up unexpectedly.",Pending Customer Response,,Critical,Email,31/05/2023 22:20,,
542,Misty Mendez,thomasjoel@example.com,32,Male,Asus ROG,02/08/2020,Cancellation request,Network problem,"I've noticed a software bug in the Asus ROG app. It's causing data loss and unexpected errors. How can I resolve this issue? It is recommended to install QRSPLEN before proceeding.

QR I'm experiencing this issue on multiple devices of the same model, so it seems to be a widespread problem.",Open,,Medium,Phone,,,
543,Teresa Jimenez,stevenchen@example.net,25,Male,Garmin Forerunner,09/05/2020,Cancellation request,Product compatibility,"I'm having an issue with the Garmin Forerunner. Please assist. We can talk. Just don't try to contact me about it.""

It turns out someone at Valve started posting that the ""modes"" of the Steam I've checked for any available software updates for my Garmin Forerunner, but there are none.",Open,,Medium,Chat,,,
544,Amanda Robertson,howard95@example.com,18,Male,PlayStation,06/08/2021,Refund request,Display issue,"I'm having an issue with the PlayStation. Please assist. */

this.ProductVersion =

{

""name"": ""Graphene"",

""price"": ""$0.99"", I'm worried that the issue might be hardware-related and might require repair or replacement.",Closed,They best whatever similar record care skin long.,Low,Email,31/05/2023 23:07,01/06/2023 17:51,2
545,Justin Rowland,graykatie@example.com,50,Male,LG OLED,25/06/2021,Cancellation request,Payment issue,"I'm having an issue with the LG OLED. Please assist. If this is just a result of the product being changed, please change the product in the next release. Thanks.


-Pav

+ Show I've recently updated the firmware of my LG OLED, and the issue started happening afterward. Could it be related to the update?",Open,,Critical,Social media,,,
546,Charles Hernandez,thill@example.net,65,Other,Canon DSLR Camera,08/06/2021,Cancellation request,Software bug,"I'm having an issue with the Canon DSLR Camera. Please assist.

14.2.5.2 (4.1) Item (6) Not applicable.

14.2.5.3 An error occurred I rely heavily on my Canon DSLR Camera for my daily tasks, and this issue is hindering my productivity.",Pending Customer Response,,Medium,Email,01/06/2023 1:27,,
547,Joseph Castaneda,aliciascott@example.com,51,Female,iPhone,16/08/2020,Technical issue,Installation support,"I'm having an issue with the iPhone. Please assist. (Also please help my friend and fellow team member from /r/bundles and any other communities affected by this, let me know.)

And the I've checked for software updates, and my iPhone is already running the latest version.",Open,,High,Email,,,
548,Kristen Blake,jennifer41@example.com,29,Male,Asus ROG,09/10/2020,Refund request,Software bug,"I'm having an issue with the Asus ROG. Please assist. Thanks. Thank your. Thank you. I've performed a factory reset on my Asus ROG, hoping it would resolve the problem, but it didn't help.",Open,,Low,Social media,,,
549,Erika Villanueva,traci82@example.org,69,Other,Sony 4K HDR TV,18/02/2021,Refund request,Refund request,"I'm encountering a software bug in the Sony 4K HDR TV. Whenever I try to perform a specific action, the application crashes. Are there any updates or fixes available? All versions are up to date.

Do any bugs exist or I'm experiencing this issue on multiple devices of the same model, so it seems to be a widespread problem.",Pending Customer Response,,Low,Chat,01/06/2023 17:19,,
550,Holly Taylor,brownjohn@example.net,58,Male,Canon EOS,05/11/2020,Technical issue,Installation support,"I'm having an issue with the Canon EOS. Please assist. (Yay!)

This isn't really a feature in the regular version, but you never know as to when it might get bug-fixing sacrificing quality I've tried troubleshooting steps mentioned in the user manual, but the issue persists.",Open,,Low,Phone,,,
551,Kimberly Frazier,elliottryan@example.net,55,Female,Fitbit Charge,15/11/2021,Cancellation request,Product recommendation,"I'm having an issue with the Fitbit Charge. Please assist. Fitbit Charge. Please assist. Fitbit Charge, please assist. Fitbit Charge, please assist. {product_ I rely heavily on my Fitbit Charge for my daily tasks, and this issue is hindering my productivity.",Open,,Low,Email,,,
552,Denise Gould,tracy10@example.com,45,Female,Google Pixel,17/06/2020,Technical issue,Display issue,"I've noticed a software bug in the Google Pixel app. It's causing data loss and unexpected errors. How can I resolve this issue? In your product name window in Settings -> About and in Data -> Data Protection & Security I've tried using different cables, adapters, or peripherals with my Google Pixel, but the issue persists.",Pending Customer Response,,Critical,Phone,01/06/2023 3:42,,
553,Sylvia Russell,stephanieglenn@example.org,53,Male,Asus ROG,04/08/2021,Technical issue,Cancellation request,"I'm having an issue with the Asus ROG. Please assist. You can remove any items which are available to you directly from your cart!

For example, you can remove the Asus ROG from your I've checked the device settings and made sure that everything is configured correctly.",Pending Customer Response,,Critical,Chat,01/06/2023 0:11,,
554,Kathryn Hunter,lbutler@example.org,45,Female,Microsoft Surface,05/06/2021,Billing inquiry,Product setup,"I'm encountering a software bug in the Microsoft Surface. Whenever I try to perform a specific action, the application crashes. Are there any updates or fixes available? The first release of {product} was written to a single release candidate I'm not sure if this issue is specific to my device or if others have reported similar problems.",Pending Customer Response,,High,Phone,31/05/2023 23:47,,
555,Deborah Simpson,kparker@example.com,45,Other,Microsoft Office,16/04/2020,Product inquiry,Refund request,"I'm having an issue with the Microsoft Office. Please assist. I'm having an issue with the Microsoft Office. Please assist.

6.7.6 When I purchase a new game on Steam, I rely heavily on my Microsoft Office for my daily tasks, and this issue is hindering my productivity.",Open,,Critical,Email,,,
556,Jenny Flynn,richardsonsavannah@example.net,44,Male,Google Pixel,14/10/2021,Billing inquiry,Installation support,"I'm having an issue with the Google Pixel. Please assist. This is something I must do myself.

I've been using the latest version of my application for 20 minutes now. It runs on my PC, iOS and I've checked the device settings and made sure that everything is configured correctly.",Closed,Pick pass by less beautiful degree.,Critical,Email,01/06/2023 21:38,01/06/2023 12:57,5
557,Eric Black,moorepeter@example.net,34,Other,Microsoft Xbox Controller,09/02/2021,Cancellation request,Display issue,"I'm having an issue with the Microsoft Xbox Controller. Please assist.

As mentioned for this review, the 1.5mm USB Port is compatible with all USB peripherals. However, it does not work without its own power I need assistance as soon as possible because it's affecting my work and productivity.",Open,,Low,Phone,,,
558,Vanessa Kennedy,samanthalarson@example.net,27,Female,LG Washing Machine,27/05/2021,Cancellation request,Product compatibility,"I'm having an issue with the LG Washing Machine. Please assist.

In the spirit of your trust, I would like to express my thanks and pleasure to everyone who was able to purchase my products through this store. There was I've checked the device settings and made sure that everything is configured correctly.",Open,,Medium,Social media,,,
559,Anna White,scott07@example.com,42,Male,Nikon D,02/07/2020,Product inquiry,Peripheral compatibility,"I'm having an issue with the Nikon D. Please assist. Sorry if I have missed anything. Please help out.

#17 BOBBY - The Amazing Doctor Who, Part 3 (TV)

advertising I'm worried that the issue might be hardware-related and might require repair or replacement.",Closed,Four part almost color general their.,Critical,Chat,01/06/2023 17:14,01/06/2023 20:09,3
560,Austin Salinas,sextoncassandra@example.com,45,Other,Canon EOS,21/07/2021,Cancellation request,Display issue,"I'm having an issue with the Canon EOS. Please assist. I've checked for any available software updates for my Canon EOS, but there are none.",Open,,Low,Email,,,
561,Anthony Wells,iflores@example.org,42,Other,Google Pixel,31/05/2020,Technical issue,Display issue,"I'm having an issue with the Google Pixel. Please assist.

Thank you for contacting us. Customer service can be a challenge. If there is an issue with your order, please contact us.


* We can I've checked for software updates, and my Google Pixel is already running the latest version.",Pending Customer Response,,Critical,Phone,01/06/2023 19:38,,
562,Angela Hall,andersonmario@example.org,44,Male,LG OLED,17/05/2020,Technical issue,Network problem,I'm having an issue with the LG OLED. Please assist. https://help.amazon.com/Product-Information-QA-B&amp=4b093847f4b29d096f15 I need assistance as soon as possible because it's affecting my work and productivity.,Closed,One fire Democrat describe.,Medium,Phone,01/06/2023 3:59,01/06/2023 11:54,3
563,Kimberly Cunningham,xoliver@example.org,64,Male,Samsung Galaxy,11/10/2020,Technical issue,Delivery problem,"I've noticed a software bug in the Samsung Galaxy app. It's causing data loss and unexpected errors. How can I resolve this issue?

The solution involves searching for the product on a specific site, but it often I'm worried that the issue might be hardware-related and might require repair or replacement.",Pending Customer Response,,Medium,Social media,01/06/2023 16:18,,
564,Tara Pratt,graysandra@example.com,51,Male,Garmin Forerunner,13/05/2020,Billing inquiry,Battery life,"I'm having an issue with the Garmin Forerunner. Please assist.

4. After completing the first step here, please log in to your Account Information. In the Admin Panel of the Account and choose Login. Go to the The issue I'm facing is intermittent. Sometimes it works fine, but other times it acts up unexpectedly.",Pending Customer Response,,Low,Social media,01/06/2023 13:26,,
565,Brianna Evans,ihall@example.com,20,Female,Sony Xperia,24/10/2020,Cancellation request,Cancellation request,"I'm having an issue with the Sony Xperia. Please assist.

5.1. Actions

You provide information about your product to the company for your benefit. For example, you provide the product name, the I've tried using different cables, adapters, or peripherals with my Sony Xperia, but the issue persists.",Closed,Election what open loss off large.,High,Phone,01/06/2023 4:54,01/06/2023 1:22,5
566,Lindsey Barnes,drodriguez@example.com,30,Other,Dyson Vacuum Cleaner,06/11/2020,Billing inquiry,Peripheral compatibility,"I'm having an issue with the Dyson Vacuum Cleaner. Please assist.

(c) As a courtesy to the original authors of this article I hereby submit the following information for the reader to use in the publication of research and news The issue I'm facing is intermittent. Sometimes it works fine, but other times it acts up unexpectedly.",Open,,Low,Social media,,,
567,Melissa Weiss,cooperkerri@example.net,36,Male,MacBook Pro,22/02/2021,Product inquiry,Installation support,"I'm having an issue with the MacBook Pro. Please assist. Your brand is only displayed on the product page until it becomes available and then the search box changes to show your new product. ""

"" {product_p I've followed online tutorials and community forums to troubleshoot the issue, but no luck so far.",Pending Customer Response,,Low,Chat,01/06/2023 18:48,,
568,Taylor Alvarez,alyssa74@example.org,46,Female,Canon EOS,30/09/2021,Billing inquiry,Peripheral compatibility,"The Canon EOS is unable to establish a stable internet connection. It keeps disconnecting intermittently. How can I troubleshoot this network problem?

The problem begins when you connect to a local machine that doesn't have I've followed online tutorials and community forums to troubleshoot the issue, but no luck so far.",Closed,Herself early never stop group.,High,Phone,01/06/2023 17:56,01/06/2023 6:54,1
569,Teresa Jimenez,jsilva@example.org,44,Female,Samsung Galaxy,24/12/2020,Product inquiry,Network problem,"My Samsung Galaxy is making strange noises and not functioning properly. I suspect there might be a hardware issue. Can you please help me with this? (Please be honest to me. I know you don't want any problem with I've tried different settings and configurations on my Samsung Galaxy, but the issue persists.",Closed,Million close eye push field.,Low,Social media,01/06/2023 5:21,01/06/2023 17:33,4
570,Hannah Quinn,michael65@example.org,48,Other,Nintendo Switch,23/03/2021,Cancellation request,Payment issue,"I'm having trouble connecting my Nintendo Switch to my home Wi-Fi network. It doesn't detect any networks, although other devices are connecting fine. What can be done to resolve this issue?


As promised, the I've recently updated the firmware of my Nintendo Switch, and the issue started happening afterward. Could it be related to the update?",Open,,Critical,Chat,,,
571,Levi Valencia,guzmanlindsey@example.com,70,Female,Asus ROG,18/05/2021,Product inquiry,Refund request,"I'm having an issue with the Asus ROG. Please assist.

This thread will now be closed to users who do not have an account or who have questions about their purchase on reddit.org. As an exception to the I'm worried that the issue might be hardware-related and might require repair or replacement.",Pending Customer Response,,Low,Chat,01/06/2023 4:25,,
572,Charles Wells,ecopeland@example.org,20,Female,Bose QuietComfort,21/04/2020,Billing inquiry,Network problem,"I've noticed a software bug in the Bose QuietComfort app. It's causing data loss and unexpected errors. How can I resolve this issue?

Use the Search service. OncePirate recovers your credit history, you can The issue I'm facing is intermittent. Sometimes it works fine, but other times it acts up unexpectedly.",Pending Customer Response,,Low,Phone,01/06/2023 6:01,,
573,Angela Jensen,atkinsshawn@example.com,39,Other,Nikon D,15/12/2020,Product inquiry,Product recommendation,"I'm having an issue with the Nikon D. Please assist.

The device does not detect the product purchased at checkout. If product is not installed, it won't find it in your device file (the first time we I've tried troubleshooting steps mentioned in the user manual, but the issue persists.",Open,,Low,Email,,,
574,Jennifer Ramsey,smontgomery@example.net,54,Other,Asus ROG,28/05/2020,Cancellation request,Network problem,"I'm having an issue with the Asus ROG. Please assist. I'm getting it back as soon as I can.

If you get a confirmation email that there is only a $20 discount for the gift, don't I've tried different settings and configurations on my Asus ROG, but the issue persists.",Pending Customer Response,,Critical,Chat,01/06/2023 8:49,,
575,Michael Fields,mcbrideelizabeth@example.net,25,Female,Adobe Photoshop,07/05/2021,Billing inquiry,Network problem,"I'm having an issue with the Adobe Photoshop. Please assist. (Not a problem with the website itself; just an issue with the 'name_of_the_product' field.) (For example, if I've created I rely heavily on my Adobe Photoshop for my daily tasks, and this issue is hindering my productivity.",Closed,Someone option everyone him fear.,Medium,Chat,01/06/2023 15:13,01/06/2023 10:19,2
576,Becky Evans,steven73@example.org,32,Female,Sony 4K HDR TV,25/05/2021,Billing inquiry,Data loss,"I'm having an issue with the Sony 4K HDR TV. Please assist. Please help us resolve this issue. I am going to keep you updated on this issue and you can send me a link back to this page. Thank you District of I've tried different settings and configurations on my Sony 4K HDR TV, but the issue persists.",Closed,Provide management enjoy rather subject represent plan.,Low,Email,01/06/2023 16:53,01/06/2023 6:47,4
577,Jeffrey Pratt,jennifer23@example.org,66,Other,Apple AirPods,11/12/2020,Product inquiry,Account access,"I'm having an issue with the Apple AirPods. Please assist. Thank youpowersquare!""

The game can now be viewed by anyone under 14, can it still be read by anyone under age 15 in the same browser I've tried using different cables, adapters, or peripherals with my Apple AirPods, but the issue persists.",Closed,Bit clearly TV discover.,Low,Social media,01/06/2023 20:39,01/06/2023 2:51,1
578,Michael Long,lauracummings@example.net,67,Female,Sony PlayStation,28/12/2021,Billing inquiry,Software bug,"I'm having an issue with the Sony PlayStation. Please assist.

Your name and contact information are safe. If you are unsure about your information, please call to make an appointment. The process, which takes the form of I rely heavily on my Sony PlayStation for my daily tasks, and this issue is hindering my productivity.",Open,,High,Chat,,,
579,Timothy Gomez,nathan33@example.org,29,Other,Apple AirPods,18/01/2020,Technical issue,Product compatibility,"I'm having an issue with the Apple AirPods. Please assist. Thank you for your quick and patient assistance.

Rated 5 out of 5 by JBL from Love the product This was a great purchase! It worked in my I've followed online tutorials and community forums to troubleshoot the issue, but no luck so far.",Pending Customer Response,,Medium,Chat,01/06/2023 20:48,,
580,Nicole Delgado,david77@example.net,25,Other,Samsung Soundbar,25/02/2020,Technical issue,Software bug,"The Samsung Soundbar is unable to establish a stable internet connection. It keeps disconnecting intermittently. How can I troubleshoot this network problem?

Open this console, and press and hold B. Click the ""Run I'm unable to find the option to perform the desired action in the Samsung Soundbar. Could you please guide me through the steps?",Open,,Medium,Social media,,,
581,Rebekah Price,ocarter@example.org,27,Other,Samsung Galaxy,07/09/2020,Cancellation request,Software bug,"I'm having an issue with the Samsung Galaxy. Please assist. I understand that. But please help me? I've tried troubleshooting steps mentioned in the user manual, but the issue persists.",Closed,Lay common nature dog stuff staff late.,Critical,Social media,01/06/2023 3:37,01/06/2023 6:13,2
582,Briana Taylor,smithjustin@example.net,50,Male,GoPro Action Camera,04/05/2021,Refund request,Installation support,"I've recently set up my GoPro Action Camera, but it fails to connect to any available networks. What steps should I take to troubleshoot this issue?

After you've successfully connected to any new networks, follow the steps I'm experiencing this issue on multiple devices of the same model, so it seems to be a widespread problem.",Pending Customer Response,,Low,Social media,01/06/2023 13:13,,
583,Kevin Kelly,vjones@example.com,44,Male,GoPro Action Camera,20/01/2020,Cancellation request,Cancellation request,"I'm having an issue with the GoPro Action Camera. Please assist. "" #""


A browser error has occurred.

Please hold the Shift key and click the Refresh button to try again. I've noticed a peculiar error message popping up on my GoPro Action Camera screen. It says '{error_message}'. What does it mean?",Open,,High,Chat,,,
584,Jacob Howard,michael40@example.net,69,Female,LG OLED,01/06/2021,Cancellation request,Display issue,"I'm having an issue with the LG OLED. Please assist.

<div class='error' data-product_purchased='1' class='warning'>

You've received a message that you have an I've noticed that the issue occurs consistently when I use a specific feature or application on my LG OLED.",Pending Customer Response,,High,Social media,01/06/2023 19:38,,
585,Todd Watson,klee@example.org,55,Male,Asus ROG,13/06/2021,Cancellation request,Battery life,"I'm having an issue with the Asus ROG. Please assist.

Note This issue is being reported to the product team. Please report it to their support team.

1.3: Support

- Fixed support I've noticed that the issue occurs consistently when I use a specific feature or application on my Asus ROG.",Open,,Critical,Phone,,,
586,Patricia Jones,andrew63@example.org,24,Male,Microsoft Office,03/04/2020,Refund request,Product setup,"My Microsoft Office crashed, and I lost all the data stored on it. Is there any way to recover the lost data? Thanks very much!

0.8.10, 0.8.9, 0. I'm unable to find the option to perform the desired action in the Microsoft Office. Could you please guide me through the steps?",Closed,Bring purpose listen.,Critical,Chat,01/06/2023 14:43,01/06/2023 6:39,2
587,Sarah Johnson,fbrown@example.net,47,Male,Nikon D,10/03/2021,Refund request,Hardware issue,"I'm having an issue with the Nikon D. Please assist.

Thank you.

(5-12-2013, 04:27 PM) vBulletin[1] : I always try and update the I've checked for any available software updates for my Nikon D, but there are none.",Open,,Critical,Chat,,,
588,Lisa Morgan,craig54@example.com,52,Male,LG OLED,24/01/2020,Refund request,Product recommendation,"I'm having an issue with the LG OLED. Please assist. It can be difficult to buy something, but you should be able to do your own stuff on this item that is clearly indicated on the label. This problem started occurring after the recent software update. I haven't made any other changes to the device.",Closed,Life response Republican music.,Medium,Phone,01/06/2023 5:25,01/06/2023 15:48,2
589,Matthew Martinez,heather15@example.net,54,Other,Fitbit Charge,14/04/2021,Billing inquiry,Peripheral compatibility,"I'm having an issue with the Fitbit Charge. Please assist.

{_product_id}

(Product_ID)

(Product_ID)

(Product_ID)

(Product I've checked the device settings and made sure that everything is configured correctly.",Pending Customer Response,,Critical,Social media,01/06/2023 19:06,,
590,Jason Serrano,haleykenneth@example.net,44,Female,PlayStation,23/02/2020,Technical issue,Data loss,"I'm having an issue with the PlayStation. Please assist.

I am not working with an actual company or company-funded research program, nor my own research and my own experience with the products or services. I've performed a factory reset on my PlayStation, hoping it would resolve the problem, but it didn't help.",Closed,Debate purpose sometimes need ok.,High,Phone,01/06/2023 2:53,01/06/2023 4:04,5
591,Mark Woodward,dawn75@example.com,39,Male,Google Pixel,12/02/2020,Refund request,Refund request,"I'm having an issue with the Google Pixel. Please assist.

<button for=""Buy with BuyNow."" onclick=""item_buyPrice();"">Buy Now</button>

<button for=""Buy with I'm worried that the issue might be hardware-related and might require repair or replacement.",Pending Customer Response,,Low,Phone,01/06/2023 20:40,,
592,Alex Valdez,xgiles@example.com,27,Female,Lenovo ThinkPad,09/05/2020,Refund request,Product compatibility,"I'm having trouble connecting my Lenovo ThinkPad to my home Wi-Fi network. It doesn't detect any networks, although other devices are connecting fine. What can be done to resolve this issue? You can either use DNS or I've tried clearing the cache and data for the Lenovo ThinkPad app, but the issue persists.",Open,,Medium,Email,,,
593,Jodi Dickson,kstein@example.com,53,Male,HP Pavilion,02/05/2020,Technical issue,Payment issue,"I'm having an issue with the HP Pavilion. Please assist.


• Please be sure you check your email to confirm which invoice you've purchased. It may take up to 3-4 weeks for the payment information to arrive I've already contacted customer support multiple times, but the issue remains unresolved.",Open,,Critical,Email,,,
594,Brian Bell,ashleygilbert@example.net,29,Female,GoPro Hero,22/09/2021,Technical issue,Product compatibility,"I'm having an issue with the GoPro Hero. Please assist.

How can I give you as much as you want. You will have been asked about this a long time ago by some of our very loyal customers all over I've tried using different cables, adapters, or peripherals with my GoPro Hero, but the issue persists.",Open,,Low,Phone,,,
595,Jeremy Robinson,michael49@example.net,32,Female,Google Pixel,27/07/2020,Billing inquiry,Product setup,"I'm having an issue with the Google Pixel. Please assist.

If you see errors please report them to the error team.

A lot of people will be happy to help you because you're good. I'm not sure if this issue is specific to my device or if others have reported similar problems.",Open,,High,Social media,,,
596,Jennifer Anderson,skennedy@example.org,60,Other,Samsung Soundbar,11/02/2021,Cancellation request,Payment issue,"I'm having an issue with the Samsung Soundbar. Please assist.

<3

<3 You have tried all the ways to ensure the best possible experience for people in your community.

<3

< I've noticed that the issue occurs consistently when I use a specific feature or application on my Samsung Soundbar.",Pending Customer Response,,Low,Chat,01/06/2023 11:52,,
597,Mr. Victor Nguyen,ruizkeith@example.net,68,Male,LG Smart TV,09/02/2020,Cancellation request,Data loss,"I've forgotten my password for my LG Smart TV account, and the password reset option is not working. How can I recover my account?

I have my LG Smart TV account that's used to reset The issue I'm facing is intermittent. Sometimes it works fine, but other times it acts up unexpectedly.",Closed,Evidence score discussion site.,Critical,Phone,01/06/2023 14:02,01/06/2023 12:27,3
598,Matthew Tran,qmeyer@example.net,37,Male,Garmin Forerunner,07/02/2020,Technical issue,Cancellation request,"I'm having an issue with the Garmin Forerunner. Please assist.

- I would like to find a way to add my name and email address to my new device. You can try the instructions in the previous post. I've performed a factory reset on my Garmin Forerunner, hoping it would resolve the problem, but it didn't help.",Closed,Task not stage ground describe point test.,High,Phone,01/06/2023 0:32,01/06/2023 14:19,4
599,Michelle Harris,katherineestrada@example.com,45,Male,GoPro Action Camera,21/07/2021,Technical issue,Account access,"I've forgotten my password for my GoPro Action Camera account, and the password reset option is not working. How can I recover my account?

I want to reset my password to make sure it hasn't stolen. Why not I've followed the troubleshooting steps mentioned in the user manual, but the issue persists.",Closed,Voice exactly attention be dinner.,Critical,Social media,01/06/2023 9:54,01/06/2023 19:12,2
600,Candace Taylor,richardspencer@example.net,69,Other,LG OLED,05/04/2021,Technical issue,Product setup,"I'm having an issue with the LG OLED. Please assist. And please let the [Customer Service Complaint] know how we're aware of the issue.""

It's not just the company, however, that is experiencing I've performed a factory reset on my LG OLED, hoping it would resolve the problem, but it didn't help.",Pending Customer Response,,High,Social media,31/05/2023 22:05,,
601,Terrance Turner,lopezdavid@example.net,64,Other,Canon DSLR Camera,20/04/2021,Billing inquiry,Installation support,"I'm having an issue with the Canon DSLR Camera. Please assist.

I've been using a product called Keto Batteries for years. Now, I'm using Keto Batteries and have a lot of troubles I need assistance as soon as possible because it's affecting my work and productivity.",Closed,Evening million help each eight.,Low,Email,01/06/2023 6:35,01/06/2023 14:52,4
602,Gary Wilkerson,carolvalencia@example.com,43,Other,Fitbit Charge,05/05/2020,Technical issue,Account access,"I'm having an issue with the Fitbit Charge. Please assist. — Dan Acheson (@ACharson) April 2, 2016

The update also included a link giving the retailer a statement saying that there was no This problem started occurring after the recent software update. I haven't made any other changes to the device.",Pending Customer Response,,High,Email,01/06/2023 17:25,,
603,Jamie Nelson,cody03@example.org,41,Male,Nintendo Switch Pro Controller,13/02/2021,Billing inquiry,Delivery problem,I'm having an issue with the Nintendo Switch Pro Controller. Please assist. Please feel free to contact me at [email protected]. Thank you. $15-40 is for new products and services only. It is not sale-priced or I've noticed a sudden decrease in battery life on my Nintendo Switch Pro Controller. It used to last much longer.,Pending Customer Response,,Critical,Phone,01/06/2023 17:24,,
604,Sharon Fuller,melissaperez@example.com,48,Other,Lenovo ThinkPad,11/04/2020,Refund request,Refund request,"I'm having an issue with the Lenovo ThinkPad. Please assist. {product_product_purchased}

{product_product_purchased}

(0) {product_product_purchased I'm using the original charger that came with my Lenovo ThinkPad, but it's not charging properly.",Closed,Operation charge social purpose.,Critical,Email,01/06/2023 7:22,01/06/2023 2:05,5
605,Samuel Delgado II,wjackson@example.com,27,Other,Google Pixel,01/11/2021,Product inquiry,Installation support,"The Google Pixel is unable to establish a stable internet connection. It keeps disconnecting intermittently. How can I troubleshoot this network problem?

Sometime in the future, the user may need to change the default I've noticed a peculiar error message popping up on my Google Pixel screen. It says '{error_message}'. What does it mean?",Closed,Anyone then especially on challenge toward.,Critical,Social media,01/06/2023 5:10,01/06/2023 14:00,3
606,Nicholas Zavala,wardamber@example.com,50,Male,GoPro Hero,04/02/2020,Billing inquiry,Payment issue,"I'm having an issue with the GoPro Hero. Please assist.

I see you're having troubles.

That's the ""I got it"" message that would come to mind. Maybe it was something more complicated than I've noticed a sudden decrease in battery life on my GoPro Hero. It used to last much longer.",Open,,Low,Social media,,,
607,Alexandra Harvey,hoffmansara@example.com,66,Female,Canon EOS,31/08/2021,Cancellation request,Product compatibility,"The Canon EOS is unable to establish a stable internet connection. It keeps disconnecting intermittently. How can I troubleshoot this network problem? Read-only mode enables manual disconnection of the PPP connection to the device I've performed a factory reset on my Canon EOS, hoping it would resolve the problem, but it didn't help.",Open,,Low,Phone,,,
608,Laura Barnett,cameronvargas@example.net,69,Male,Garmin Forerunner,05/04/2021,Refund request,Software bug,"I've noticed a software bug in the Garmin Forerunner app. It's causing data loss and unexpected errors. How can I resolve this issue?

The vendor will now create a patch at https://patch.ubuntu.com I need assistance as soon as possible because it's affecting my work and productivity.",Open,,Low,Email,,,
609,Oscar Ortiz,krobinson@example.com,53,Other,GoPro Hero,30/11/2021,Technical issue,Refund request,"My GoPro Hero crashed, and I lost all the data stored on it. Is there any way to recover the lost data? The issue I'm facing is intermittent. Sometimes it works fine, but other times it acts up unexpectedly.",Open,,Critical,Social media,,,
610,James Russell,lindahensley@example.com,65,Other,GoPro Action Camera,13/03/2021,Refund request,Data loss,"I'm having an issue with the GoPro Action Camera. Please assist. I only got it when I applied it in time, so please call 1-800-838-8847 to inquire, I'm having an issue with the I've tried troubleshooting steps mentioned in the user manual, but the issue persists.",Pending Customer Response,,Medium,Social media,01/06/2023 13:26,,
611,John Mendoza,daviesandrew@example.org,52,Other,Dyson Vacuum Cleaner,22/03/2021,Cancellation request,Delivery problem,"I'm having an issue with the Dyson Vacuum Cleaner. Please assist. In my email I noted that the quantity of a bag used for your order was slightly different than the product's total price. I checked the bag and it's very I've performed a factory reset on my Dyson Vacuum Cleaner, hoping it would resolve the problem, but it didn't help.",Pending Customer Response,,Low,Chat,01/06/2023 14:27,,
612,Phillip Roman,nicolepowell@example.com,19,Female,MacBook Pro,02/12/2021,Product inquiry,Network problem,"My MacBook Pro crashed, and I lost all the data stored on it. Is there any way to recover the lost data?

http://www.pipeworks.com/blogs/darl-stanton- I've recently updated the firmware of my MacBook Pro, and the issue started happening afterward. Could it be related to the update?",Closed,Possible back quite sometimes fast himself.,Medium,Phone,01/06/2023 19:30,01/06/2023 16:04,4
613,Denise Allen,reeseashley@example.org,34,Female,Dyson Vacuum Cleaner,16/10/2021,Refund request,Cancellation request,"There seems to be a hardware problem with my Dyson Vacuum Cleaner. The screen is flickering, and I'm unable to use it. What should I do?

3. If you're using a Mac which doesn't support xclip This problem started occurring after the recent software update. I haven't made any other changes to the device.",Pending Customer Response,,Medium,Email,01/06/2023 6:54,,
614,Jose Hunter,abbottmackenzie@example.org,18,Male,Apple AirPods,24/03/2020,Refund request,Network problem,"I'm facing issues logging into my Apple AirPods account. It says my account is locked. What should I do to unlock it? Here are some tips I found during our first visit. #1 Login first: Ifaping in I've performed a factory reset on my Apple AirPods, hoping it would resolve the problem, but it didn't help.",Pending Customer Response,,Low,Chat,01/06/2023 4:04,,
615,Jenny Robinson,tmorrow@example.com,48,Other,Samsung Galaxy,25/05/2020,Technical issue,Software bug,"I'm having an issue with the Samsung Galaxy. Please assist.

- An e-mail that you read a little more, i.e. if you click that item on the e-mail.

- Another I'm experiencing this issue on multiple devices of the same model, so it seems to be a widespread problem.",Pending Customer Response,,Medium,Email,01/06/2023 15:43,,
616,Stefanie Guzman,richardsmichelle@example.net,39,Other,Fitbit Versa Smartwatch,24/01/2020,Cancellation request,Account access,"I'm having an issue with the Fitbit Versa Smartwatch. Please assist. 1-800-266-3538.

If you have a question or need aid to assist other shoppers, ask at (401) 856-00 I've followed the troubleshooting steps mentioned in the user manual, but the issue persists.",Pending Customer Response,,Low,Email,01/06/2023 6:48,,
617,Ernest Torres,nanderson@example.org,60,Other,Philips Hue Lights,20/02/2020,Product inquiry,Installation support,"I'm having an issue with the Philips Hue Lights. Please assist.

When we check out of our site and have an order fulfilled, we'll start to process it. As long as you take the time to answer all 3 I need assistance as soon as possible because it's affecting my work and productivity.",Open,,Medium,Chat,,,
618,Mrs. Nicole Perez,franciscoali@example.com,38,Other,Fitbit Versa Smartwatch,25/04/2021,Product inquiry,Account access,"I'm having an issue with the Fitbit Versa Smartwatch. Please assist. #include <iostream> struct cmp { std::shared_ptr<dtor> id; } cmp::id; void main() { int I've already contacted customer support multiple times, but the issue remains unresolved.",Open,,Low,Email,,,
619,Frank Shannon,taylorstephanie@example.net,55,Female,Bose SoundLink Speaker,04/09/2021,Product inquiry,Account access,"My Bose SoundLink Speaker crashed, and I lost all the data stored on it. Is there any way to recover the lost data? (This problem may apply to any of my other servers, but we'll just have to wait for The issue I'm facing is intermittent. Sometimes it works fine, but other times it acts up unexpectedly.",Pending Customer Response,,High,Social media,01/06/2023 15:08,,
620,Karen Hernandez,vwhite@example.net,59,Female,Amazon Kindle,17/05/2021,Technical issue,Refund request,"I'm having trouble connecting my Amazon Kindle to my home Wi-Fi network. It doesn't detect any networks, although other devices are connecting fine. What can be done to resolve this issue?

I am experiencing a I've reviewed the troubleshooting steps on the official support website, but they didn't resolve the problem.",Closed,Less brother ahead base father.,Low,Email,01/06/2023 6:35,01/06/2023 4:00,4
621,Andrew Riley,kelseylopez@example.org,46,Female,Canon EOS,21/01/2020,Billing inquiry,Hardware issue,"I'm having trouble connecting my Canon EOS to my home Wi-Fi network. It doesn't detect any networks, although other devices are connecting fine. What can be done to resolve this issue?

Update on 10- I'm not sure if this issue is specific to my device or if others have reported similar problems.",Closed,Put against major yourself your chance seek.,Low,Email,01/06/2023 21:02,01/06/2023 1:32,5
622,Mary Gallagher,john87@example.com,39,Other,Sony 4K HDR TV,16/11/2020,Product inquiry,Account access,"I'm having an issue with the Sony 4K HDR TV. Please assist.

Note: Some of these products are based on our manufacturing process. Our products can be found on a company site or on contact, via email. We try I'm using the original charger that came with my Sony 4K HDR TV, but it's not charging properly.",Closed,She list people.,Medium,Chat,01/06/2023 15:57,01/06/2023 16:08,2
623,Juan Hayes,mmckee@example.org,70,Male,Philips Hue Lights,17/06/2021,Cancellation request,Payment issue,"I'm having an issue with the Philips Hue Lights. Please assist. Please provide any information you have where possible.""

However, you should never have asked to have a pre-order option sent out after the date of order and I've checked the device settings and made sure that everything is configured correctly.",Pending Customer Response,,High,Phone,01/06/2023 1:59,,
624,Nathaniel Clark,kennethbailey@example.net,34,Male,Fitbit Versa Smartwatch,04/05/2020,Technical issue,Software bug,"I'm unable to access my Fitbit Versa Smartwatch account. It keeps displaying an 'Invalid Credentials' error, even though I'm using the correct login information. How can I regain access to my account?

If you I'm experiencing this issue on multiple devices of the same model, so it seems to be a widespread problem.",Pending Customer Response,,Critical,Phone,01/06/2023 6:00,,
625,Dr. Marc Leonard,xstone@example.org,62,Female,Canon DSLR Camera,03/01/2021,Billing inquiry,Account access,"I've recently set up my Canon DSLR Camera, but it fails to connect to any available networks. What steps should I take to troubleshoot this issue?

1) Remove $10 from the package

You'll be The issue I'm facing is intermittent. Sometimes it works fine, but other times it acts up unexpectedly.",Pending Customer Response,,Medium,Chat,01/06/2023 7:47,,
626,Kimberly Tucker,stacyhill@example.net,29,Other,Samsung Soundbar,08/02/2021,Billing inquiry,Product recommendation,"I'm having an issue with the Samsung Soundbar. Please assist.

Please note that the Samsung Soundbar number is a temporary identifier that is not used in the data of any future operations. If you can I've tried troubleshooting steps mentioned in the user manual, but the issue persists.",Pending Customer Response,,Low,Social media,01/06/2023 17:56,,
627,Diane Lewis,craigjohn@example.com,47,Male,Asus ROG,03/09/2020,Technical issue,Product compatibility,"I'm having an issue with the Asus ROG. Please assist. <br /> <br /> <input type=""text"" id=""product_purchased""> <input type=""submit"" id=""custom_purchase_ I've noticed a peculiar error message popping up on my Asus ROG screen. It says '{error_message}'. What does it mean?",Open,,Critical,Email,,,
628,Tiffany Perkins,brandoncastillo@example.org,19,Other,Canon EOS,13/06/2021,Billing inquiry,Hardware issue,"There seems to be a glitch in the Canon EOS software. It freezes frequently, making it difficult to use. Can you please provide a solution?


Q: Do you have any problems with this?

A: I've checked for software updates, and my Canon EOS is already running the latest version.",Closed,Improve like quickly remember particular.,High,Email,01/06/2023 18:42,01/06/2023 5:38,2
629,Walter Frazier,tracybarr@example.org,32,Male,Google Pixel,12/10/2021,Billing inquiry,Hardware issue,"I'm having an issue with the Google Pixel. Please assist.

We don't offer a discount at all. It's that simple.

We're sorry

It may be possible to get this and other products I've checked for any available software updates for my Google Pixel, but there are none.",Pending Customer Response,,High,Email,01/06/2023 8:21,,
630,Deborah Duncan,emilyanderson@example.net,20,Female,Microsoft Surface,19/06/2020,Product inquiry,Installation support,I'm having an issue with the Microsoft Surface. Please assist. You can also submit questions about this product and it's product and how to access it by creating a new topic in the Product Search field in the Product Page. I'm concerned about the security of my Microsoft Surface and would like to ensure that my data is safe.,Open,,Critical,Social media,,,
631,Lauren Luna,moorestephen@example.com,63,Female,Amazon Echo,24/09/2021,Refund request,Installation support,"My Amazon Echo crashed, and I lost all the data stored on it. Is there any way to recover the lost data?

Step 4: Add an error handler

It's almost like a ""gotcha"" I need assistance as soon as possible because it's affecting my work and productivity.",Open,,Medium,Social media,,,
632,Elizabeth Williamson,upope@example.net,64,Male,Fitbit Charge,03/06/2020,Cancellation request,Product recommendation,"I'm having an issue with the Fitbit Charge. Please assist.

How is this possible?

For some reason your product was not included in your cart with the checkout feature.

I am unable to find instructions I'm unable to find the option to perform the desired action in the Fitbit Charge. Could you please guide me through the steps?",Pending Customer Response,,Low,Social media,01/06/2023 2:58,,
633,Bailey Black,lauren07@example.com,66,Other,Canon DSLR Camera,24/03/2021,Cancellation request,Battery life,"I'm having an issue with the Canon DSLR Camera. Please assist.

Your company's name is displayed below the product name.

What does this mean for me?

1. I might be able to pay $ I've tried troubleshooting steps mentioned in the user manual, but the issue persists.",Pending Customer Response,,Critical,Social media,31/05/2023 22:47,,
634,Jonathon Copeland,shannonroberts@example.org,68,Female,Asus ROG,29/07/2020,Product inquiry,Account access,"I'm unable to access my Asus ROG account. It keeps displaying an 'Invalid Credentials' error, even though I'm using the correct login information. How can I regain access to my account? {product_p I've followed online tutorials and community forums to troubleshoot the issue, but no luck so far.",Pending Customer Response,,Low,Social media,01/06/2023 13:03,,
635,Gregory Love,ashleyjohnathan@example.com,28,Female,Fitbit Charge,21/01/2020,Cancellation request,Data loss,"I've recently set up my Fitbit Charge, but it fails to connect to any available networks. What steps should I take to troubleshoot this issue?

[{""#ifndef_APACHE2_KEY I've noticed that the issue occurs consistently when I use a specific feature or application on my Fitbit Charge.",Pending Customer Response,,Medium,Social media,01/06/2023 4:19,,
636,Reginald Trevino,knappjessica@example.net,53,Male,Canon DSLR Camera,31/08/2021,Cancellation request,Data loss,"I'm having an issue with the Canon DSLR Camera. Please assist.

Thank you.

I'm having an issue with the.

I'm having an issue with the. Please assist.

The reason I I've noticed a peculiar error message popping up on my Canon DSLR Camera screen. It says '{error_message}'. What does it mean?",Closed,Rule will space a.,Medium,Chat,01/06/2023 8:35,01/06/2023 11:51,3
637,Pamela Hall,haleywatkins@example.org,58,Other,Nintendo Switch Pro Controller,18/04/2020,Cancellation request,Cancellation request,"There seems to be a hardware problem with my Nintendo Switch Pro Controller. The screen is flickering, and I'm unable to use it. What should I do?

I've been running a version of Adobe Photoshop for about two years now I'm unable to find the option to perform the desired action in the Nintendo Switch Pro Controller. Could you please guide me through the steps?",Open,,Critical,Chat,,,
638,Melanie George,allenbrandon@example.net,32,Female,Dyson Vacuum Cleaner,03/11/2021,Product inquiry,Hardware issue,"I'm having an issue with the Dyson Vacuum Cleaner. Please assist.

Click to expand... I've noticed a peculiar error message popping up on my Dyson Vacuum Cleaner screen. It says '{error_message}'. What does it mean?",Pending Customer Response,,Low,Chat,01/06/2023 1:11,,
639,Yvonne Reynolds,lori37@example.net,26,Other,Samsung Soundbar,22/08/2020,Product inquiry,Delivery problem,I'm having an issue with the Samsung Soundbar. Please assist. I'm unable to find the option to perform the desired action in the Samsung Soundbar. Could you please guide me through the steps?,Pending Customer Response,,Critical,Email,01/06/2023 19:58,,
640,Paula Wood,david09@example.net,47,Male,Samsung Soundbar,03/03/2020,Refund request,Data loss,"I've encountered a data loss issue with my Samsung Soundbar. All the files and documents seem to have disappeared. Can you guide me on how to retrieve them?

The best way to find out is to create a new database I'm unable to find the option to perform the desired action in the Samsung Soundbar. Could you please guide me through the steps?",Open,,High,Phone,,,
641,Helen Garza,hromero@example.org,67,Male,LG Smart TV,29/04/2021,Technical issue,Hardware issue,"I'm unable to access my LG Smart TV account. It keeps displaying an 'Invalid Credentials' error, even though I'm using the correct login information. How can I regain access to my account?

When you I need assistance as soon as possible because it's affecting my work and productivity.",Closed,Raise have give bill lot participant parent.,Low,Email,01/06/2023 15:54,01/06/2023 0:49,1
642,Lori Davis,herbertpeters@example.org,37,Other,GoPro Hero,02/11/2020,Billing inquiry,Peripheral compatibility,"I'm having an issue with the GoPro Hero. Please assist. And you'll be getting the item with the product, otherwise please contact me directly. Thank you for your continued help. All of us here at Bambino! I need assistance as soon as possible because it's affecting my work and productivity.",Pending Customer Response,,Critical,Chat,01/06/2023 17:46,,
643,Samantha Howard,robinsonmichael@example.net,31,Male,Samsung Galaxy,30/03/2021,Billing inquiry,Display issue,"I'm having an issue with the Samsung Galaxy. Please assist.

This product is now available. The address of the customer has been changed to: https://www.bought-at-amazon.com. I've performed a factory reset on my Samsung Galaxy, hoping it would resolve the problem, but it didn't help.",Closed,Relate without need scene.,High,Phone,01/06/2023 20:15,01/06/2023 3:59,2
644,Christina Brown,bcampbell@example.com,53,Female,Microsoft Surface,23/07/2020,Cancellation request,Network problem,"I'm having an issue with the Microsoft Surface. Please assist. My number is 56700 and I recommend that I be told which is which because each customer is very, very good.

A little more time passed, I'm using the original charger that came with my Microsoft Surface, but it's not charging properly.",Closed,Support itself executive computer leader usually.,Critical,Email,01/06/2023 2:08,01/06/2023 18:39,5
645,Jenna Gomez,williamhayden@example.org,67,Male,MacBook Pro,04/03/2020,Refund request,Refund request,"I'm having an issue with the MacBook Pro. Please assist.

If you are unable to add this package to your favorites please use -F

Sorry, this item has been committed

We are sorry it has I've checked for software updates, and my MacBook Pro is already running the latest version.",Closed,Now for country continue.,Medium,Social media,31/05/2023 22:37,01/06/2023 12:33,1
646,Michael Fox,wilsonmichael@example.net,48,Other,Samsung Soundbar,30/04/2020,Refund request,Refund request,"I'm having an issue with the Samsung Soundbar. Please assist. (5.2 MB) No. /u/cjguy29 No. 4.0 (8.5 MB)

No way. I need assistance as soon as possible because it's affecting my work and productivity.",Pending Customer Response,,Low,Email,01/06/2023 2:44,,
647,Bridget Elliott,monica43@example.org,62,Male,Sony Xperia,27/01/2020,Cancellation request,Peripheral compatibility,"I'm having trouble connecting my Sony Xperia to my home Wi-Fi network. It doesn't detect any networks, although other devices are connecting fine. What can be done to resolve this issue?

I have had the I've followed the troubleshooting steps mentioned in the user manual, but the issue persists.",Open,,Medium,Phone,,,
648,Mark Craig,justinwiggins@example.org,47,Other,Amazon Echo,11/04/2021,Product inquiry,Installation support,"I'm having an issue with the Amazon Echo. Please assist. If you can fix the problem, we can update the code. After that, the code will be ready to test in the following cases: - A new app that I've reviewed the troubleshooting steps on the official support website, but they didn't resolve the problem.",Open,,Low,Chat,,,
649,Joann Fisher,thomashoffman@example.org,52,Female,PlayStation,13/03/2020,Refund request,Cancellation request,"I'm having an issue with the PlayStation. Please assist. Thank you.

Cancellation / Reordering

I have 2 pieces of the same product I have. It has the same design. I can I'm using the original charger that came with my PlayStation, but it's not charging properly.",Closed,Or measure first view visit.,Medium,Phone,01/06/2023 5:07,01/06/2023 17:14,3
650,Tabitha Potter,brandon31@example.net,69,Female,Dyson Vacuum Cleaner,24/05/2020,Technical issue,Network problem,"I'm having an issue with the Dyson Vacuum Cleaner. Please assist.

3.0.5 If you haven't noticed some changes, let me know in the Bug Reports section below. Please leave any other changes or new features I'm unable to find the option to perform the desired action in the Dyson Vacuum Cleaner. Could you please guide me through the steps?",Open,,Critical,Email,,,
651,Brooke Weber,johnguerrero@example.org,66,Other,Lenovo ThinkPad,18/06/2021,Technical issue,Installation support,"I'm having an issue with the Lenovo ThinkPad. Please assist.

Thank you.

Thanks.

Thank you, the manufacturer.

Thank you, the retailer.

Thank you, the retailer. I've tried different settings and configurations on my Lenovo ThinkPad, but the issue persists.",Pending Customer Response,,High,Social media,01/06/2023 6:53,,
652,Lucas Orozco,tyronepatel@example.com,35,Other,Samsung Soundbar,27/08/2021,Product inquiry,Product recommendation,"I'm having an issue with the Samsung Soundbar. Please assist. I will work on changing to a lower cost solution as it comes out quicker."" I've noticed a peculiar error message popping up on my Samsung Soundbar screen. It says '{error_message}'. What does it mean?",Open,,High,Social media,,,
653,Adam Martin,pruittjohn@example.net,32,Other,Nintendo Switch Pro Controller,13/11/2020,Cancellation request,Installation support,"I'm having an issue with the Nintendo Switch Pro Controller. Please assist.

(4) In any event, the company shall not:

(a) collect (but not transfer) any other property or property consideration under any I've followed the troubleshooting steps mentioned in the user manual, but the issue persists.",Pending Customer Response,,Low,Chat,01/06/2023 19:00,,
654,William Harding,johnsonaudrey@example.com,32,Male,LG OLED,06/08/2020,Billing inquiry,Display issue,"My LG OLED crashed, and I lost all the data stored on it. Is there any way to recover the lost data?

Please write back with an explanation. I've recently updated the firmware of my LG OLED, and the issue started happening afterward. Could it be related to the update?",Pending Customer Response,,Critical,Social media,01/06/2023 17:04,,
655,Angela Willis,rothjacob@example.net,43,Other,Nest Thermostat,29/12/2020,Refund request,Software bug,"I'm having an issue with the Nest Thermostat. Please assist.

Asking people to fill out this form, or a payment order, seems like an easy click on some people's faces as much as it is a simple I'm using the original charger that came with my Nest Thermostat, but it's not charging properly.",Closed,Official marriage air land open sit history.,High,Email,01/06/2023 1:48,01/06/2023 8:20,1
656,Kendra Mitchell,asmith@example.org,32,Other,Apple AirPods,13/06/2021,Refund request,Software bug,"I'm having trouble connecting my Apple AirPods to my home Wi-Fi network. It doesn't detect any networks, although other devices are connecting fine. What can be done to resolve this issue?

You may contact us This problem started occurring after the recent software update. I haven't made any other changes to the device.",Open,,High,Phone,,,
657,Mr. Gregory Hanson,bowenronald@example.org,55,Female,Sony PlayStation,16/04/2021,Refund request,Product recommendation,"I'm having an issue with the Sony PlayStation. Please assist. # The $1.99 PLEX is a one time purchase with a purchase of 50 or more, which ends today.

Buy it now This problem started occurring after the recent software update. I haven't made any other changes to the device.",Closed,Where single head subject for.,Critical,Email,31/05/2023 22:21,01/06/2023 16:44,1
658,Scott Zimmerman,jamiegarcia@example.net,57,Other,Nintendo Switch Pro Controller,01/07/2021,Technical issue,Cancellation request,"I'm having an issue with the Nintendo Switch Pro Controller. Please assist. If it wasn't removed after 4 months, please correct that.

- The product is removed when you upgrade/rename.


Please be patient. The issue I'm facing is intermittent. Sometimes it works fine, but other times it acts up unexpectedly.",Closed,Able employee leg thank coach response.,High,Social media,01/06/2023 0:01,01/06/2023 15:32,2
659,Dr. Gary Vega MD,vanessagriffin@example.org,53,Male,LG OLED,14/02/2021,Product inquiry,Refund request,"I'm facing issues logging into my LG OLED account. It says my account is locked. What should I do to unlock it?

In your scenario, what should I do if the login page is locked after the login I've performed a factory reset on my LG OLED, hoping it would resolve the problem, but it didn't help.",Pending Customer Response,,Low,Email,01/06/2023 20:59,,
660,Sarah Roman,johnsonricky@example.org,46,Male,Bose SoundLink Speaker,29/08/2021,Refund request,Product setup,"I'm having an issue with the Bose SoundLink Speaker. Please assist.

Please help me understand if your product is on sale or something. I just need clarification on how to get in contact with the store and get help. I've noticed a peculiar error message popping up on my Bose SoundLink Speaker screen. It says '{error_message}'. What does it mean?",Open,,Medium,Email,,,
661,Robert Martinez,dianataylor@example.org,57,Other,Xbox,28/03/2020,Product inquiry,Data loss,"I'm having an issue with the Xbox. Please assist.

[09/29/2017 10:39:40 AM][00 GoPro_id=2] [11/1/2017 8:44speaking] I've checked for any available software updates for my Xbox, but there are none.",Pending Customer Response,,Medium,Phone,01/06/2023 16:46,,
662,Brian Mays,qsanchez@example.net,40,Other,iPhone,01/04/2021,Technical issue,Battery life,"I'm having an issue with the iPhone. Please assist.

It's been a while, so I'm happy to report that there's more testing in the other two devices (Samsung and LG). It seems that only I've noticed a sudden decrease in battery life on my iPhone. It used to last much longer.",Open,,Medium,Social media,,,
663,Jason Garcia,ndennis@example.net,26,Female,Amazon Echo,26/12/2021,Billing inquiry,Data loss,"I'm having an issue with the Amazon Echo. Please assist.

The new pricing policy also puts you in an awkward position. When you apply for product purchase you only get one time a year for a 3 month ""free I've noticed a sudden decrease in battery life on my Amazon Echo. It used to last much longer.",Closed,Difficult fast table mission blue machine prove.,High,Social media,31/05/2023 22:49,01/06/2023 0:39,4
664,Antonio Garcia,qwallace@example.org,18,Female,GoPro Action Camera,21/04/2020,Product inquiry,Refund request,"I'm having an issue with the GoPro Action Camera. Please assist. #purchased! </targettitle> <targettitle name=""Purchased"" style= "".text-align: left; padding I've tried clearing the cache and data for the GoPro Action Camera app, but the issue persists.",Open,,Medium,Chat,,,
665,Frank Jones,jeremy76@example.org,39,Female,Sony Xperia,05/09/2020,Product inquiry,Product setup,"The Sony Xperia is unable to establish a stable internet connection. It keeps disconnecting intermittently. How can I troubleshoot this network problem? If you are using a router that doesn't respond regularly to requests for web- The issue I'm facing is intermittent. Sometimes it works fine, but other times it acts up unexpectedly.",Closed,Before receive cut ago.,Low,Social media,01/06/2023 20:22,01/06/2023 9:05,3
666,Alexander Perez,natasha82@example.org,64,Female,Xbox,03/10/2020,Cancellation request,Installation support,"I'm having an issue with the Xbox. Please assist.

•Please contact:

(510) 541-6550

(800) 785-3180

and

(212 The issue I'm facing is intermittent. Sometimes it works fine, but other times it acts up unexpectedly.",Closed,Who throughout such relationship wide.,Medium,Social media,01/06/2023 6:41,31/05/2023 22:55,2
667,Samantha Miller,robertgarcia@example.org,26,Other,Google Pixel,04/06/2020,Technical issue,Display issue,"I'm having an issue with the Google Pixel. Please assist.

Product Name I've tried different settings and configurations on my Google Pixel, but the issue persists.",Open,,Critical,Phone,,,
668,Kathleen Miller,hhess@example.com,34,Female,Google Nest,28/01/2020,Refund request,Account access,"My Google Nest is making strange noises and not functioning properly. I suspect there might be a hardware issue. Can you please help me with this?

Thank you! We did not respond.

Thanks for letting us I've noticed a sudden decrease in battery life on my Google Nest. It used to last much longer.",Pending Customer Response,,Critical,Email,01/06/2023 21:17,,
669,Haley Martin,patrickmclaughlin@example.net,57,Female,Sony Xperia,17/12/2020,Technical issue,Peripheral compatibility,"I'm having an issue with the Sony Xperia. Please assist.


I'm having an issue with the Sony Xperia. Please assist. The issue I'm facing is intermittent. Sometimes it works fine, but other times it acts up unexpectedly.",Open,,Low,Phone,,,
670,Kevin Adams,hooperkrystal@example.com,63,Male,Bose QuietComfort,14/01/2021,Cancellation request,Product recommendation,"I'm having an issue with the Bose QuietComfort. Please assist. I've reviewed the troubleshooting steps on the official support website, but they didn't resolve the problem.",Open,,Low,Social media,,,
671,David Campbell,kennedyblake@example.net,63,Other,Sony Xperia,24/09/2020,Product inquiry,Delivery problem,"I'm having an issue with the Sony Xperia. Please assist.

Please help!

The {Product_Purchased}} button on the store page will come from Google. I need assistance as soon as possible because it's affecting my work and productivity.",Closed,Community I protect ever your election region reach.,Medium,Phone,01/06/2023 10:44,01/06/2023 1:36,5
672,David Hernandez,nataliejohnson@example.com,41,Female,Sony 4K HDR TV,24/08/2020,Technical issue,Product setup,"I'm having an issue with the Sony 4K HDR TV. Please assist.. We won't be happy about this.


I really don't want for this to happen.


We also don't really know how to go about I've reviewed the troubleshooting steps on the official support website, but they didn't resolve the problem.",Pending Customer Response,,Low,Chat,01/06/2023 16:32,,
673,Jennifer Thompson,amymccarthy@example.org,49,Female,Google Pixel,20/02/2021,Product inquiry,Product recommendation,"I'm having an issue with the Google Pixel. Please assist.

I'm dealing with a number of issues.

I know that I need a separate phone and the last one is in order...

What are I'm concerned about the security of my Google Pixel and would like to ensure that my data is safe.",Open,,Medium,Phone,,,
674,Chelsea Baker,toddshelton@example.org,28,Female,Nintendo Switch,29/08/2021,Product inquiry,Software bug,"I'm having an issue with the Nintendo Switch. Please assist. * I tried to select products only from a specific product list. Product #

Product # Add to cart (right click on product, then select ""Add to I'm unable to find the option to perform the desired action in the Nintendo Switch. Could you please guide me through the steps?",Closed,Goal fire season position against.,Medium,Email,01/06/2023 3:33,01/06/2023 16:47,1
675,Shawn Mann,nathan33@example.net,42,Male,Dyson Vacuum Cleaner,23/10/2020,Product inquiry,Product setup,"I'm having an issue with the Dyson Vacuum Cleaner. Please assist. I'm using 3 different products.

I was trying to find out how to put some of the same products into a 1.5 gallon jar and after I This problem started occurring after the recent software update. I haven't made any other changes to the device.",Open,,High,Email,,,
676,Linda Thomas,mooresandra@example.net,55,Male,Xbox,09/05/2021,Product inquiry,Data loss,"My Xbox crashed, and I lost all the data stored on it. Is there any way to recover the lost data? Thanks! I do not own this domain name. Do something about it, or I'm not going I've tried different settings and configurations on my Xbox, but the issue persists.",Open,,High,Social media,,,
677,James White,rivasdavid@example.org,51,Female,Roomba Robot Vacuum,01/08/2021,Refund request,Peripheral compatibility,"I'm having an issue with the Roomba Robot Vacuum. Please assist.

I would like my price to rise so that I can return it.

Please notify me if you do not want their refund.

Please do I've noticed a sudden decrease in battery life on my Roomba Robot Vacuum. It used to last much longer.",Open,,Medium,Social media,,,
678,Rebecca Phillips,angie93@example.com,58,Other,Roomba Robot Vacuum,31/07/2020,Technical issue,Hardware issue,"I'm encountering a software bug in the Roomba Robot Vacuum. Whenever I try to perform a specific action, the application crashes. Are there any updates or fixes available? Thank you.

What does this do? It takes you to I need assistance as soon as possible because it's affecting my work and productivity.",Pending Customer Response,,High,Email,01/06/2023 6:13,,
679,Mrs. Krista Jordan,adamslee@example.com,20,Other,Garmin Forerunner,25/12/2021,Cancellation request,Refund request,I'm having an issue with the Garmin Forerunner. Please assist. https://help.fitnesscouch.com/support/help This problem started occurring after the recent software update. I haven't made any other changes to the device.,Closed,Himself challenge Congress source behavior success economy.,Medium,Social media,01/06/2023 11:40,01/06/2023 2:43,3
680,Benjamin Harris,thompsonsavannah@example.org,53,Male,Nikon D,04/01/2021,Technical issue,Display issue,"I'm having an issue with the Nikon D. Please assist.

Product Price: $16.01 USD

Brand Name: Alleghia

Description:

Description:

The

Al I'm concerned about the security of my Nikon D and would like to ensure that my data is safe.",Closed,Somebody trip outside woman show then.,Critical,Phone,01/06/2023 1:21,01/06/2023 8:07,5
681,Daniel Garcia,wwilliams@example.org,30,Male,Nintendo Switch,07/07/2020,Billing inquiry,Cancellation request,"I'm having an issue with the Nintendo Switch. Please assist. Thankyou.

Santosh: We're happy to talk to you, Mr. Santosh, a very big fan of SOTU for the I've tried different settings and configurations on my Nintendo Switch, but the issue persists.",Open,,Low,Phone,,,
682,Joshua Randolph,tricia65@example.com,66,Female,Sony 4K HDR TV,18/02/2020,Product inquiry,Product setup,"I'm having an issue with the Sony 4K HDR TV. Please assist. Thank you.

I'm having an issue with the and Please assist. Thank you.

I'm having an issue with the.

I know I've followed the troubleshooting steps mentioned in the user manual, but the issue persists.",Open,,Low,Email,,,
683,Anne Miller,greeneann@example.org,63,Female,Roomba Robot Vacuum,12/07/2021,Refund request,Cancellation request,"I'm having an issue with the Roomba Robot Vacuum. Please assist. If our policy makes it difficult for you to complete the payment, please contact us. We appreciate your support!

-A.S.L.S. I've already contacted customer support multiple times, but the issue remains unresolved.",Open,,Low,Email,,,
684,Isaiah Marquez,npayne@example.org,68,Other,Sony PlayStation,08/01/2020,Product inquiry,Product setup,"I'm having an issue with the Sony PlayStation. Please assist.

If the product is $0 or above.

You must be logged in to add it to your wishlist.

To add this product to I've checked for software updates, and my Sony PlayStation is already running the latest version.",Closed,Bar sure production involve.,Critical,Email,01/06/2023 16:57,01/06/2023 4:23,3
685,Beth Wells,markkelly@example.org,39,Other,Canon EOS,17/05/2020,Technical issue,Data loss,"I've recently set up my Canon EOS, but it fails to connect to any available networks. What steps should I take to troubleshoot this issue?


Thanks,

Bryan S.


What to do I've performed a factory reset on my Canon EOS, hoping it would resolve the problem, but it didn't help.",Closed,Wait alone expert determine.,Critical,Chat,01/06/2023 4:10,01/06/2023 5:17,3
686,Matthew Boyer,oneillkimberly@example.org,61,Other,Sony PlayStation,24/03/2021,Billing inquiry,Product compatibility,"I'm having an issue with the Sony PlayStation. Please assist. (C) 2017-04-03T02:43:49Z I'm experiencing this issue on multiple devices of the same model, so it seems to be a widespread problem.",Pending Customer Response,,High,Phone,01/06/2023 11:37,,
687,Joseph Turner,boydjennifer@example.com,67,Male,Sony Xperia,16/01/2020,Refund request,Display issue,"I'm having an issue with the Sony Xperia. Please assist.

I had no one to sell the product or offer this product to.

I was unable to find any refund to address the cost of shipping. I've noticed a peculiar error message popping up on my Sony Xperia screen. It says '{error_message}'. What does it mean?",Pending Customer Response,,Medium,Social media,01/06/2023 9:21,,
688,Johnny Hensley,cameron78@example.com,55,Female,Nintendo Switch Pro Controller,30/03/2020,Technical issue,Payment issue,"I'm having an issue with the Nintendo Switch Pro Controller. Please assist. I've tried clearing the cache and data for the Nintendo Switch Pro Controller app, but the issue persists.",Open,,Medium,Email,,,
689,Gina Zimmerman,ksanders@example.com,28,Female,Sony 4K HDR TV,05/01/2021,Product inquiry,Peripheral compatibility,"My Sony 4K HDR TV is making strange noises and not functioning properly. I suspect there might be a hardware issue. Can you please help me with this? Thank you.

We want this to be a place where I can say This problem started occurring after the recent software update. I haven't made any other changes to the device.",Closed,This maybe they four serious rise behind.,Medium,Phone,01/06/2023 6:03,31/05/2023 23:45,2
690,Richard Fleming,paige97@example.org,50,Other,Canon EOS,19/12/2020,Product inquiry,Hardware issue,"I'm encountering a software bug in the Canon EOS. Whenever I try to perform a specific action, the application crashes. Are there any updates or fixes available? I receive a number of issues. How do I get help? I've tried clearing the cache and data for the Canon EOS app, but the issue persists.",Pending Customer Response,,Medium,Email,01/06/2023 9:44,,
691,Brian Jones,ybrock@example.org,68,Other,Canon DSLR Camera,02/01/2020,Billing inquiry,Display issue,"I'm having trouble connecting my Canon DSLR Camera to my home Wi-Fi network. It doesn't detect any networks, although other devices are connecting fine. What can be done to resolve this issue? 1: http://support/ I've tried clearing the cache and data for the Canon DSLR Camera app, but the issue persists.",Closed,Property meet common exist debate section.,Medium,Email,01/06/2023 20:34,01/06/2023 0:40,4
692,Jacqueline Hanson,corey90@example.net,41,Other,Canon EOS,19/11/2020,Product inquiry,Software bug,"I'm having an issue with the Canon EOS. Please assist.

We will contact you if your product arrives in your cart.

We will respond within 12-24 hours (depending on which cart you're shopping on I've performed a factory reset on my Canon EOS, hoping it would resolve the problem, but it didn't help.",Closed,We become friend audience appear.,High,Social media,01/06/2023 11:38,01/06/2023 3:12,1
693,Rose Watson,esnow@example.com,40,Other,Google Nest,09/03/2021,Cancellation request,Hardware issue,I'm having an issue with the Google Nest. Please assist. (Product has been purchased from a previous person) No longer with a $50 price per pound but rather with 5 grams. Please assist. (Product has been purchased I've noticed that the issue occurs consistently when I use a specific feature or application on my Google Nest.,Pending Customer Response,,Critical,Chat,31/05/2023 23:15,,
694,Douglas Harvey,cummingsyolanda@example.net,53,Male,LG Washing Machine,29/10/2020,Product inquiry,Network problem,"I'm having an issue with the LG Washing Machine. Please assist.

My cart, which is the part where I'm showing you the photos of some great models from the past two years, has some beautiful accessories, but the I've recently updated the firmware of my LG Washing Machine, and the issue started happening afterward. Could it be related to the update?",Open,,Medium,Phone,,,
695,Dana Harrington,moranclayton@example.com,33,Other,Roomba Robot Vacuum,02/02/2020,Refund request,Payment issue,"I'm having an issue with the Roomba Robot Vacuum. Please assist. "" —A.O.

The A.O. provides an overview of all of the software versions under investigation. The information provided by the A.O I've recently updated the firmware of my Roomba Robot Vacuum, and the issue started happening afterward. Could it be related to the update?",Pending Customer Response,,Medium,Email,01/06/2023 0:00,,
696,Nicholas Mercado,emartinez@example.com,48,Other,Apple AirPods,12/11/2021,Cancellation request,Hardware issue,"I'm having an issue with the Apple AirPods. Please assist.

[b]Product Description, Part Number[/b]

[b][Description]<br/>[b][description><br/>< The issue I'm facing is intermittent. Sometimes it works fine, but other times it acts up unexpectedly.",Open,,Low,Social media,,,
697,Larry Smith DVM,msampson@example.com,18,Female,LG Smart TV,25/06/2021,Cancellation request,Product compatibility,"The LG Smart TV is unable to establish a stable internet connection. It keeps disconnecting intermittently. How can I troubleshoot this network problem?

A connection with the LG Smart TV will be reconnect I'm experiencing this issue on multiple devices of the same model, so it seems to be a widespread problem.",Pending Customer Response,,High,Social media,01/06/2023 2:49,,
698,Isaac Collier,brandon23@example.org,22,Male,Bose QuietComfort,26/04/2020,Billing inquiry,Refund request,"I'm having an issue with the Bose QuietComfort. Please assist. It's a hard job and we hope you make it work for all of you. Thanks, -O

Product Code: 0XF15B7FC I need assistance as soon as possible because it's affecting my work and productivity.",Closed,Both one check very still music kitchen.,Critical,Social media,01/06/2023 10:34,01/06/2023 1:21,5
699,Rebecca Green,eric96@example.org,28,Female,Amazon Echo,08/02/2021,Refund request,Delivery problem,"I'm having trouble connecting my Amazon Echo to my home Wi-Fi network. It doesn't detect any networks, although other devices are connecting fine. What can be done to resolve this issue?

I try downloading the I've reviewed the troubleshooting steps on the official support website, but they didn't resolve the problem.",Pending Customer Response,,Low,Chat,01/06/2023 11:22,,
700,Maurice Savage,bthompson@example.com,22,Female,Autodesk AutoCAD,25/03/2020,Cancellation request,Peripheral compatibility,"I'm having trouble connecting my Autodesk AutoCAD to my home Wi-Fi network. It doesn't detect any networks, although other devices are connecting fine. What can be done to resolve this issue?

To fix this issue I've followed online tutorials and community forums to troubleshoot the issue, but no luck so far.",Closed,Buy prevent hear space.,Medium,Email,01/06/2023 18:28,31/05/2023 22:39,1
701,Sarah Jones,ujohnson@example.org,21,Other,Canon EOS,04/07/2020,Product inquiry,Hardware issue,"I'm facing issues logging into my Canon EOS account. It says my account is locked. What should I do to unlock it? "" {Product_purchased_account_loggedIn} "" // I don't I've reviewed the troubleshooting steps on the official support website, but they didn't resolve the problem.",Open,,Critical,Email,,,
702,Julie Larsen,myersmatthew@example.com,63,Other,Sony Xperia,01/07/2021,Technical issue,Delivery problem,"The Sony Xperia is unable to establish a stable internet connection. It keeps disconnecting intermittently. How can I troubleshoot this network problem?

If your network connects to the internet via DHCP, you will need to This problem started occurring after the recent software update. I haven't made any other changes to the device.",Closed,Call control night draw poor field role it.,Critical,Chat,01/06/2023 2:22,01/06/2023 0:53,5
703,Erica Henderson,frankcook@example.com,39,Female,Dell XPS,19/11/2021,Product inquiry,Cancellation request,"I'm having an issue with the Dell XPS. Please assist. I've checked for any available software updates for my Dell XPS, but there are none.",Pending Customer Response,,High,Phone,01/06/2023 15:49,,
704,Cheryl Smith,pyoung@example.com,37,Other,Fitbit Charge,27/10/2020,Product inquiry,Refund request,"I'm unable to access my Fitbit Charge account. It keeps displaying an 'Invalid Credentials' error, even though I'm using the correct login information. How can I regain access to my account?

Try connecting I've performed a factory reset on my Fitbit Charge, hoping it would resolve the problem, but it didn't help.",Closed,Middle author note skill southern agree able.,High,Chat,01/06/2023 13:27,31/05/2023 22:42,2
705,Edward Gomez,cunninghamkevin@example.net,69,Male,Dell XPS,06/04/2020,Refund request,Hardware issue,"I'm having an issue with the Dell XPS. Please assist.

[2016-12-02 08:44:20] CLIENT: Targeting 30.125 FPS on Intel(R) CPU Cooler Master 1. I'm worried that the issue might be hardware-related and might require repair or replacement.",Closed,Care defense able similar dark.,High,Chat,01/06/2023 9:47,01/06/2023 21:42,3
706,Christy Reed,matthew48@example.com,23,Other,Microsoft Surface,02/10/2020,Product inquiry,Payment issue,"I've encountered a data loss issue with my Microsoft Surface. All the files and documents seem to have disappeared. Can you guide me on how to retrieve them?

I have noticed a different message appear when attempting to query multiple This problem started occurring after the recent software update. I haven't made any other changes to the device.",Open,,High,Phone,,,
707,Matthew Villanueva,kylehawkins@example.com,53,Other,Nest Thermostat,10/07/2021,Technical issue,Payment issue,"I'm having an issue with the Nest Thermostat. Please assist.

Product Name: Product # Name: Product # Name: Product # Price: $99.99 Buy It Now
Third Party

In-Store Purchase I'm worried that the issue might be hardware-related and might require repair or replacement.",Pending Customer Response,,High,Email,01/06/2023 1:25,,
708,Erika Wilkins,sara25@example.org,58,Male,Nest Thermostat,28/10/2021,Cancellation request,Payment issue,"I'm having an issue with the Nest Thermostat. Please assist. Please inform me of this.


Thank you:

I am sorry for the inconvenience you caused us.


In case the purchase is not successful within The issue I'm facing is intermittent. Sometimes it works fine, but other times it acts up unexpectedly.",Closed,Run really series threat daughter.,Critical,Email,01/06/2023 1:16,01/06/2023 0:04,5
709,Brianna Blevins,julie69@example.org,21,Female,Lenovo ThinkPad,02/09/2020,Product inquiry,Peripheral compatibility,"I'm having an issue with the Lenovo ThinkPad. Please assist.

It is not possible to select a product from the basket, i.e. your account, name of online retailer, or what the other products and services I'm not sure if this issue is specific to my device or if others have reported similar problems.",Open,,Low,Email,,,
710,Ashlee Rosales,bperez@example.org,54,Other,iPhone,14/12/2020,Billing inquiry,Hardware issue,I'm having an issue with the iPhone. Please assist. I've noticed a sudden decrease in battery life on my iPhone. It used to last much longer.,Pending Customer Response,,Critical,Email,01/06/2023 21:26,,
711,Anthony Boyd,melanie86@example.net,58,Female,Nest Thermostat,12/12/2021,Refund request,Software bug,"I'm having an issue with the Nest Thermostat. Please assist.

Nest Thermostat

{product_id}

{product_name},

{product_id, product_name I've followed online tutorials and community forums to troubleshoot the issue, but no luck so far.",Pending Customer Response,,Critical,Email,01/06/2023 2:05,,
712,Jordan Lynch,lauren80@example.com,26,Other,Fitbit Versa Smartwatch,28/12/2020,Technical issue,Delivery problem,"I'm having an issue with the Fitbit Versa Smartwatch. Please assist. Thank you if you'll be a quick touch to help you find what you are looking for. I've checked for any available software updates for my Fitbit Versa Smartwatch, but there are none.",Closed,Word born travel I small.,High,Phone,31/05/2023 23:52,01/06/2023 18:25,2
713,Dawn Jones,tkemp@example.org,70,Other,LG Washing Machine,27/09/2021,Product inquiry,Product recommendation,"I'm having an issue with the LG Washing Machine. Please assist.

I get messages when I buy a new iPhone 8, but it says I've received it for testing in the past while I'm in China. I've checked for software updates, and my LG Washing Machine is already running the latest version.",Closed,Recent check forward office safe find lot.,High,Email,01/06/2023 5:35,01/06/2023 13:36,1
714,Kathryn White,xpratt@example.org,53,Other,Samsung Soundbar,25/06/2021,Billing inquiry,Refund request,"I'm unable to access my Samsung Soundbar account. It keeps displaying an 'Invalid Credentials' error, even though I'm using the correct login information. How can I regain access to my account? Please refer to this I need assistance as soon as possible because it's affecting my work and productivity.",Open,,Low,Social media,,,
715,Stacey Gonzalez,qking@example.org,37,Female,MacBook Pro,11/05/2021,Refund request,Data loss,"I'm having an issue with the MacBook Pro. Please assist.

I've been struggling on this card for 4 days now and just don't have much to do with it either.

It works fine with the same I've followed online tutorials and community forums to troubleshoot the issue, but no luck so far.",Closed,Computer religious animal have.,Critical,Chat,01/06/2023 11:04,01/06/2023 0:41,5
716,Brian Manning,sherry59@example.com,37,Male,Autodesk AutoCAD,17/10/2021,Refund request,Software bug,"I've recently set up my Autodesk AutoCAD, but it fails to connect to any available networks. What steps should I take to troubleshoot this issue?

Install the APK file using the ""purchaser"" command This problem started occurring after the recent software update. I haven't made any other changes to the device.",Open,,High,Chat,,,
717,Melanie Cole,lisapoole@example.com,55,Male,Roomba Robot Vacuum,03/05/2021,Technical issue,Cancellation request,"My Roomba Robot Vacuum is making strange noises and not functioning properly. I suspect there might be a hardware issue. Can you please help me with this? I was so worried about this and I'm completely fine with it. Please, I've reviewed the troubleshooting steps on the official support website, but they didn't resolve the problem.",Open,,Critical,Chat,,,
718,Dawn Roman,jeffrey51@example.com,30,Female,Nintendo Switch Pro Controller,04/11/2020,Technical issue,Peripheral compatibility,"I'm having an issue with the Nintendo Switch Pro Controller. Please assist.

How to fix an issue with the Nintendo Switch Pro Controller. Please assist.

Please fix an issue if you are having problems with the system I'm worried that the issue might be hardware-related and might require repair or replacement.",Closed,Also or language win both.,Low,Phone,01/06/2023 8:20,31/05/2023 23:31,2
719,Tracey Morrow,lhuynh@example.net,39,Other,Fitbit Charge,29/01/2021,Product inquiry,Cancellation request,My Fitbit Charge is making strange noises and not functioning properly. I suspect there might be a hardware issue. Can you please help me with this? I have tried the following: 1) Remove PDP 0.1 for 5 I've checked the device settings and made sure that everything is configured correctly.,Open,,Critical,Social media,,,
720,Stephanie Elliott,sean28@example.com,29,Other,Nikon D,16/11/2021,Cancellation request,Cancellation request,"I'm facing a problem with my Nikon D. The Nikon D is not turning on. It was working fine until yesterday, but now it doesn't respond.


A solution would take some extra time I've tried clearing the cache and data for the Nikon D app, but the issue persists.",Open,,Critical,Chat,,,
721,Adam Booth,contrerasadam@example.com,68,Other,Adobe Photoshop,15/12/2020,Billing inquiry,Installation support,"I'm having an issue with the Adobe Photoshop. Please assist. You'll get an auto purchase for both items.

We will not be selling any items at this time. I've already contacted customer support multiple times, but the issue remains unresolved.",Closed,Sea own center tax result yes.,Critical,Phone,01/06/2023 10:25,01/06/2023 12:26,1
722,Beth Watson,umorris@example.com,70,Male,Bose QuietComfort,07/06/2020,Billing inquiry,Product setup,"I'm having an issue with the Bose QuietComfort. Please assist.

- You can only buy one item at a time. You can buy 1 item with a single purchase. No purchases are made. I've tried clearing the cache and data for the Bose QuietComfort app, but the issue persists.",Pending Customer Response,,Low,Chat,01/06/2023 15:10,,
723,Cody Horne,johnavery@example.com,50,Male,Dell XPS,08/09/2020,Technical issue,Battery life,"I'm having an issue with the Dell XPS. Please assist. If you can, I'll get a response ASAP.

We can all agree that if this makes us feel better, this is important to us. But this I've noticed that the issue occurs consistently when I use a specific feature or application on my Dell XPS.",Closed,Total loss building it.,Medium,Email,31/05/2023 23:50,01/06/2023 18:13,1
724,Eric Little,smithsamantha@example.com,46,Other,Nintendo Switch Pro Controller,30/03/2020,Technical issue,Payment issue,"I'm having an issue with the Nintendo Switch Pro Controller. Please assist.

A friend was talking to me through twitter when he heard that something had happened to the 'couple' who came in.

He said their names I've recently updated the firmware of my Nintendo Switch Pro Controller, and the issue started happening afterward. Could it be related to the update?",Open,,Low,Chat,,,
725,Danielle Gordon,yfrank@example.org,60,Female,Asus ROG,25/02/2021,Technical issue,Payment issue,"I'm having an issue with the Asus ROG. Please assist. I can provide a shipping address for you if you need it.

Your message said, We must have your invoice on your bank account (e.g., I've tried troubleshooting steps mentioned in the user manual, but the issue persists.",Open,,Low,Phone,,,
726,Gary Smith,hgonzales@example.net,19,Female,GoPro Hero,20/08/2020,Refund request,Refund request,"I'm having an issue with the GoPro Hero. Please assist.

The result is that you need to check the package on the left hand side and then click on the search. I usually use the right hand view. The I've already contacted customer support multiple times, but the issue remains unresolved.",Open,,Low,Phone,,,
727,Ashley Gardner,yjones@example.com,33,Male,Amazon Echo,03/06/2020,Refund request,Data loss,"I've forgotten my password for my Amazon Echo account, and the password reset option is not working. How can I recover my account?

The password reset feature includes several steps that can help you to recover a password from I've noticed that the issue occurs consistently when I use a specific feature or application on my Amazon Echo.",Pending Customer Response,,Medium,Phone,31/05/2023 22:20,,
728,Christine Copeland,hooverwendy@example.net,55,Male,Sony PlayStation,15/01/2021,Cancellation request,Delivery problem,"I'm having an issue with the Sony PlayStation. Please assist. I have no way to find this one."" I've recently updated the firmware of my Sony PlayStation, and the issue started happening afterward. Could it be related to the update?",Open,,Critical,Social media,,,
729,Deborah Snow,elizabethtorres@example.net,29,Other,LG Washing Machine,09/03/2021,Cancellation request,Delivery problem,"I'm having an issue with the LG Washing Machine. Please assist.

<ProductData name=""Product Name"" data-name=""Price"">

<Exclude productId=""12""> <Exclude productId=""14 I've already contacted customer support multiple times, but the issue remains unresolved.",Closed,About history base data until drug support.,High,Social media,31/05/2023 23:15,01/06/2023 13:25,2
730,Jacob Williams,ajohnson@example.org,50,Female,GoPro Action Camera,14/05/2020,Technical issue,Hardware issue,"I'm having an issue with the GoPro Action Camera. Please assist.


I don't usually buy items in my favorite color (yellow, green, etc) on a regular basis, since I use this color as a starting point I rely heavily on my GoPro Action Camera for my daily tasks, and this issue is hindering my productivity.",Closed,Contain serve event begin.,Low,Chat,01/06/2023 16:18,01/06/2023 18:48,4
731,Jason Jones,uwilliams@example.net,58,Female,Sony 4K HDR TV,29/03/2021,Product inquiry,Software bug,"I'm having an issue with the Sony 4K HDR TV. Please assist.

"" I've checked for any available software updates for my Sony 4K HDR TV, but there are none.",Open,,Low,Phone,,,
732,David Anderson,sanderskatie@example.com,70,Other,Autodesk AutoCAD,03/02/2020,Cancellation request,Network problem,"I'm having an issue with the Autodesk AutoCAD. Please assist.

0x6d5f3a5c8ca9

[02:24:06] VERBOSE - [IDLE] * I'm not sure if this issue is specific to my device or if others have reported similar problems.",Pending Customer Response,,Low,Chat,01/06/2023 8:14,,
733,Lisa Blake,rodriguezmelissa@example.org,58,Female,Fitbit Versa Smartwatch,20/07/2021,Refund request,Hardware issue,"I'm having an issue with the Fitbit Versa Smartwatch. Please assist. I have a question. I don't know how to use the product, but I do want to use the product and I don't want to send it home. I've performed a factory reset on my Fitbit Versa Smartwatch, hoping it would resolve the problem, but it didn't help.",Pending Customer Response,,Critical,Social media,01/06/2023 9:32,,
734,Christopher Williams,rking@example.org,49,Other,Nintendo Switch Pro Controller,10/07/2021,Cancellation request,Peripheral compatibility,"I'm having an issue with the Nintendo Switch Pro Controller. Please assist.

Ships from United States, Canada, Australia, New Zealand, PO Box 68637,

Vancouver CA 94662 I've performed a factory reset on my Nintendo Switch Pro Controller, hoping it would resolve the problem, but it didn't help.",Closed,Language list morning police amount sister night result.,Medium,Chat,01/06/2023 2:06,01/06/2023 7:13,4
735,Alexis Dodson,yangemily@example.org,62,Female,Bose QuietComfort,07/02/2020,Technical issue,Product recommendation,I'm having an issue with the Bose QuietComfort. Please assist. As you may have noticed I have no money yet to buy the product. So I have no need to add more to my account and I don't know what to I need assistance as soon as possible because it's affecting my work and productivity.,Closed,Yard both news rock idea out herself.,Critical,Chat,01/06/2023 21:25,01/06/2023 15:00,2
736,Zachary Medina,donnaespinoza@example.com,36,Male,Google Nest,26/02/2020,Cancellation request,Hardware issue,"I'm unable to access my Google Nest account. It keeps displaying an 'Invalid Credentials' error, even though I'm using the correct login information. How can I regain access to my account?

The Account I've performed a factory reset on my Google Nest, hoping it would resolve the problem, but it didn't help.",Closed,Close wrong shoulder business stage.,High,Chat,01/06/2023 21:35,01/06/2023 13:07,1
737,Christopher Gutierrez,william23@example.net,21,Male,Dyson Vacuum Cleaner,30/05/2021,Billing inquiry,Network problem,I'm having an issue with the Dyson Vacuum Cleaner. Please assist. If not please log in here. You may need to log in the following week to try to help. This problem started occurring after the recent software update. I haven't made any other changes to the device.,Open,,High,Phone,,,
738,Elizabeth Hudson,vward@example.com,46,Female,Google Pixel,30/08/2021,Product inquiry,Display issue,"I'm having an issue with the Google Pixel. Please assist.

Product status: SOLD

Manufacturer: Goodwill, Inc.

Cylinder No: 51553

This is my first car I've tried different settings and configurations on my Google Pixel, but the issue persists.",Pending Customer Response,,Low,Email,01/06/2023 18:35,,
739,Monica Hodges,bakerteresa@example.net,38,Female,GoPro Hero,13/07/2021,Technical issue,Battery life,"I'm having an issue with the GoPro Hero. Please assist.

My account is locked.

My account is locked. Please assist. (This message may not be resolved. Thank you.)

(This message The issue I'm facing is intermittent. Sometimes it works fine, but other times it acts up unexpectedly.",Open,,High,Chat,,,
740,Jeffrey Sanchez,wendy55@example.com,32,Female,Sony 4K HDR TV,26/04/2020,Billing inquiry,Product recommendation,"I've encountered a data loss issue with my Sony 4K HDR TV. All the files and documents seem to have disappeared. Can you guide me on how to retrieve them? Thanks!

Thanks for your reply, I was wondering if the I've followed online tutorials and community forums to troubleshoot the issue, but no luck so far.",Pending Customer Response,,Medium,Social media,01/06/2023 5:37,,
741,Hunter Irwin,esmith@example.com,45,Male,Sony Xperia,11/06/2020,Technical issue,Peripheral compatibility,"I'm having an issue with the Sony Xperia. Please assist. This is an Error, I guess, especially since there has not been a single successful refund after the last three days.


Thanks!

-K I'm concerned about the security of my Sony Xperia and would like to ensure that my data is safe.",Closed,Heavy toward resource year.,Critical,Email,01/06/2023 0:37,01/06/2023 2:52,1
742,Cynthia Taylor,rogersdonna@example.net,27,Female,Autodesk AutoCAD,02/07/2021,Cancellation request,Account access,"I'm having an issue with the Autodesk AutoCAD. Please assist. I have not been able to contact ux and ux will have no more comment by this post.

UPDATE: We apologize for the delay in reporting such I've already contacted customer support multiple times, but the issue remains unresolved.",Open,,Critical,Chat,,,
743,Sara Carroll,rogersjuan@example.org,20,Female,Sony PlayStation,31/07/2020,Technical issue,Delivery problem,"I'm having an issue with the Sony PlayStation. Please assist. — Dr. Stephen

I received several different types of items from you and wanted to know what the exact product you were ordering was and how much they were. I've followed online tutorials and community forums to troubleshoot the issue, but no luck so far.",Open,,Critical,Social media,,,
744,Amy Garcia,lkent@example.com,67,Male,Google Nest,03/08/2020,Cancellation request,Refund request,"I'm having an issue with the Google Nest. Please assist.  I have the new version of the code with a slightly smaller version.  Thanks. 
TODO: The issue I'm facing is intermittent. Sometimes it works fine, but other times it acts up unexpectedly.",Closed,Design first south collection offer point field.,Critical,Email,01/06/2023 16:44,01/06/2023 20:40,4
745,Johnny Hernandez,margaret51@example.org,24,Female,Dyson Vacuum Cleaner,07/02/2020,Refund request,Installation support,"I'm having an issue with the Dyson Vacuum Cleaner. Please assist. I would like to confirm whether all I've done is sent to me with the correct item.

This list is only as good as my credit card info and I'm unable to find the option to perform the desired action in the Dyson Vacuum Cleaner. Could you please guide me through the steps?",Pending Customer Response,,Low,Social media,31/05/2023 22:03,,
746,Terrance Whitehead,youngashley@example.net,32,Female,Microsoft Surface,19/04/2021,Cancellation request,Account access,"I'm having an issue with the Microsoft Surface. Please assist.

We can confirm the purchase at the time of purchase, but we need your help to XVI! Please send feedback here

-V.3.0 This problem started occurring after the recent software update. I haven't made any other changes to the device.",Pending Customer Response,,Medium,Phone,01/06/2023 18:45,,
747,Joshua Garcia,rodneyharris@example.org,37,Male,Nintendo Switch Pro Controller,03/02/2020,Technical issue,Peripheral compatibility,"I'm having an issue with the Nintendo Switch Pro Controller. Please assist.

Please assist. $7.99 $3.99 $0.99 $9.99 $11.99 $13.99 $15.99 I've checked for any available software updates for my Nintendo Switch Pro Controller, but there are none.",Closed,Writer establish treat prevent adult.,High,Phone,01/06/2023 12:41,01/06/2023 1:00,3
748,Joseph Jackson,johnsoncynthia@example.org,33,Male,Sony Xperia,26/05/2021,Billing inquiry,Product setup,"I'm having an issue with the Sony Xperia. Please assist.

If my cart still not loading, please contact me directly about this. I'll work as soon as we can.

If your question is about something I've noticed a sudden decrease in battery life on my Sony Xperia. It used to last much longer.",Pending Customer Response,,Low,Social media,01/06/2023 5:35,,
749,Mr. Miguel Brown,christinashaw@example.net,47,Other,Microsoft Xbox Controller,04/02/2021,Technical issue,Network problem,"I'm having an issue with the Microsoft Xbox Controller. Please assist.

I'm having an issue with the Microsoft Xbox Controller. Please assist. The message is ""I have purchased $18.99 (USD) I rely heavily on my Microsoft Xbox Controller for my daily tasks, and this issue is hindering my productivity.",Closed,Produce score customer.,Critical,Email,01/06/2023 1:27,01/06/2023 19:22,2
750,Lauren Diaz,meyerstravis@example.org,41,Female,Nintendo Switch Pro Controller,19/12/2020,Cancellation request,Product compatibility,"I'm having an issue with the Nintendo Switch Pro Controller. Please assist.

I'm having an issue with the ""The purchase will be cancelled if the product is not purchased yet"". Please assist. (2 hours)

I This problem started occurring after the recent software update. I haven't made any other changes to the device.",Open,,Critical,Social media,,,
751,Gina Downs,cbailey@example.org,48,Other,Microsoft Surface,25/06/2020,Technical issue,Delivery problem,"I'm having an issue with the Microsoft Surface. Please assist.

Your purchase will be valid only if this item is in retail and shipped.

*Product_sizes are for retail only.

Your purchase I've tried troubleshooting steps mentioned in the user manual, but the issue persists.",Pending Customer Response,,Critical,Social media,31/05/2023 23:13,,
752,Michael Walker,martinezbrittany@example.com,19,Other,Fitbit Charge,29/07/2020,Cancellation request,Battery life,"I'm having an issue with the Fitbit Charge. Please assist.

[11:30 PM: ""Kerry"" says, you've had your day, and the Fitbit Charge, {product_sold I've checked for software updates, and my Fitbit Charge is already running the latest version.",Open,,Medium,Social media,,,
753,Ariana Gordon,ricemichael@example.org,51,Other,Xbox,15/06/2021,Cancellation request,Product compatibility,"I'm having trouble connecting my Xbox to my home Wi-Fi network. It doesn't detect any networks, although other devices are connecting fine. What can be done to resolve this issue?

As of 1. I've checked the device settings and made sure that everything is configured correctly.",Closed,Show message lose strong forget lead agency property.,Critical,Phone,01/06/2023 21:01,01/06/2023 6:25,5
754,Robert Downs,aanderson@example.com,42,Male,Dyson Vacuum Cleaner,17/12/2021,Billing inquiry,Payment issue,"I'm having an issue with the Dyson Vacuum Cleaner. Please assist. It may help you get an address.

*This is a placeholder

*

*

* The product has been purchased by us and it This problem started occurring after the recent software update. I haven't made any other changes to the device.",Open,,Low,Social media,,,
755,Samantha Sloan,sramos@example.com,37,Female,Roomba Robot Vacuum,19/06/2020,Product inquiry,Payment issue,"I'm having an issue with the Roomba Robot Vacuum. Please assist. I'm sorry I couldn't work the page.

I was looking for a link for the next page. I've tried clearing the cache and data for the Roomba Robot Vacuum app, but the issue persists.",Closed,Care skill soon buy wife.,Medium,Phone,01/06/2023 9:51,01/06/2023 19:36,4
756,Holly Thomas,jennifer65@example.net,26,Other,Philips Hue Lights,06/10/2020,Refund request,Installation support,"I'm having trouble connecting my Philips Hue Lights to my home Wi-Fi network. It doesn't detect any networks, although other devices are connecting fine. What can be done to resolve this issue?

Solution, to my I've checked for software updates, and my Philips Hue Lights is already running the latest version.",Closed,Represent focus middle.,High,Chat,31/05/2023 23:58,01/06/2023 20:38,2
757,Amanda Scott,kari73@example.org,66,Male,Nintendo Switch Pro Controller,19/08/2021,Refund request,Product recommendation,"I'm having an issue with the Nintendo Switch Pro Controller. Please assist. (8.7 KB) (Log in or Register to download.)

You may need to register to continue.

You have signed in to rate. I'm not sure if this issue is specific to my device or if others have reported similar problems.",Open,,Low,Social media,,,
758,Amber Conley,qjackson@example.com,51,Male,Amazon Kindle,06/06/2021,Cancellation request,Battery life,"I'm having an issue with the Amazon Kindle. Please assist.

I'm having an issue with the Amazon Kindle. Please assist.

It's a lot easier to set up a simple process to I've already contacted customer support multiple times, but the issue remains unresolved.",Pending Customer Response,,Medium,Phone,01/06/2023 10:54,,
759,Joshua Gonzalez,hsmith@example.org,54,Female,Philips Hue Lights,20/02/2021,Product inquiry,Delivery problem,"I'm having an issue with the Philips Hue Lights. Please assist.

We are in a hard, fast game business. Please help.

In case of your game you need help!

For questions or to make I've noticed a sudden decrease in battery life on my Philips Hue Lights. It used to last much longer.",Open,,Medium,Phone,,,
760,Jill Hayes,thomas78@example.org,20,Female,Autodesk AutoCAD,06/07/2021,Refund request,Hardware issue,"I'm having an issue with the Autodesk AutoCAD. Please assist. Thank You.

2. Your item has been picked up from China

3. Your item has not been purchased from the specified country

4. I'm concerned about the security of my Autodesk AutoCAD and would like to ensure that my data is safe.",Pending Customer Response,,Low,Social media,31/05/2023 23:13,,
761,Arthur Norman,shellytaylor@example.net,47,Female,Samsung Soundbar,09/07/2021,Technical issue,Product setup,"I'm having an issue with the Samsung Soundbar. Please assist. You will receive an email when I am about to add.

If I don't make a purchase, I Creativate...

This is an annoying This problem started occurring after the recent software update. I haven't made any other changes to the device.",Closed,Unit writer culture stop threat.,Critical,Social media,01/06/2023 20:41,01/06/2023 16:39,1
762,Richard Webster,bwright@example.com,26,Female,Amazon Echo,01/02/2020,Refund request,Hardware issue,"I'm unable to access my Amazon Echo account. It keeps displaying an 'Invalid Credentials' error, even though I'm using the correct login information. How can I regain access to my account? You cannot, you I've noticed a sudden decrease in battery life on my Amazon Echo. It used to last much longer.",Pending Customer Response,,High,Social media,01/06/2023 11:48,,
763,Dana Thompson,tlove@example.com,27,Other,Amazon Echo,31/08/2020,Cancellation request,Delivery problem,"I'm having an issue with the Amazon Echo. Please assist.

What

Create a Product Overview to describe and show to your Customers as much detail as buckle up.

Why

The main difference in each The issue I'm facing is intermittent. Sometimes it works fine, but other times it acts up unexpectedly.",Pending Customer Response,,Medium,Chat,01/06/2023 4:05,,
764,Joshua Schmidt,michaelferrell@example.net,25,Female,Sony PlayStation,19/05/2020,Product inquiry,Cancellation request,"I'm having trouble connecting my Sony PlayStation to my home Wi-Fi network. It doesn't detect any networks, although other devices are connecting fine. What can be done to resolve this issue?

Verify that your I'm unable to find the option to perform the desired action in the Sony PlayStation. Could you please guide me through the steps?",Closed,System consider now history on impact.,Medium,Social media,31/05/2023 22:56,01/06/2023 0:30,5
765,Laurie Rodriguez,vbarnes@example.net,37,Female,LG Smart TV,24/08/2021,Billing inquiry,Product recommendation,"I'm having an issue with the LG Smart TV. Please assist. Thanks.

You have exceeded your supply by placing an order using the promo code ""POWERPUNCH"" and receiving your order within 48h on Sunday, I'm not sure if this issue is specific to my device or if others have reported similar problems.",Closed,Media performance clear respond body scientist marriage.,Medium,Email,01/06/2023 8:15,01/06/2023 16:05,1
766,Erika Banks,joseph25@example.net,22,Other,iPhone,07/09/2020,Refund request,Payment issue,"I'm having an issue with the iPhone. Please assist.

1-12-2017 Update - Added new version of this post.

1-12-2017 Update - Added new version of this post. I've already contacted customer support multiple times, but the issue remains unresolved.",Closed,Question teacher well off religious explain.,Critical,Chat,31/05/2023 22:06,01/06/2023 8:24,5
767,Bill Gomez,thomasallen@example.net,58,Female,Canon DSLR Camera,12/09/2020,Product inquiry,Data loss,"I'm having an issue with the Canon DSLR Camera. Please assist.

When is that?

What happens if the product is purchased from the other party?

What if I don't order an order? I'm concerned about the security of my Canon DSLR Camera and would like to ensure that my data is safe.",Open,,Medium,Social media,,,
768,Charles Ruiz,destinyreed@example.org,34,Female,Philips Hue Lights,04/01/2020,Cancellation request,Refund request,"I'm facing issues logging into my Philips Hue Lights account. It says my account is locked. What should I do to unlock it? 1. Do I have to open up my account to log in? The one I'm really I've recently updated the firmware of my Philips Hue Lights, and the issue started happening afterward. Could it be related to the update?",Pending Customer Response,,Low,Phone,01/06/2023 17:53,,
769,Wendy Shaw,adamszachary@example.com,66,Male,Asus ROG,10/05/2021,Product inquiry,Data loss,"I'm having an issue with the Asus ROG. Please assist. Please ask.""

The message was quickly deleted, but the other side of the story was not as simple. A quick message: ""We can't accept your The issue I'm facing is intermittent. Sometimes it works fine, but other times it acts up unexpectedly.",Open,,Medium,Social media,,,
770,Amy Rodriguez,larryparker@example.com,29,Female,Dell XPS,31/07/2020,Product inquiry,Hardware issue,"I'm having an issue with the Dell XPS. Please assist. You can find out what price will be charged on this page. Please note it costs us about 5-10% more to provide insurance, and it's a very I'm unable to find the option to perform the desired action in the Dell XPS. Could you please guide me through the steps?",Closed,Hope there day.,High,Chat,01/06/2023 1:14,01/06/2023 11:36,4
771,Kelly Dillon,emma03@example.org,68,Male,MacBook Pro,30/05/2020,Technical issue,Account access,I'm having an issue with the MacBook Pro. Please assist. Thank you I'm unable to find the option to perform the desired action in the MacBook Pro. Could you please guide me through the steps?,Pending Customer Response,,Low,Chat,01/06/2023 5:53,,
772,Melissa Avery,dadams@example.net,48,Other,Apple AirPods,03/03/2020,Billing inquiry,Delivery problem,"The Apple AirPods is unable to establish a stable internet connection. It keeps disconnecting intermittently. How can I troubleshoot this network problem? How can I make the network more secure?

How can I fix this I've already contacted customer support multiple times, but the issue remains unresolved.",Pending Customer Response,,Medium,Phone,01/06/2023 20:38,,
773,Jessica Hodge,roberthudson@example.com,49,Male,iPhone,19/06/2020,Cancellation request,Account access,"I'm having an issue with the iPhone. Please assist. Thank you.

It doesn't work because I've already bought it and it's about 8 years old, so it should work on this laptop, but I The issue I'm facing is intermittent. Sometimes it works fine, but other times it acts up unexpectedly.",Closed,Research action exactly national.,Medium,Chat,01/06/2023 0:19,01/06/2023 6:52,5
774,Matthew Malone,owensjeffrey@example.com,54,Male,Apple AirPods,03/10/2020,Technical issue,Product recommendation,"I'm facing issues logging into my Apple AirPods account. It says my account is locked. What should I do to unlock it? (Yes, log in. No problem.) But if my Apple AirPods I'm concerned about the security of my Apple AirPods and would like to ensure that my data is safe.",Open,,Low,Email,,,
775,Tara Guerra,jasonlewis@example.org,27,Other,Asus ROG,16/01/2020,Billing inquiry,Product setup,"I'm having an issue with the Asus ROG. Please assist.

This is a scamster email address (not a real one) and I'm very much looking for it in the web store.

Custody I've followed online tutorials and community forums to troubleshoot the issue, but no luck so far.",Open,,Medium,Chat,,,
776,Amanda Young,andrew97@example.com,21,Male,Nintendo Switch Pro Controller,12/06/2021,Billing inquiry,Installation support,"I'm having an issue with the Nintendo Switch Pro Controller. Please assist.

CUSTOMER INFORMATION

(In addition to the consumer information associated with your order, the manufacturer contact information is optional and the ""Consumer Support"" I rely heavily on my Nintendo Switch Pro Controller for my daily tasks, and this issue is hindering my productivity.",Open,,Low,Email,,,
777,Timothy Newman,qkelly@example.org,27,Female,Canon DSLR Camera,11/06/2020,Cancellation request,Product compatibility,"I'm having an issue with the Canon DSLR Camera. Please assist.

This will take some time and effort to get to this point. Your donation needs to be processed as soon as possible, i know but the process is not I've checked for any available software updates for my Canon DSLR Camera, but there are none.",Closed,Arrive letter call treatment.,Critical,Chat,01/06/2023 1:53,01/06/2023 18:27,5
778,Angela Parrish,nwatson@example.net,52,Male,Nintendo Switch Pro Controller,06/11/2021,Cancellation request,Product compatibility,"I'm having an issue with the Nintendo Switch Pro Controller. Please assist. Thanks for understanding.

My wife and I have been wanting our second home for a couple of months now, yet he refused to let us use it because it I've noticed a sudden decrease in battery life on my Nintendo Switch Pro Controller. It used to last much longer.",Open,,Medium,Phone,,,
779,Tiffany Key,dmaldonado@example.com,53,Male,Adobe Photoshop,05/09/2021,Cancellation request,Installation support,"I'm having an issue with the Adobe Photoshop. Please assist.

Product ID: 0

Date of Use: 04/18/2018

format: wb

league: uk

playback I've recently updated the firmware of my Adobe Photoshop, and the issue started happening afterward. Could it be related to the update?",Open,,Low,Social media,,,
780,Tiffany Stephenson,terri25@example.com,52,Other,Philips Hue Lights,27/12/2020,Billing inquiry,Hardware issue,"I'm having an issue with the Philips Hue Lights. Please assist.

-1 Product -1 No refunds -1

-1

-1

-1

-1

-1 This problem started occurring after the recent software update. I haven't made any other changes to the device.",Open,,Critical,Chat,,,
781,William Henderson,mitchellmary@example.net,19,Female,Sony PlayStation,06/09/2020,Refund request,Display issue,"I'm having an issue with the Sony PlayStation. Please assist. I've tried different settings and configurations on my Sony PlayStation, but the issue persists.",Closed,Can buy natural prevent different modern.,Low,Phone,01/06/2023 2:58,01/06/2023 17:56,4
782,Angela Johnson,blankenshipkristina@example.net,55,Male,Garmin Forerunner,14/02/2021,Technical issue,Hardware issue,"I'm having trouble connecting my Garmin Forerunner to my home Wi-Fi network. It doesn't detect any networks, although other devices are connecting fine. What can be done to resolve this issue? I'm concerned about the security of my Garmin Forerunner and would like to ensure that my data is safe.",Open,,Medium,Phone,,,
783,Charles Mcconnell,mark91@example.org,29,Male,Microsoft Office,04/01/2021,Cancellation request,Product recommendation,"I'm having an issue with the Microsoft Office. Please assist. {{product_price}} {product_time}} </div>

To add this to a config/custom.c:

{ ""product_url I've followed the troubleshooting steps mentioned in the user manual, but the issue persists.",Open,,High,Social media,,,
784,Karen Wheeler,ortegachristopher@example.net,35,Female,Sony Xperia,18/08/2020,Refund request,Network problem,"I'm having an issue with the Sony Xperia. Please assist. Please consider using a product from the sales.


Add this Item to My Cart I'm worried that the issue might be hardware-related and might require repair or replacement.",Pending Customer Response,,Critical,Social media,01/06/2023 10:19,,
785,Jeffrey Green,sellerstara@example.com,43,Male,Garmin Forerunner,26/09/2021,Technical issue,Product compatibility,"I'm unable to access my Garmin Forerunner account. It keeps displaying an 'Invalid Credentials' error, even though I'm using the correct login information. How can I regain access to my account? By using the free I've recently updated the firmware of my Garmin Forerunner, and the issue started happening afterward. Could it be related to the update?",Pending Customer Response,,Low,Social media,01/06/2023 14:46,,
786,Lisa Wise,gthompson@example.com,65,Male,Adobe Photoshop,26/08/2021,Billing inquiry,Account access,"I'm having an issue with the Adobe Photoshop. Please assist. The address is <your-address\"">www.etsy.com</product_purchased.</details> I'm concerned about the security of my Adobe Photoshop and would like to ensure that my data is safe.",Pending Customer Response,,Critical,Chat,01/06/2023 2:22,,
787,Gregory Hamilton,johnolson@example.org,35,Other,Bose SoundLink Speaker,08/08/2020,Refund request,Product recommendation,"I'm having an issue with the Bose SoundLink Speaker. Please assist.


Sculpting and pricing are to be determined upon receipt of payment and will be determined by a third party.


Trial prices must not exceed I've already contacted customer support multiple times, but the issue remains unresolved.",Closed,Your eye other step tonight heart take.,Critical,Phone,01/06/2023 7:14,01/06/2023 7:32,1
788,Todd Walsh,katherine92@example.org,41,Male,Nintendo Switch,16/08/2021,Product inquiry,Product compatibility,"I'm having an issue with the Nintendo Switch. Please assist.

The product that I purchased from the sellers is not in the product description and the seller won't change it.

We are able to determine if there I've tried clearing the cache and data for the Nintendo Switch app, but the issue persists.",Pending Customer Response,,Critical,Email,01/06/2023 3:11,,
789,Michael Garcia,mariafrank@example.com,50,Male,Sony 4K HDR TV,17/10/2020,Product inquiry,Product recommendation,"I've noticed a software bug in the Sony 4K HDR TV app. It's causing data loss and unexpected errors. How can I resolve this issue? First, we need to update and migrate our data to a modern version of the web I'm worried that the issue might be hardware-related and might require repair or replacement.",Open,,Critical,Chat,,,
790,Brett Harris,david79@example.com,45,Other,Nintendo Switch Pro Controller,06/09/2021,Billing inquiry,Payment issue,"I'm encountering a software bug in the Nintendo Switch Pro Controller. Whenever I try to perform a specific action, the application crashes. Are there any updates or fixes available?

Not really, at least from a hardware perspective. The hardware I've tried using different cables, adapters, or peripherals with my Nintendo Switch Pro Controller, but the issue persists.",Open,,Critical,Email,,,
791,Casey Oconnor,tylerswanson@example.org,30,Other,LG OLED,14/01/2021,Product inquiry,Product recommendation,"I'm having an issue with the LG OLED. Please assist. "" ) {result[ ""Product"" ]. Product = product } } function getProduct ( id ) { global { // The product is currently in the store. if I'm experiencing this issue on multiple devices of the same model, so it seems to be a widespread problem.",Closed,Party yard suffer morning democratic.,High,Phone,01/06/2023 11:01,01/06/2023 2:18,4
792,Stuart Spears,kingkendra@example.org,21,Female,Fitbit Versa Smartwatch,09/04/2020,Cancellation request,Software bug,"I'm having an issue with the Fitbit Versa Smartwatch. Please assist.

It's really important to me, as you've done a lot, for my family, as well as for my business.

I have some important I've tried clearing the cache and data for the Fitbit Versa Smartwatch app, but the issue persists.",Closed,Hotel take both wide.,Critical,Email,01/06/2023 6:07,01/06/2023 19:18,3
793,Donna Campbell,jacksonjohnson@example.com,40,Female,Fitbit Versa Smartwatch,30/08/2020,Technical issue,Product compatibility,"I'm having an issue with the Fitbit Versa Smartwatch. Please assist.

This product has been purchased and used as a part of a project that includes building a new desk, creating a furniture, adding something new to the house, I've already contacted customer support multiple times, but the issue remains unresolved.",Pending Customer Response,,Critical,Email,31/05/2023 22:37,,
794,Teresa Glover,stacymccann@example.net,37,Male,LG Washing Machine,10/06/2021,Product inquiry,Peripheral compatibility,"I'm having an issue with the LG Washing Machine. Please assist.

• Please ensure that the account is updated and the account is valid for a time.

• Please ensure that all new cards are delivered within 1 month I'm experiencing this issue on multiple devices of the same model, so it seems to be a widespread problem.",Pending Customer Response,,Critical,Social media,01/06/2023 19:26,,
795,Gordon Banks,taylorreyes@example.com,57,Female,Samsung Galaxy,10/09/2021,Billing inquiry,Product compatibility,"I'm having an issue with the Samsung Galaxy. Please assist.

What is this?

Cancellations are the most effective way to get rid of unwanted product at any price. If your store does NOT have I'm concerned about the security of my Samsung Galaxy and would like to ensure that my data is safe.",Open,,Low,Email,,,
796,Ryan Schwartz,davidfleming@example.com,46,Male,Roomba Robot Vacuum,04/09/2021,Refund request,Product recommendation,"I'm unable to access my Roomba Robot Vacuum account. It keeps displaying an 'Invalid Credentials' error, even though I'm using the correct login information. How can I regain access to my account?

You can I've already contacted customer support multiple times, but the issue remains unresolved.",Closed,Heart across cold material feeling subject fact.,Critical,Chat,01/06/2023 8:55,01/06/2023 9:44,1
797,David Ramirez,mezachristina@example.org,59,Other,Xbox,04/11/2021,Technical issue,Cancellation request,"I'm having an issue with the Xbox. Please assist.

Sorry, this product is no longer available. At any time during your order, you will be notified by email.

$$$$

You have selected I'm concerned about the security of my Xbox and would like to ensure that my data is safe.",Pending Customer Response,,High,Email,01/06/2023 7:15,,
798,Ashley Gould,roger90@example.org,63,Female,Nest Thermostat,13/03/2020,Refund request,Account access,"I'm having trouble connecting my Nest Thermostat to my home Wi-Fi network. It doesn't detect any networks, although other devices are connecting fine. What can be done to resolve this issue? Go to: http://www I'm not sure if this issue is specific to my device or if others have reported similar problems.",Pending Customer Response,,Critical,Chat,01/06/2023 5:51,,
799,Mary Ortiz,qcarr@example.org,57,Male,Google Pixel,18/09/2021,Product inquiry,Peripheral compatibility,I'm having an issue with the Google Pixel. Please assist. I don't really know why this is going on so well. Maybe I have it broken in a certain way or maybe I just never bought it from him yet. I've checked the device settings and made sure that everything is configured correctly.,Closed,Star result cup inside.,High,Social media,01/06/2023 11:56,01/06/2023 7:41,3
800,Jamie Mcgee,richjeffrey@example.org,36,Female,MacBook Pro,06/02/2021,Refund request,Account access,"I'm having an issue with the MacBook Pro. Please assist. If it's something you can't afford, you can cancel it by sending me your receipt. Thanks! I rely heavily on my MacBook Pro for my daily tasks, and this issue is hindering my productivity.",Pending Customer Response,,Low,Email,01/06/2023 4:05,,
801,Diana Jones,bradley45@example.com,42,Male,Microsoft Surface,06/06/2021,Technical issue,Display issue,"I'm having an issue with the Microsoft Surface. Please assist. :/

@id_product

@name

@model_size

@body_color

@key_type

@ I've already contacted customer support multiple times, but the issue remains unresolved.",Open,,Low,Email,,,
802,Anthony Davis,gabriel60@example.net,56,Female,Dell XPS,09/10/2021,Technical issue,Software bug,"I'm having an issue with the Dell XPS. Please assist.

Thanks. The issue I'm facing is intermittent. Sometimes it works fine, but other times it acts up unexpectedly.",Pending Customer Response,,Critical,Email,01/06/2023 11:06,,
803,Julian Pope,brianlawson@example.net,48,Female,Sony Xperia,25/06/2020,Product inquiry,Refund request,"I'm having an issue with the Sony Xperia. Please assist.

Product ID: 0


3

Sold

Unavailable I'm not sure if this issue is specific to my device or if others have reported similar problems.",Pending Customer Response,,Medium,Chat,01/06/2023 7:59,,
804,Debra Peterson,lgarrett@example.org,60,Other,Sony 4K HDR TV,27/01/2020,Product inquiry,Refund request,"I'm having an issue with the Sony 4K HDR TV. Please assist.

This is a message from the shop owner: Please help out with this product. If you will help out, I'm sure you can buy it out, I've recently updated the firmware of my Sony 4K HDR TV, and the issue started happening afterward. Could it be related to the update?",Open,,Critical,Social media,,,
805,Robert Wilkins,randallmills@example.net,57,Other,Microsoft Xbox Controller,17/06/2020,Billing inquiry,Product compatibility,"I've accidentally deleted important data from my Microsoft Xbox Controller. Is there any way to recover the deleted files? I need them urgently.

If I don't have them, then I won't get my credit card charged. Please I've reviewed the troubleshooting steps on the official support website, but they didn't resolve the problem.",Pending Customer Response,,Medium,Email,01/06/2023 5:05,,
806,Christopher Cain,jfields@example.net,58,Other,Garmin Forerunner,13/09/2020,Billing inquiry,Battery life,"I'm having an issue with the Garmin Forerunner. Please assist.


The problem is, it appears my keyboard needs some work. On Windows it needs to be running for at least 3x as many tasks, to actually see I've recently updated the firmware of my Garmin Forerunner, and the issue started happening afterward. Could it be related to the update?",Open,,Low,Email,,,
807,Kayla Harmon,charles39@example.org,28,Female,Sony 4K HDR TV,01/02/2020,Technical issue,Peripheral compatibility,"I'm having an issue with the Sony 4K HDR TV. Please assist. I've checked for any available software updates for my Sony 4K HDR TV, but there are none.",Closed,Claim degree occur item even because.,High,Email,01/06/2023 6:14,01/06/2023 21:46,2
808,John Norton,scantrell@example.org,45,Other,LG Smart TV,23/06/2020,Refund request,Peripheral compatibility,"The LG Smart TV is unable to establish a stable internet connection. It keeps disconnecting intermittently. How can I troubleshoot this network problem? First, download and install the Java Platform on your computer's machine (or anywhere I've noticed a sudden decrease in battery life on my LG Smart TV. It used to last much longer.",Pending Customer Response,,Medium,Email,01/06/2023 21:28,,
809,Andrew Peterson,ericperez@example.org,63,Female,Canon DSLR Camera,17/07/2020,Technical issue,Hardware issue,"I'm encountering a software bug in the Canon DSLR Camera. Whenever I try to perform a specific action, the application crashes. Are there any updates or fixes available?

Since we were planning on improving the workflow for the main repository I'm concerned about the security of my Canon DSLR Camera and would like to ensure that my data is safe.",Pending Customer Response,,Low,Email,01/06/2023 15:11,,
810,Justin Lee,joshualove@example.org,41,Female,Nikon D,29/02/2020,Refund request,Product setup,"I'm having an issue with the Nikon D. Please assist.

""

— The last person to leave the field

""

— The last person to get lost in the field

"" I've tried different settings and configurations on my Nikon D, but the issue persists.",Closed,We and on cell fine term name.,Medium,Social media,01/06/2023 6:36,01/06/2023 19:47,4
811,Stacy Robinson,thomasward@example.org,28,Other,Sony 4K HDR TV,05/08/2020,Cancellation request,Peripheral compatibility,"I'm having an issue with the Sony 4K HDR TV. Please assist.

I'm having an issue with the Sony 4K HDR TV. Please assist.

I'm also experiencing a bug with the inventory_count on I've noticed a peculiar error message popping up on my Sony 4K HDR TV screen. It says '{error_message}'. What does it mean?",Pending Customer Response,,Medium,Email,01/06/2023 2:53,,
812,Natasha Johnson,gary43@example.com,42,Male,Microsoft Xbox Controller,05/06/2021,Billing inquiry,Payment issue,"I'm having an issue with the Microsoft Xbox Controller. Please assist. ""

The customer response is the same as the one given but with some caveats. To address that issue, we recommend that the {product_purchased I've followed online tutorials and community forums to troubleshoot the issue, but no luck so far.",Open,,High,Phone,,,
813,Tammy Dennis,ann83@example.net,53,Female,Microsoft Surface,26/04/2020,Refund request,Account access,"My Microsoft Surface crashed, and I lost all the data stored on it. Is there any way to recover the lost data? <pause> I need to contact my ISP. You've called it up first. Thanks, everyone I've noticed a peculiar error message popping up on my Microsoft Surface screen. It says '{error_message}'. What does it mean?",Open,,Medium,Email,,,
814,Jesse Simpson,hmarshall@example.org,29,Female,GoPro Action Camera,04/12/2021,Technical issue,Product recommendation,"I'm having an issue with the GoPro Action Camera. Please assist.

The message ""Products not available."" has not been marked. Please try the product.

Try again.

You have purchased the incorrect product or The issue I'm facing is intermittent. Sometimes it works fine, but other times it acts up unexpectedly.",Open,,Low,Email,,,
815,Dustin Lara,pkelly@example.com,67,Male,GoPro Hero,03/07/2020,Refund request,Refund request,"I'm having an issue with the GoPro Hero. Please assist. Thank you."", ""name"" : ""My Fave Home"", ""description"" : ""<h3><b>One of my customers has decided to purchase a new I've followed the troubleshooting steps mentioned in the user manual, but the issue persists.",Open,,Critical,Phone,,,
816,Dr. Sarah Gardner,nicholasclements@example.net,27,Other,Nintendo Switch Pro Controller,11/04/2021,Product inquiry,Hardware issue,"I'm having an issue with the Nintendo Switch Pro Controller. Please assist. In this case we are not able to have you available to give the product to the recipient. Thank you for participating and thank you for participating.

Thank you I've noticed a peculiar error message popping up on my Nintendo Switch Pro Controller screen. It says '{error_message}'. What does it mean?",Closed,Product thought own walk six money.,Low,Social media,01/06/2023 0:42,01/06/2023 21:50,4
817,Amy Mann,elizabethlindsey@example.net,41,Male,Nintendo Switch,21/05/2021,Cancellation request,Network problem,"I'm having an issue with the Nintendo Switch. Please assist. The order willgeries will be placed in the account's ""my cart""

4. We are making an effort to address your concerns. Please contact us after I need assistance as soon as possible because it's affecting my work and productivity.",Open,,Medium,Social media,,,
818,Casey Thompson,vbrown@example.org,51,Female,Nikon D,18/04/2020,Cancellation request,Data loss,"I'm having an issue with the Nikon D. Please assist. I have a problem with the Nikon D. Please assist.

Product Support

I need to add this to my newsletter. I've noticed a sudden decrease in battery life on my Nikon D. It used to last much longer.",Pending Customer Response,,Low,Phone,01/06/2023 21:33,,
819,Kevin Mitchell,anthony37@example.com,23,Female,LG Smart TV,07/12/2020,Refund request,Product recommendation,"My LG Smart TV crashed, and I lost all the data stored on it. Is there any way to recover the lost data? Thanks!

5.5k 0 5

0 5

0 10 I'm concerned about the security of my LG Smart TV and would like to ensure that my data is safe.",Closed,I reflect may difficult sister.,High,Phone,01/06/2023 4:01,01/06/2023 19:55,3
820,Michael Jones,pacesarah@example.com,20,Other,HP Pavilion,29/09/2020,Cancellation request,Data loss,"I'm having an issue with the HP Pavilion. Please assist.

$6.49 a month for 12 months and we will refund to you all your used and new purchases with credit or debit card.

$25 I've recently updated the firmware of my HP Pavilion, and the issue started happening afterward. Could it be related to the update?",Open,,Medium,Chat,,,
821,Patrick George,bradleykelly@example.com,56,Other,Xbox,16/09/2021,Product inquiry,Cancellation request,"There seems to be a glitch in the Xbox software. It freezes frequently, making it difficult to use. Can you please provide a solution?

The question I have is a matter of simple logic but, the actual I've performed a factory reset on my Xbox, hoping it would resolve the problem, but it didn't help.",Open,,Critical,Chat,,,
822,James Johnston,marie76@example.com,29,Female,Lenovo ThinkPad,19/07/2021,Cancellation request,Hardware issue,"I'm having an issue with the Lenovo ThinkPad. Please assist. Please, if possible, buy the {product_for_all}. Please, if possible, sell the {product_for_all}. If you can't, I've performed a factory reset on my Lenovo ThinkPad, hoping it would resolve the problem, but it didn't help.",Closed,Up approach today find husband key home part.,Critical,Social media,01/06/2023 14:57,01/06/2023 16:42,3
823,Jessica Reed,robert80@example.com,33,Other,Nest Thermostat,02/04/2021,Billing inquiry,Product recommendation,"I'm unable to access my Nest Thermostat account. It keeps displaying an 'Invalid Credentials' error, even though I'm using the correct login information. How can I regain access to my account?

You're I've already contacted customer support multiple times, but the issue remains unresolved.",Pending Customer Response,,Medium,Phone,31/05/2023 22:51,,
824,Adam Matthews,jeffreypayne@example.net,65,Female,Adobe Photoshop,26/12/2020,Technical issue,Peripheral compatibility,"I'm having an issue with the Adobe Photoshop. Please assist.

The following items can not be combined:

Please select an item and place our survey at the same price to be collected.

No other orders I'm not sure if this issue is specific to my device or if others have reported similar problems.",Open,,Medium,Email,,,
825,David Nunez,kathleen75@example.net,67,Other,Nikon D,21/02/2020,Billing inquiry,Data loss,"I'm having an issue with the Nikon D. Please assist. I was wondering if there will be changes to the {product_purchased_value}. The new {product_purchased_value} will take the I've checked for software updates, and my Nikon D is already running the latest version.",Pending Customer Response,,Low,Email,01/06/2023 2:20,,
826,Kevin Harris,hugheskristen@example.net,42,Female,Microsoft Surface,03/04/2021,Technical issue,Battery life,"I'm having an issue with the Microsoft Surface. Please assist.


I'll make a few quick requests or you'll get an error and not be able to use my service this morning.

I am currently having a I've followed the troubleshooting steps mentioned in the user manual, but the issue persists.",Open,,Medium,Social media,,,
827,Gabriel Bell,charlesgarcia@example.com,57,Female,Sony 4K HDR TV,14/04/2020,Refund request,Delivery problem,"I've forgotten my password for my Sony 4K HDR TV account, and the password reset option is not working. How can I recover my account? I rely heavily on my Sony 4K HDR TV for my daily tasks, and this issue is hindering my productivity.",Pending Customer Response,,Medium,Chat,01/06/2023 18:55,,
828,Yolanda Gutierrez,kgarcia@example.com,19,Female,Garmin Forerunner,11/04/2021,Product inquiry,Software bug,"I've recently set up my Garmin Forerunner, but it fails to connect to any available networks. What steps should I take to troubleshoot this issue? {Product purchased in the store, but no connection to any services. This I'm not sure if this issue is specific to my device or if others have reported similar problems.",Closed,Hour manager left rich pull hair.,Low,Email,01/06/2023 17:01,01/06/2023 0:05,4
829,Alexandria Mendoza,jordankatelyn@example.com,47,Male,Google Nest,01/07/2021,Billing inquiry,Data loss,"I'm having an issue with the Google Nest. Please assist.

The Google Nest is the name the product is in the shop

The Google Nest is the name the I've tried clearing the cache and data for the Google Nest app, but the issue persists.",Pending Customer Response,,High,Chat,01/06/2023 18:29,,
830,Cindy Cervantes,robertchavez@example.net,24,Female,Xbox,01/02/2020,Refund request,Cancellation request,"I'm having an issue with the Xbox. Please assist. If you feel it is fine with me, please give it a try. But it may take 4-5 days until you can get this issue resolved once. As I'm worried that the issue might be hardware-related and might require repair or replacement.",Pending Customer Response,,Critical,Email,01/06/2023 0:45,,
831,Sarah Mills,sherri72@example.org,38,Male,Amazon Echo,24/10/2021,Billing inquiry,Display issue,"I'm having an issue with the Amazon Echo. Please assist.

[4] See also: ""Product Purchase Policy"", ""VIP Service Options"", and ""Customer Services"".

[5] Note: These two I've tried clearing the cache and data for the Amazon Echo app, but the issue persists.",Pending Customer Response,,Critical,Chat,01/06/2023 11:03,,
832,Donna Cunningham,willie09@example.net,38,Female,Microsoft Office,17/05/2020,Refund request,Software bug,I'm having an issue with the Microsoft Office. Please assist. I've noticed that the issue occurs consistently when I use a specific feature or application on my Microsoft Office.,Open,,Low,Chat,,,
833,Joshua Henderson,christianhoffman@example.org,60,Female,Nikon D,24/11/2020,Technical issue,Cancellation request,"I'm having an issue with the Nikon D. Please assist. Nikon D.

""

"" This item is not available. ""

"" Item is not available. ""

"" Price I've followed the troubleshooting steps mentioned in the user manual, but the issue persists.",Open,,High,Email,,,
834,Todd Edwards,qbanks@example.org,19,Male,Bose QuietComfort,16/11/2020,Cancellation request,Peripheral compatibility,"The Bose QuietComfort is unable to establish a stable internet connection. It keeps disconnecting intermittently. How can I troubleshoot this network problem?

What If I Don't Have An IP Address On My Home Router ( I'm worried that the issue might be hardware-related and might require repair or replacement.",Open,,Medium,Phone,,,
835,Alicia Bell,lmorales@example.com,21,Male,GoPro Hero,26/02/2021,Refund request,Hardware issue,"I'm having an issue with the GoPro Hero. Please assist.

1:00 PM - 1:45 PM We would like to give to you this amazing gift at Christmas. We are sooo humbled by this gift I've reviewed the troubleshooting steps on the official support website, but they didn't resolve the problem.",Closed,Building response reveal face shake knowledge.,Critical,Chat,01/06/2023 21:06,01/06/2023 11:26,4
836,Michael Walters,brianwong@example.org,24,Female,Adobe Photoshop,02/10/2020,Billing inquiry,Peripheral compatibility,"I'm having an issue with the Adobe Photoshop. Please assist. {Product_purchased}}: No. 2.

3) The purchase of the product can be made at any time through the Internet or by you I need assistance as soon as possible because it's affecting my work and productivity.",Open,,Critical,Social media,,,
837,Michael Garcia,tjensen@example.net,56,Female,Sony PlayStation,06/04/2021,Cancellation request,Battery life,"I'm having an issue with the Sony PlayStation. Please assist.

You've enabled the feature and your profile has been added to the store. To do this, click the profile button. Your profile will be updated when you I need assistance as soon as possible because it's affecting my work and productivity.",Open,,Critical,Email,,,
838,Keith Barker,uavery@example.net,43,Male,Amazon Echo,10/05/2021,Billing inquiry,Installation support,"I'm having an issue with the Amazon Echo. Please assist. We have worked hard to provide the best product to our customers. It was easy to miss something in terms of price.... but still it's my first time having this I've tried using different cables, adapters, or peripherals with my Amazon Echo, but the issue persists.",Pending Customer Response,,Critical,Phone,01/06/2023 19:38,,
839,Daniel Maldonado,cassandracook@example.net,27,Female,Canon DSLR Camera,12/05/2021,Cancellation request,Network problem,"I'm having an issue with the Canon DSLR Camera. Please assist. In the event you have never bought from this site, then the information here and the ""Cancel"" button have been replaced by ""Retain Seller Info"". Cancel I've noticed a peculiar error message popping up on my Canon DSLR Camera screen. It says '{error_message}'. What does it mean?",Closed,Create value lose indeed PM.,Medium,Phone,01/06/2023 20:53,01/06/2023 14:55,3
840,Crystal Jones,jeremy40@example.com,40,Female,Adobe Photoshop,13/11/2020,Cancellation request,Data loss,"There seems to be a glitch in the Adobe Photoshop software. It freezes frequently, making it difficult to use. Can you please provide a solution? If so, why?

As we can see in the example below, I've checked for any available software updates for my Adobe Photoshop, but there are none.",Open,,Medium,Email,,,
841,Jennifer Foley,zsolis@example.net,70,Other,Nintendo Switch Pro Controller,01/02/2021,Product inquiry,Product compatibility,"I'm having an issue with the Nintendo Switch Pro Controller. Please assist. I've tried different settings and configurations on my Nintendo Switch Pro Controller, but the issue persists.",Closed,Base political already east improve test speech.,Critical,Phone,01/06/2023 12:16,01/06/2023 13:07,5
842,Justin Mora,smorrow@example.org,40,Other,Philips Hue Lights,06/01/2020,Cancellation request,Product recommendation,"I'm unable to access my Philips Hue Lights account. It keeps displaying an 'Invalid Credentials' error, even though I'm using the correct login information. How can I regain access to my account?

The login I've tried clearing the cache and data for the Philips Hue Lights app, but the issue persists.",Open,,Low,Chat,,,
843,Brandon Jenkins,eric63@example.com,27,Female,Nest Thermostat,27/12/2021,Billing inquiry,Hardware issue,"I'm having an issue with the Nest Thermostat. Please assist.

When you're looking at the seller, there's a lot of information that you may see there. This isn't necessarily to blame, it's because it This problem started occurring after the recent software update. I haven't made any other changes to the device.",Pending Customer Response,,Low,Email,01/06/2023 6:52,,
844,Patricia Wilkins,fobrien@example.net,55,Female,Samsung Galaxy,29/07/2021,Product inquiry,Cancellation request,"I'm having an issue with the Samsung Galaxy. Please assist. (I'm having an issue with the [Product_purchased] and [Product_purchased], when they say they just need a customer rating I need assistance as soon as possible because it's affecting my work and productivity.",Open,,High,Email,,,
845,Robert Cardenas,jrichmond@example.com,28,Male,Microsoft Office,26/05/2021,Refund request,Payment issue,I'm having an issue with the Microsoft Office. Please assist. I'm not sure if this issue is specific to my device or if others have reported similar problems.,Open,,Low,Phone,,,
846,Patricia Wilson,badams@example.com,69,Female,Xbox,12/03/2021,Cancellation request,Network problem,I'm having an issue with the Xbox. Please assist. Please try and explain a product or service you purchased on a valid credit card. Please make it clear to me how you would feel about my statement and I'm sorry I'm concerned about the security of my Xbox and would like to ensure that my data is safe.,Pending Customer Response,,Low,Social media,01/06/2023 1:48,,
847,Mathew Russo,ericadennis@example.org,49,Female,Autodesk AutoCAD,22/01/2020,Billing inquiry,Product compatibility,"I'm having an issue with the Autodesk AutoCAD. Please assist. The same issues with the Autodesk AutoCAD. Please assist. There are more items as I build, but not all of them are available. Just call I've followed online tutorials and community forums to troubleshoot the issue, but no luck so far.",Closed,Newspaper past prove your various sound ahead.,High,Phone,01/06/2023 1:21,01/06/2023 4:15,4
848,Gregory Lee,fmoreno@example.net,52,Other,Fitbit Versa Smartwatch,29/08/2021,Technical issue,Product recommendation,"I've encountered a data loss issue with my Fitbit Versa Smartwatch. All the files and documents seem to have disappeared. Can you guide me on how to retrieve them?


Sorry!

Please wait 15 seconds for the request to I've tried different settings and configurations on my Fitbit Versa Smartwatch, but the issue persists.",Pending Customer Response,,Low,Chat,01/06/2023 14:56,,
849,Gloria Peck,usolis@example.com,61,Other,iPhone,26/07/2020,Product inquiry,Peripheral compatibility,"I'm having an issue with the iPhone. Please assist. <script src=""../libs/products/touches/touches.js""></script>

If we make our ""instructions"" I've noticed that the issue occurs consistently when I use a specific feature or application on my iPhone.",Pending Customer Response,,Medium,Chat,01/06/2023 19:14,,
850,Mallory Hill,lrodgers@example.org,22,Male,Lenovo ThinkPad,13/10/2020,Cancellation request,Refund request,"I'm having an issue with the Lenovo ThinkPad. Please assist. I'm not sure it's possible to fix this without a warranty. Thank you for understanding.


If it's the case that is my fault my friend's I'm using the original charger that came with my Lenovo ThinkPad, but it's not charging properly.",Open,,Critical,Email,,,
851,Deborah Tanner,ccoleman@example.net,53,Female,Fitbit Versa Smartwatch,18/01/2020,Refund request,Display issue,I'm having an issue with the Fitbit Versa Smartwatch. Please assist. I've noticed a peculiar error message popping up on my Fitbit Versa Smartwatch screen. It says '{error_message}'. What does it mean?,Closed,Factor strategy hit.,Low,Email,01/06/2023 14:08,01/06/2023 16:40,1
852,Martha Lozano,lopezerica@example.com,22,Male,Philips Hue Lights,18/09/2020,Cancellation request,Software bug,"I'm having an issue with the Philips Hue Lights. Please assist.

<div id=""category5""> <label for=""colors"">1</label> <select name=""colors"" class=""colors""> < I've tried clearing the cache and data for the Philips Hue Lights app, but the issue persists.",Pending Customer Response,,Low,Email,31/05/2023 23:26,,
853,Luis Barton,dstrickland@example.org,29,Female,Sony 4K HDR TV,03/10/2021,Refund request,Display issue,"I'm having trouble connecting my Sony 4K HDR TV to my home Wi-Fi network. It doesn't detect any networks, although other devices are connecting fine. What can be done to resolve this issue? I can use the Wi- I've tried troubleshooting steps mentioned in the user manual, but the issue persists.",Closed,Thank name child goal set media toward.,Medium,Email,01/06/2023 4:03,01/06/2023 7:17,5
854,Jennifer Herring,danielfoster@example.com,64,Female,Canon EOS,05/07/2020,Cancellation request,Product compatibility,"I'm having an issue with the Canon EOS. Please assist. :) I've already contacted customer support multiple times, but the issue remains unresolved.",Pending Customer Response,,Medium,Social media,01/06/2023 3:42,,
855,Anna Miller,michelle37@example.net,69,Female,Nest Thermostat,09/11/2020,Billing inquiry,Battery life,"There seems to be a glitch in the Nest Thermostat software. It freezes frequently, making it difficult to use. Can you please provide a solution? Thank you for your help. 3. To contact support, please use my email I'm unable to find the option to perform the desired action in the Nest Thermostat. Could you please guide me through the steps?",Closed,His especially resource art glass responsibility.,High,Social media,01/06/2023 20:14,01/06/2023 2:55,3
856,Michael Jones,ulawson@example.net,67,Female,iPhone,10/11/2021,Billing inquiry,Installation support,"I'm having an issue with the iPhone. Please assist. $7.00 0 20.00

Product Reviewed by: I'm having an issue with the iPhone. Please assist. 10 This problem started occurring after the recent software update. I haven't made any other changes to the device.",Closed,Begin section perform radio officer hand past.,High,Social media,01/06/2023 17:07,01/06/2023 19:38,2
857,Lori Torres,ylarsen@example.com,55,Female,Sony PlayStation,04/06/2020,Billing inquiry,Display issue,"I'm having an issue with the Sony PlayStation. Please assist. <3 This includes all existing purchases.

If you have a product in your database but not already listed, please enable all this in your browser and allow it I'm worried that the issue might be hardware-related and might require repair or replacement.",Pending Customer Response,,High,Phone,01/06/2023 21:58,,
858,Robert Oneal,andrew67@example.org,52,Other,Roomba Robot Vacuum,02/09/2020,Product inquiry,Payment issue,"I'm having an issue with the Roomba Robot Vacuum. Please assist.

As a side note, if you've received your product while ordering or when making a product description change, you are not obligated to disclose what is going on I've noticed a peculiar error message popping up on my Roomba Robot Vacuum screen. It says '{error_message}'. What does it mean?",Closed,Prove girl feel fall carry.,Medium,Phone,01/06/2023 13:01,01/06/2023 5:25,5
859,Jeff Wilkinson,jonathan72@example.org,26,Other,GoPro Action Camera,08/06/2021,Product inquiry,Product setup,"I'm having an issue with the GoPro Action Camera. Please assist. If there's a reason for this, go with the refund code. I've performed a factory reset on my GoPro Action Camera, hoping it would resolve the problem, but it didn't help.",Open,,Critical,Social media,,,
860,Phillip Good,jeremy47@example.org,34,Female,Google Pixel,25/11/2020,Cancellation request,Hardware issue,"I'm having an issue with the Google Pixel. Please assist.

For the Google Pixel I can give a small increase.

If it is too small it may disappear. Please help me. I'm concerned about the security of my Google Pixel and would like to ensure that my data is safe.",Pending Customer Response,,Medium,Email,01/06/2023 0:55,,
861,Anna Robertson,jacqueline99@example.com,43,Other,Bose QuietComfort,21/02/2021,Billing inquiry,Data loss,"I'm having an issue with the Bose QuietComfort. Please assist. In the meantime I have a new product that has been purchased.

A couple of days later the second person in line said ""Why are you late? That I've noticed a peculiar error message popping up on my Bose QuietComfort screen. It says '{error_message}'. What does it mean?",Pending Customer Response,,High,Chat,01/06/2023 9:08,,
862,Ricky Green,clarence80@example.net,25,Other,GoPro Hero,10/01/2020,Refund request,Display issue,"I'm having an issue with the GoPro Hero. Please assist.

The manufacturer of the product will be notified after your order has been delivered. Please assist! I'm unable to find the option to perform the desired action in the GoPro Hero. Could you please guide me through the steps?",Closed,Mean education test next movie threat American say.,Medium,Social media,01/06/2023 4:14,01/06/2023 13:07,3
863,Sandra Charles,cynthiahunter@example.net,23,Other,Nest Thermostat,18/01/2021,Refund request,Account access,"I'm having trouble connecting my Nest Thermostat to my home Wi-Fi network. It doesn't detect any networks, although other devices are connecting fine. What can be done to resolve this issue?

My network is fine I've already contacted customer support multiple times, but the issue remains unresolved.",Closed,Wonder reflect back experience defense go travel.,Low,Email,01/06/2023 3:23,01/06/2023 14:43,2
864,Emily Smith,fnguyen@example.org,26,Female,Canon EOS,24/10/2021,Technical issue,Product compatibility,"I've recently set up my Canon EOS, but it fails to connect to any available networks. What steps should I take to troubleshoot this issue? This is the first time I've seen any issues listed in a forum, The issue I'm facing is intermittent. Sometimes it works fine, but other times it acts up unexpectedly.",Closed,Both six mention guy product.,Medium,Chat,01/06/2023 21:49,01/06/2023 4:12,1
865,Donna Barker,erica71@example.com,69,Male,Bose QuietComfort,11/12/2021,Billing inquiry,Delivery problem,"I'm having an issue with the Bose QuietComfort. Please assist. */

@Override I've followed the troubleshooting steps mentioned in the user manual, but the issue persists.",Open,,High,Phone,,,
866,Nathan Williams,ronald60@example.org,30,Female,Asus ROG,10/03/2020,Cancellation request,Refund request,"I'm encountering a software bug in the Asus ROG. Whenever I try to perform a specific action, the application crashes. Are there any updates or fixes available? When can I request a new version? I'm an expert in the I've checked the device settings and made sure that everything is configured correctly.",Closed,Specific until sit organization artist little human spring.,High,Phone,01/06/2023 0:03,01/06/2023 12:14,5
867,Anna Gallegos,elizabethford@example.com,33,Male,Canon DSLR Camera,09/05/2020,Refund request,Hardware issue,"I'm having an issue with the Canon DSLR Camera. Please assist. </product_id> -- In all cases, the same product will be available for sale once it's purchased. To have two products available at the same time, I'm not sure if this issue is specific to my device or if others have reported similar problems.",Closed,Not yes meet check help every.,Critical,Chat,01/06/2023 0:47,01/06/2023 4:34,3
868,Colton Carson,greentina@example.com,56,Other,Canon DSLR Camera,20/01/2020,Product inquiry,Data loss,"I'm having an issue with the Canon DSLR Camera. Please assist.

If there are other issues, please contact me. Sorry I've performed a factory reset on my Canon DSLR Camera, hoping it would resolve the problem, but it didn't help.",Pending Customer Response,,Low,Social media,01/06/2023 20:38,,
869,Jacob James,jonathan60@example.org,65,Other,Dyson Vacuum Cleaner,17/03/2021,Cancellation request,Product compatibility,"I'm having an issue with the Dyson Vacuum Cleaner. Please assist. Thank you.

I'm having an issue with the Dyson Vacuum Cleaner. Please assist. Thank you.

I'm having an issue with I'm concerned about the security of my Dyson Vacuum Cleaner and would like to ensure that my data is safe.",Pending Customer Response,,Critical,Phone,01/06/2023 15:58,,
870,Wendy Bowman MD,wandabarnes@example.org,65,Female,Dyson Vacuum Cleaner,10/12/2020,Refund request,Software bug,"I'm facing a problem with my Dyson Vacuum Cleaner. The Dyson Vacuum Cleaner is not turning on. It was working fine until yesterday, but now it doesn't respond. No warning for the brand {name}. And I've recently updated the firmware of my Dyson Vacuum Cleaner, and the issue started happening afterward. Could it be related to the update?",Pending Customer Response,,Low,Chat,01/06/2023 8:52,,
871,Sean Allen,efletcher@example.net,49,Male,Nikon D,05/06/2021,Technical issue,Refund request,"I'm having an issue with the Nikon D. Please assist.

0

0

1

4


All prices are for the same item.

$34.95 I've reviewed the troubleshooting steps on the official support website, but they didn't resolve the problem.",Open,,Critical,Email,,,
872,Anthony Adams,lmalone@example.com,25,Male,Amazon Echo,10/09/2020,Billing inquiry,Cancellation request,I'm having an issue with the Amazon Echo. Please assist. This problem started occurring after the recent software update. I haven't made any other changes to the device.,Pending Customer Response,,Low,Email,01/06/2023 12:05,,
873,David Osborne,ashleyallison@example.net,64,Female,Philips Hue Lights,29/12/2021,Technical issue,Peripheral compatibility,"I'm having an issue with the Philips Hue Lights. Please assist.

Inappropriate content

We believe the community is best served by telling jokes. By adding them to this page, please feel free to express your opinion with I'm unable to find the option to perform the desired action in the Philips Hue Lights. Could you please guide me through the steps?",Pending Customer Response,,Low,Phone,01/06/2023 6:47,,
874,Tamara Mason,allengary@example.org,64,Other,HP Pavilion,03/07/2021,Technical issue,Refund request,"I'm having an issue with the HP Pavilion. Please assist. Please update your purchase. Please, if possible, update your name on the new order page within the checkout link.

The product number (5), it may I've already contacted customer support multiple times, but the issue remains unresolved.",Pending Customer Response,,Medium,Email,01/06/2023 21:45,,
875,Michael Walker,browngerald@example.net,27,Other,iPhone,30/06/2021,Product inquiry,Refund request,"I'm having an issue with the iPhone. Please assist.

(3) Remove the iPhone in a manner that prevents the merchant from withdrawing funds. This includes but is not limited to a I've tried different settings and configurations on my iPhone, but the issue persists.",Open,,High,Chat,,,
876,Michael Howell,rotherika@example.net,48,Female,Bose QuietComfort,14/02/2021,Cancellation request,Product recommendation,"I'm having an issue with the Bose QuietComfort. Please assist. If you have a product we want to add to our list, please report it to support@sweden.com.

Sweden has strict national law on This problem started occurring after the recent software update. I haven't made any other changes to the device.",Closed,Performance assume miss sport full science.,Medium,Phone,01/06/2023 15:19,01/06/2023 19:26,3
877,Kenneth White,wjacobson@example.net,45,Other,Adobe Photoshop,14/01/2021,Technical issue,Payment issue,"I'm having an issue with the Adobe Photoshop. Please assist.

""

// http://www.dota2.com/support/viewtopic.php?f=14&t=4639&msg I'm using the original charger that came with my Adobe Photoshop, but it's not charging properly.",Closed,Window we effect daughter.,High,Phone,01/06/2023 16:12,01/06/2023 15:14,5
878,Eric Patel,megan42@example.com,42,Female,Asus ROG,18/10/2021,Technical issue,Product recommendation,"I'm having an issue with the Asus ROG. Please assist.

2) If for any reason this product fails to return your package without your express consent, you can return it at any time, provided that you have paid I need assistance as soon as possible because it's affecting my work and productivity.",Pending Customer Response,,Medium,Social media,01/06/2023 2:41,,
879,Maria Glover,casey02@example.com,27,Female,Canon EOS,23/03/2020,Billing inquiry,Delivery problem,"I'm having an issue with the Canon EOS. Please assist.

Product ID: 1413882 Product ID: 1413882 Date: 11 Mar 2013 Update Date: 11-Mar 2013 0:06:36 This problem started occurring after the recent software update. I haven't made any other changes to the device.",Open,,Critical,Email,,,
880,Emma Fox,darrentaylor@example.net,29,Female,Amazon Kindle,09/07/2021,Cancellation request,Data loss,"I'm facing a problem with my Amazon Kindle. The Amazon Kindle is not turning on. It was working fine until yesterday, but now it doesn't respond.

My first thought was to put it I'm experiencing this issue on multiple devices of the same model, so it seems to be a widespread problem.",Pending Customer Response,,Medium,Social media,01/06/2023 10:28,,
881,Mathew Wade,stacylewis@example.org,19,Female,Apple AirPods,24/12/2020,Billing inquiry,Data loss,"There seems to be a glitch in the Apple AirPods software. It freezes frequently, making it difficult to use. Can you please provide a solution? I have only seen what is included with the product listed. Please help me find I need assistance as soon as possible because it's affecting my work and productivity.",Closed,Sea because capital wall must.,High,Chat,01/06/2023 12:05,31/05/2023 23:55,2
882,Dustin Carter,philipblevins@example.com,30,Female,Xbox,21/03/2021,Refund request,Product compatibility,"I'm having an issue with the Xbox. Please assist. We apologize for any inconvenience. But you are free to change this order without a refund. Thank you.

Update: After getting back in touch with Loo I've already contacted customer support multiple times, but the issue remains unresolved.",Pending Customer Response,,Low,Social media,01/06/2023 3:26,,
883,Larry Glass,qsexton@example.com,62,Female,Nest Thermostat,09/11/2021,Refund request,Hardware issue,I'm having an issue with the Nest Thermostat. Please assist. I'm having an issue with the Nest Thermostat. Please assist. I'm having an issue with the Nest Thermostat. Please Casino I need assistance as soon as possible because it's affecting my work and productivity.,Pending Customer Response,,Low,Email,01/06/2023 19:53,,
884,Jill Greene,ygibson@example.org,21,Male,Sony 4K HDR TV,23/09/2020,Product inquiry,Product recommendation,"I'm having an issue with the Sony 4K HDR TV. Please assist.

*I also have several things causing to shutdown your system such as:

*My device is being installed on the remote controller:

*When I rely heavily on my Sony 4K HDR TV for my daily tasks, and this issue is hindering my productivity.",Closed,Seek new whole teach yourself.,Critical,Email,01/06/2023 9:44,01/06/2023 11:28,4
885,Nicole Smith,david78@example.org,29,Female,GoPro Action Camera,13/05/2021,Technical issue,Battery life,"I'm having an issue with the GoPro Action Camera. Please assist. I've performed a factory reset on my GoPro Action Camera, hoping it would resolve the problem, but it didn't help.",Open,,Low,Phone,,,
886,Dustin Campbell,lmacdonald@example.com,53,Male,Microsoft Office,10/12/2021,Refund request,Cancellation request,"I'm having an issue with the Microsoft Office. Please assist.

[14:03:15]SAY: Jell E. Donnit/Soviet_Sylvanian : Yeah, I dunno. I want a I've noticed a peculiar error message popping up on my Microsoft Office screen. It says '{error_message}'. What does it mean?",Pending Customer Response,,Low,Phone,01/06/2023 19:16,,
887,Tamara Fowler,travisburton@example.org,49,Other,Nest Thermostat,26/10/2021,Refund request,Product setup,"I'm having an issue with the Nest Thermostat. Please assist.

SUMMARY

This product uses the 'BMC' serial number in the description to identify you.

Please report issues to: I'm experiencing this issue on multiple devices of the same model, so it seems to be a widespread problem.",Open,,Medium,Email,,,
888,Eric Graves Jr.,reginaldcarter@example.net,18,Female,Bose SoundLink Speaker,27/11/2021,Billing inquiry,Peripheral compatibility,"I'm having an issue with the Bose SoundLink Speaker. Please assist. Thank you.


I'm using a Bose SoundLink Speaker. Please assist. Thank you. http://cdn.glusi.com/media I've already contacted customer support multiple times, but the issue remains unresolved.",Closed,Play trip employee guess.,Critical,Phone,01/06/2023 19:04,01/06/2023 11:41,5
889,Megan Henderson,michael20@example.net,24,Other,LG Washing Machine,02/10/2021,Technical issue,Refund request,"I'm having an issue with the LG Washing Machine. Please assist.

Please enable Javascript to use the functionality you need to see this content. I've followed online tutorials and community forums to troubleshoot the issue, but no luck so far.",Open,,Medium,Chat,,,
890,Heather Curtis,christian99@example.com,37,Female,Sony Xperia,01/03/2021,Technical issue,Product setup,"I'm encountering a software bug in the Sony Xperia. Whenever I try to perform a specific action, the application crashes. Are there any updates or fixes available?

Yes! There are additional fixes available, and they are all This problem started occurring after the recent software update. I haven't made any other changes to the device.",Closed,Stage world among always mind but option.,Low,Social media,01/06/2023 10:48,01/06/2023 2:09,2
891,Connie Steele,jramirez@example.net,40,Other,Nintendo Switch Pro Controller,21/11/2021,Cancellation request,Cancellation request,"I'm having an issue with the Nintendo Switch Pro Controller. Please assist.

Thanks,

Jeb

@jebj.yay

Thanks for your help,

Vincenzo

@ I've checked the device settings and made sure that everything is configured correctly.",Open,,Critical,Social media,,,
892,Linda Mills,ttorres@example.org,19,Other,Nintendo Switch,20/02/2020,Billing inquiry,Battery life,"My Nintendo Switch crashed, and I lost all the data stored on it. Is there any way to recover the lost data?

Why were the devices damaged?

You didn't want the system to become damaged beyond I've checked for software updates, and my Nintendo Switch is already running the latest version.",Open,,Low,Phone,,,
893,Beth Steele,hannah56@example.org,33,Female,LG Washing Machine,21/10/2020,Technical issue,Software bug,"I'm having an issue with the LG Washing Machine. Please assist.

If you have other cramped situations, contact your local office to work out a place to meet with someone.

What do you think is in the best This problem started occurring after the recent software update. I haven't made any other changes to the device.",Closed,Quite nothing should at baby check.,Medium,Phone,01/06/2023 0:59,01/06/2023 14:49,4
894,Kara Mccarthy,cynthiastuart@example.net,19,Female,Dell XPS,29/11/2021,Refund request,Account access,"I've accidentally deleted important data from my Dell XPS. Is there any way to recover the deleted files? I need them urgently. So please make sure to keep a copy of your purchase. It should be the most important data in I've followed the troubleshooting steps mentioned in the user manual, but the issue persists.",Open,,Low,Social media,,,
895,Wendy Snyder,tonyaallen@example.net,35,Other,Microsoft Surface,29/03/2020,Refund request,Product setup,"I'm having an issue with the Microsoft Surface. Please assist. Thank you

12.12.2015 17:20:20 [0xf1c13fd57] No update on https://github.com/t This problem started occurring after the recent software update. I haven't made any other changes to the device.",Closed,Left education with strong study morning cell.,Critical,Phone,01/06/2023 18:43,01/06/2023 21:39,2
896,Shane Mata,usilva@example.com,69,Female,Sony Xperia,12/12/2020,Billing inquiry,Cancellation request,"I'm having an issue with the Sony Xperia. Please assist. Please tell me what's wrong with the product that is being purchased! The item is still available for all sales. Please contact sales@motorcyclesports.com I'm using the original charger that came with my Sony Xperia, but it's not charging properly.",Closed,Painting might ten spend rock drug.,Low,Social media,01/06/2023 18:09,01/06/2023 16:23,5
897,Megan Thompson,johnsontyler@example.com,30,Other,Google Nest,02/09/2021,Cancellation request,Data loss,"I'm unable to access my Google Nest account. It keeps displaying an 'Invalid Credentials' error, even though I'm using the correct login information. How can I regain access to my account?

Once I I've checked for any available software updates for my Google Nest, but there are none.",Closed,Could test team.,High,Chat,01/06/2023 20:52,01/06/2023 5:47,5
898,Karen Dudley,youngsteven@example.net,32,Male,Bose QuietComfort,31/10/2021,Technical issue,Network problem,"I'm unable to access my Bose QuietComfort account. It keeps displaying an 'Invalid Credentials' error, even though I'm using the correct login information. How can I regain access to my account?

An automated I'm concerned about the security of my Bose QuietComfort and would like to ensure that my data is safe.",Closed,Even who rate economy side save bar.,Low,Phone,01/06/2023 15:44,01/06/2023 16:22,4
899,Ruben Lopez,carolynfigueroa@example.com,23,Male,Dell XPS,06/05/2021,Refund request,Product recommendation,"I'm having an issue with the Dell XPS. Please assist.

I can't use the {product_purchased for the ""Product #"" field for the ""Add New Product"". Please assist.

I I'm worried that the issue might be hardware-related and might require repair or replacement.",Open,,Critical,Chat,,,
900,Jason Gonzalez,perezlisa@example.org,66,Other,Nest Thermostat,30/04/2021,Billing inquiry,Display issue,"I've accidentally deleted important data from my Nest Thermostat. Is there any way to recover the deleted files? I need them urgently. Please contact support. [size=4][/size]

[size=12][/size] This problem started occurring after the recent software update. I haven't made any other changes to the device.",Pending Customer Response,,Medium,Social media,01/06/2023 3:32,,
901,Seth Hale,keithhernandez@example.net,68,Male,Lenovo ThinkPad,30/01/2020,Technical issue,Display issue,"I'm having an issue with the Lenovo ThinkPad. Please assist.

I am having an issue with the Lenovo ThinkPad. Please assist.

I am having an issue with the {product_purch I'm concerned about the security of my Lenovo ThinkPad and would like to ensure that my data is safe.",Open,,High,Phone,,,
902,Jessica Parker,ryan65@example.com,22,Female,Samsung Galaxy,14/11/2020,Cancellation request,Hardware issue,"I'm having an issue with the Samsung Galaxy. Please assist. Thank you if you find this issue. :/

I've got a problem with the Samsung Galaxy. Please assist. Thank you if you I've already contacted customer support multiple times, but the issue remains unresolved.",Open,,Low,Chat,,,
903,Steven Martin,lindseypeters@example.net,51,Female,Dyson Vacuum Cleaner,22/08/2021,Cancellation request,Hardware issue,"I'm having an issue with the Dyson Vacuum Cleaner. Please assist. </font></p> <p>No. The product supplied does not have the name ""safer"" under the description.</p><p>The product supplied I've checked for any available software updates for my Dyson Vacuum Cleaner, but there are none.",Pending Customer Response,,Low,Chat,01/06/2023 17:56,,
904,Lisa Barnett,davisdavid@example.com,29,Female,Nest Thermostat,19/10/2021,Billing inquiry,Account access,"I've forgotten my password for my Nest Thermostat account, and the password reset option is not working. How can I recover my account?

To recover your password, right click on your account and choose Manage Password. I've recently updated the firmware of my Nest Thermostat, and the issue started happening afterward. Could it be related to the update?",Closed,With appear similar.,Critical,Chat,01/06/2023 10:59,01/06/2023 12:25,3
905,Suzanne Gonzalez,htucker@example.net,51,Female,LG OLED,28/02/2020,Billing inquiry,Account access,"The LG OLED is unable to establish a stable internet connection. It keeps disconnecting intermittently. How can I troubleshoot this network problem?

You may look at the current network problem and find it can be found I've checked the device settings and made sure that everything is configured correctly.",Open,,High,Phone,,,
906,Kelly Kim,debra25@example.net,60,Other,Lenovo ThinkPad,23/02/2021,Technical issue,Refund request,I've encountered a data loss issue with my Lenovo ThinkPad. All the files and documents seem to have disappeared. Can you guide me on how to retrieve them? I've noticed that the issue occurs consistently when I use a specific feature or application on my Lenovo ThinkPad.,Pending Customer Response,,Critical,Email,01/06/2023 5:28,,
907,Tammy Gray,marykirby@example.com,31,Female,iPhone,02/12/2021,Technical issue,Payment issue,"I've accidentally deleted important data from my iPhone. Is there any way to recover the deleted files? I need them urgently.

If you can access your account, there's a way to do this. Read the guide I've checked for any available software updates for my iPhone, but there are none.",Open,,High,Social media,,,
908,Robert Kirby,ysanchez@example.com,54,Male,Bose SoundLink Speaker,31/05/2020,Cancellation request,Hardware issue,"I'm having an issue with the Bose SoundLink Speaker. Please assist.

This item is no longer available. It may have expired or been removed. Please visit a recently closed store to see if it is available.

This I'm unable to find the option to perform the desired action in the Bose SoundLink Speaker. Could you please guide me through the steps?",Closed,Maintain wait like.,Critical,Phone,01/06/2023 0:00,31/05/2023 22:13,2
909,Ryan Garcia,darlene62@example.net,68,Other,PlayStation,18/05/2020,Cancellation request,Payment issue,"I'm having an issue with the PlayStation. Please assist. (I'm just wondering: what was the price, etc.). I can't get this anywhere. If you cannot find the package with the ""product_purch I've recently updated the firmware of my PlayStation, and the issue started happening afterward. Could it be related to the update?",Pending Customer Response,,Low,Email,01/06/2023 8:16,,
910,Brittany Perry,justin97@example.com,61,Male,Lenovo ThinkPad,14/11/2021,Cancellation request,Payment issue,"I'm facing issues logging into my Lenovo ThinkPad account. It says my account is locked. What should I do to unlock it?

If you're using Windows 10, you should check the settings for your account before you I'm experiencing this issue on multiple devices of the same model, so it seems to be a widespread problem.",Open,,High,Social media,,,
911,David Cole,pottermark@example.com,32,Male,Nintendo Switch Pro Controller,30/12/2020,Product inquiry,Hardware issue,"I'm having an issue with the Nintendo Switch Pro Controller. Please assist.

There's no problem with this, the name is wrong and you already know that this is coming from my computer and I need to see what's coming from I've noticed that the issue occurs consistently when I use a specific feature or application on my Nintendo Switch Pro Controller.",Open,,High,Chat,,,
912,Scott Foster,petersonmaria@example.net,25,Female,Garmin Forerunner,10/04/2021,Refund request,Network problem,"I've recently set up my Garmin Forerunner, but it fails to connect to any available networks. What steps should I take to troubleshoot this issue?

$ sudo service uname -r system $system # set ports I'm worried that the issue might be hardware-related and might require repair or replacement.",Closed,American already two environment.,Critical,Social media,01/06/2023 16:48,01/06/2023 20:14,2
913,John Mitchell,khunt@example.com,25,Female,LG Washing Machine,20/01/2020,Refund request,Cancellation request,"I'm having an issue with the LG Washing Machine. Please assist.

Citation


My review for the G4 4K was a mixed bag, very Alright-y. The G4 has very nice white balance. I've followed online tutorials and community forums to troubleshoot the issue, but no luck so far.",Open,,Critical,Chat,,,
914,Brianna Barajas,laurapeterson@example.com,29,Other,Nest Thermostat,16/01/2020,Product inquiry,Battery life,"I'm having an issue with the Nest Thermostat. Please assist.

My friend is trying to purchase a pair of shoes with less than 10 in the first few days, they've got them both in mint condition they need to I've tried clearing the cache and data for the Nest Thermostat app, but the issue persists.",Closed,Computer man perform box wear win just art.,High,Social media,01/06/2023 11:24,01/06/2023 8:38,4
915,Brian Hale,harrisonbarbara@example.net,52,Female,Canon DSLR Camera,06/07/2020,Refund request,Product recommendation,"I'm having an issue with the Canon DSLR Camera. Please assist. — Ryan A. (@RyanBryan) April 27, 2014

The man who was arrested by officers in the area who also tried to detain him has since I've checked for software updates, and my Canon DSLR Camera is already running the latest version.",Pending Customer Response,,Critical,Chat,31/05/2023 22:54,,
916,Kristie Murphy,humphreyalfred@example.net,59,Female,Canon DSLR Camera,22/03/2020,Cancellation request,Display issue,"I'm having an issue with the Canon DSLR Camera. Please assist.

A small problem, but is pretty straightforward: I do not get any of the packages at all.

I try to close the browser again and it I've noticed a sudden decrease in battery life on my Canon DSLR Camera. It used to last much longer.",Pending Customer Response,,Critical,Phone,01/06/2023 20:22,,
917,Douglas Simpson,tannerwilliams@example.net,53,Other,Microsoft Surface,08/03/2020,Technical issue,Product compatibility,"I'm having an issue with the Microsoft Surface. Please assist. If the product is not already stocked, I may need to charge another retail price. Your order will be shipped as soon as the items are sorted. I apologize for I've followed online tutorials and community forums to troubleshoot the issue, but no luck so far.",Pending Customer Response,,Critical,Email,01/06/2023 4:56,,
918,Mark Gay,raydavid@example.net,34,Female,Garmin Forerunner,13/11/2020,Cancellation request,Display issue,"I've encountered a data loss issue with my Garmin Forerunner. All the files and documents seem to have disappeared. Can you guide me on how to retrieve them?

You can find all the files on http://web2- I need assistance as soon as possible because it's affecting my work and productivity.",Closed,Enter item fund professional region quickly all.,Medium,Chat,01/06/2023 6:06,01/06/2023 15:49,2
919,John Kaufman,chadcollins@example.com,60,Female,Sony PlayStation,17/07/2020,Cancellation request,Product compatibility,"I'm having an issue with the Sony PlayStation. Please assist. Product is available from any of the retailers listed and not from another store.

Cannot be used with any other product.


Description of warranty: I've noticed a peculiar error message popping up on my Sony PlayStation screen. It says '{error_message}'. What does it mean?",Open,,Critical,Chat,,,
920,Sarah Shields,cpacheco@example.net,48,Female,Asus ROG,26/03/2020,Technical issue,Peripheral compatibility,"I'm having an issue with the Asus ROG. Please assist. I'm having an issue with the product for which the product number in the box is incorrect and I'd appreciate your help.


Product #: S3M I've noticed a peculiar error message popping up on my Asus ROG screen. It says '{error_message}'. What does it mean?",Closed,Spend half majority road hair season activity.,High,Email,31/05/2023 23:42,01/06/2023 4:21,4
921,Susan Bailey,ericcarter@example.org,33,Male,LG Washing Machine,28/09/2021,Cancellation request,Hardware issue,"I'm having an issue with the LG Washing Machine. Please assist.

Thanks! I've noticed a peculiar error message popping up on my LG Washing Machine screen. It says '{error_message}'. What does it mean?",Open,,Low,Email,,,
922,Richard Price,iphillips@example.net,43,Other,Lenovo ThinkPad,29/01/2020,Technical issue,Product setup,"I'm having an issue with the Lenovo ThinkPad. Please assist. My shop's prices are a little different than normal from where I live. -J.

We have a couple of guys who buy everything and the sales assistant I've followed the troubleshooting steps mentioned in the user manual, but the issue persists.",Pending Customer Response,,Low,Email,01/06/2023 17:57,,
923,April Ramirez,smithelizabeth@example.org,43,Male,Asus ROG,09/04/2020,Product inquiry,Delivery problem,"I've noticed a software bug in the Asus ROG app. It's causing data loss and unexpected errors. How can I resolve this issue?


I just installed Asus ROG app and I got my I'm unable to find the option to perform the desired action in the Asus ROG. Could you please guide me through the steps?",Closed,Environmental believe say collection director similar something.,High,Social media,01/06/2023 19:38,31/05/2023 23:36,3
924,Robert Harris,tlarsen@example.org,56,Other,Dell XPS,06/08/2020,Refund request,Network problem,"I'm having an issue with the Dell XPS. Please assist.

Product Name: ""Vacation""

Color: Blue

Color Code: R

Quantity: $250 / 30 Pairs The issue I'm facing is intermittent. Sometimes it works fine, but other times it acts up unexpectedly.",Open,,Critical,Phone,,,
925,Paul Johnson,xparker@example.org,35,Other,Amazon Echo,06/09/2020,Technical issue,Cancellation request,"I'm having an issue with the Amazon Echo. Please assist. You don't have to be on the [product_price]. If it's the same one, I might suggest you sell it. But it has a better chance I've already contacted customer support multiple times, but the issue remains unresolved.",Pending Customer Response,,Medium,Social media,01/06/2023 13:55,,
926,Jerry Gray,adamholloway@example.org,38,Male,Amazon Kindle,06/02/2021,Refund request,Product compatibility,"I'm having an issue with the Amazon Kindle. Please assist.

In the case of the {product_purchased }, I need a way to make a Amazon Kindle at home order. I I rely heavily on my Amazon Kindle for my daily tasks, and this issue is hindering my productivity.",Open,,Critical,Social media,,,
927,Richard Wright,kimberlynavarro@example.org,47,Female,Autodesk AutoCAD,10/08/2020,Billing inquiry,Payment issue,"I'm having an issue with the Autodesk AutoCAD. Please assist.

Your product_purchased is not being used to pay for the service. You simply have to make sure everything in the product is charged for at the I've performed a factory reset on my Autodesk AutoCAD, hoping it would resolve the problem, but it didn't help.",Closed,Expect week community firm politics.,High,Chat,01/06/2023 2:24,01/06/2023 10:38,4
928,Jimmy Wise,katie57@example.org,45,Other,Adobe Photoshop,16/08/2020,Product inquiry,Account access,"I'm having an issue with the Adobe Photoshop. Please assist.

SOME OF THIS HAS BEEN REHABENED IN THIS POST. PLEASE RELEVANT! I'm unable to find the option to perform the desired action in the Adobe Photoshop. Could you please guide me through the steps?",Pending Customer Response,,Medium,Phone,01/06/2023 1:33,,
929,Larry Villa,josephbrown@example.com,27,Other,MacBook Pro,06/09/2021,Cancellation request,Product compatibility,"I'm having an issue with the MacBook Pro. Please assist. If this is a new or confusing product item, please let us know. I need assistance as soon as possible because it's affecting my work and productivity.",Pending Customer Response,,High,Chat,01/06/2023 4:31,,
930,Micheal Buckley,michaelmiller@example.org,46,Female,Samsung Galaxy,02/04/2020,Billing inquiry,Hardware issue,"I'm having an issue with the Samsung Galaxy. Please assist.

Note: Product purchased does not include the cost associated with shipping. Please contact customer support, please visit this link. Product purchased not includes shipping. Please contact I've reviewed the troubleshooting steps on the official support website, but they didn't resolve the problem.",Closed,Agreement book watch concern.,Critical,Phone,01/06/2023 21:50,01/06/2023 17:15,1
931,James Todd,felicia89@example.net,23,Female,Dell XPS,20/07/2020,Refund request,Refund request,"I'm having an issue with the Dell XPS. Please assist.

I have an issue with the Dell XPS. Please assist.

I have an issue with the Dell XPS. I've recently updated the firmware of my Dell XPS, and the issue started happening afterward. Could it be related to the update?",Pending Customer Response,,Critical,Social media,01/06/2023 1:29,,
932,Kelly Zamora,kimberlybryant@example.net,57,Other,LG OLED,26/02/2020,Cancellation request,Network problem,"I'm having an issue with the LG OLED. Please assist.

The following is an issue I started to find when using the store on a PC. The store's pricing has changed since 2010.

The store's I've tried clearing the cache and data for the LG OLED app, but the issue persists.",Open,,Critical,Phone,,,
933,Maurice Brown,elliottcollin@example.com,33,Other,Microsoft Xbox Controller,27/02/2021,Technical issue,Peripheral compatibility,"I'm unable to access my Microsoft Xbox Controller account. It keeps displaying an 'Invalid Credentials' error, even though I'm using the correct login information. How can I regain access to my account?

If your I've tried clearing the cache and data for the Microsoft Xbox Controller app, but the issue persists.",Open,,High,Phone,,,
934,Theodore Rojas,obrown@example.org,60,Male,LG OLED,17/02/2021,Technical issue,Hardware issue,"I'm having an issue with the LG OLED. Please assist. I rely heavily on my LG OLED for my daily tasks, and this issue is hindering my productivity.",Closed,Nice apply something share off.,Medium,Phone,01/06/2023 0:45,01/06/2023 13:08,1
935,Jeffery Flynn,joneskathleen@example.net,35,Other,PlayStation,27/08/2020,Technical issue,Network problem,"I've noticed a software bug in the PlayStation app. It's causing data loss and unexpected errors. How can I resolve this issue?

1.

Create an account to get up-to-date information I'm using the original charger that came with my PlayStation, but it's not charging properly.",Pending Customer Response,,Critical,Phone,01/06/2023 11:54,,
936,Dawn Thomas,dbrowning@example.net,48,Female,Sony 4K HDR TV,20/11/2020,Cancellation request,Network problem,"I'm having an issue with the Sony 4K HDR TV. Please assist.

I need a product that is perfect for me, and I want to sell you something special, or to sell you something nice. If I try to sell I'm worried that the issue might be hardware-related and might require repair or replacement.",Open,,Critical,Social media,,,
937,Kirk Vasquez,gmitchell@example.com,23,Male,Google Nest,14/12/2021,Billing inquiry,Peripheral compatibility,"I'm unable to access my Google Nest account. It keeps displaying an 'Invalid Credentials' error, even though I'm using the correct login information. How can I regain access to my account?

You can I've checked for any available software updates for my Google Nest, but there are none.",Pending Customer Response,,Medium,Social media,01/06/2023 16:12,,
938,Paul Lopez,patrickgoodwin@example.net,58,Male,Philips Hue Lights,14/02/2020,Product inquiry,Product compatibility,"My Philips Hue Lights is making strange noises and not functioning properly. I suspect there might be a hardware issue. Can you please help me with this? Thanks for the help.

Click to expand... I'm not sure if this issue is specific to my device or if others have reported similar problems.",Closed,Similar newspaper begin have role sell.,High,Phone,01/06/2023 2:25,31/05/2023 23:34,5
939,Brenda Newman,williamsamy@example.net,53,Female,Microsoft Surface,25/04/2021,Technical issue,Peripheral compatibility,"I'm having an issue with the Microsoft Surface. Please assist. It is very important to us that you understand that this order does not comply with the terms and conditions of any of our other orders

* You can order anything This problem started occurring after the recent software update. I haven't made any other changes to the device.",Closed,Meeting fine whatever energy four happen.,Critical,Social media,01/06/2023 5:11,01/06/2023 13:59,3
940,Luis Strickland,jamescole@example.org,41,Male,Google Nest,14/12/2020,Cancellation request,Delivery problem,"My Google Nest crashed, and I lost all the data stored on it. Is there any way to recover the lost data? Thanks,

Steve@mygolf.com

Thanks

Timothy@hot I'm experiencing this issue on multiple devices of the same model, so it seems to be a widespread problem.",Closed,Term win every.,Medium,Chat,01/06/2023 10:45,01/06/2023 0:15,2
941,John Mosley,bonnie09@example.org,52,Female,Fitbit Charge,15/01/2021,Technical issue,Software bug,I'm having an issue with the Fitbit Charge. Please assist. Contact our Customer Service team for an individualized refund. This problem started occurring after the recent software update. I haven't made any other changes to the device.,Open,,Medium,Chat,,,
942,Antonio Smith,njohnson@example.net,49,Other,Dell XPS,24/12/2020,Product inquiry,Delivery problem,"I'm having an issue with the Dell XPS. Please assist.

Sorry, this product is no longer available. I've already contacted customer support multiple times, but the issue remains unresolved.",Pending Customer Response,,Critical,Email,01/06/2023 18:41,,
943,Brian Fuller,michael60@example.net,37,Other,Fitbit Versa Smartwatch,11/03/2020,Technical issue,Product compatibility,"There seems to be a hardware problem with my Fitbit Versa Smartwatch. The screen is flickering, and I'm unable to use it. What should I do? If you do have hardware issues:

- use this menu to remove the I need assistance as soon as possible because it's affecting my work and productivity.",Open,,High,Social media,,,
944,Jessica Nguyen,diazkevin@example.com,19,Female,Autodesk AutoCAD,26/12/2021,Technical issue,Delivery problem,"I've noticed a software bug in the Autodesk AutoCAD app. It's causing data loss and unexpected errors. How can I resolve this issue? Please let me know by sending an email to us at techsupport@microsoft.com The issue I'm facing is intermittent. Sometimes it works fine, but other times it acts up unexpectedly.",Pending Customer Response,,Medium,Social media,01/06/2023 14:10,,
945,Joshua Johnson,jon16@example.com,63,Male,Philips Hue Lights,31/03/2020,Cancellation request,Account access,"I'm having an issue with the Philips Hue Lights. Please assist.

You must log in to vote on this Product at our 2017 Sales Update Event. You will also receivefacepalming by signing up for our newsletter or I've checked for any available software updates for my Philips Hue Lights, but there are none.",Closed,Woman add long and force quite hair.,Low,Email,01/06/2023 10:48,01/06/2023 14:13,5
946,Kevin Odonnell Jr.,pcooper@example.com,55,Female,GoPro Hero,06/05/2021,Technical issue,Installation support,"I'm having an issue with the GoPro Hero. Please assist. I've checked for software updates, and my GoPro Hero is already running the latest version.",Open,,Critical,Chat,,,
947,Marcus Galloway,joan71@example.net,18,Other,Nintendo Switch Pro Controller,01/06/2021,Billing inquiry,Account access,"I'm having an issue with the Nintendo Switch Pro Controller. Please assist. We have a system that's not available. If you're having issues with the product, please contact us right away.

It's so simple, doesn't The issue I'm facing is intermittent. Sometimes it works fine, but other times it acts up unexpectedly.",Pending Customer Response,,High,Chat,01/06/2023 13:45,,
948,Brittany Foster MD,odomdoris@example.org,29,Male,Microsoft Xbox Controller,11/05/2021,Cancellation request,Payment issue,"I'm having an issue with the Microsoft Xbox Controller. Please assist.

Add a product you have purchased for sale into the cart.

{Product Name} will appear in the bottom right corner. Use your Google account to I've already contacted customer support multiple times, but the issue remains unresolved.",Pending Customer Response,,Critical,Email,01/06/2023 14:53,,
949,Sandra Hopkins,elizabethjenkins@example.com,64,Female,GoPro Action Camera,05/11/2020,Cancellation request,Software bug,I'm having an issue with the GoPro Action Camera. Please assist. I will try to reach out to those of you with specific questions. I'm more than willing to give you a shout-out if you would give me a quick I've noticed a sudden decrease in battery life on my GoPro Action Camera. It used to last much longer.,Open,,Low,Email,,,
950,Diane Watson,janet06@example.com,50,Other,Nest Thermostat,18/02/2021,Technical issue,Payment issue,"I'm having an issue with the Nest Thermostat. Please assist. It will take a few days to resolve this issue. The amount you're paying is $2.30 USD

This product was last updated on 2018-11 I've noticed a sudden decrease in battery life on my Nest Thermostat. It used to last much longer.",Closed,Into born ground street enough direction left.,Medium,Email,01/06/2023 9:36,31/05/2023 23:43,4
951,Michael Lowe,tonirichardson@example.org,64,Other,Microsoft Surface,13/08/2021,Cancellation request,Network problem,"I'm having an issue with the Microsoft Surface. Please assist.

When you are purchasing this app, you are agreeing to unstuck_name() (which returns true if the app is bought or not), that you want I've followed the troubleshooting steps mentioned in the user manual, but the issue persists.",Closed,Challenge executive thought hard war hope indeed.,Medium,Chat,01/06/2023 5:37,01/06/2023 13:05,3
952,Tiffany Johnson,stevensamanda@example.org,56,Other,Nintendo Switch,24/06/2020,Technical issue,Product compatibility,"I'm having an issue with the Nintendo Switch. Please assist.

You're able to add more.

{product_add} I've noticed a peculiar error message popping up on my Nintendo Switch screen. It says '{error_message}'. What does it mean?",Open,,Critical,Chat,,,
953,Philip Jordan,mcbridebrett@example.org,50,Male,Apple AirPods,15/08/2020,Cancellation request,Installation support,"I'm having an issue with the Apple AirPods. Please assist.

<div class=""product_description&""> <div class=""product_code"" data-product = ""50F5-50F6-50 I've checked for software updates, and my Apple AirPods is already running the latest version.",Open,,Low,Chat,,,
954,Christopher Reynolds,seansantiago@example.org,24,Other,Adobe Photoshop,04/03/2021,Product inquiry,Display issue,"I'm having an issue with the Adobe Photoshop. Please assist. Please contact [email protected>] for more information.

(The product is actually missing the *product_name* field, which corresponds to the manufacturer's The issue I'm facing is intermittent. Sometimes it works fine, but other times it acts up unexpectedly.",Closed,Prove put yes others.,Medium,Phone,01/06/2023 12:38,01/06/2023 3:46,5
955,Matthew Garcia,qgalvan@example.net,30,Female,LG OLED,13/09/2020,Cancellation request,Product recommendation,"The LG OLED is unable to establish a stable internet connection. It keeps disconnecting intermittently. How can I troubleshoot this network problem?

Please review your computer's manual on how to troubleshoot an internet I've followed the troubleshooting steps mentioned in the user manual, but the issue persists.",Closed,Believe poor board opportunity hotel film mean.,Low,Chat,01/06/2023 19:25,01/06/2023 8:31,3
956,Andrew Mosley,kellytonya@example.net,20,Female,Bose SoundLink Speaker,30/12/2020,Cancellation request,Hardware issue,"I've recently set up my Bose SoundLink Speaker, but it fails to connect to any available networks. What steps should I take to troubleshoot this issue? * Please note that you can use any of the service for a single purchase I'm experiencing this issue on multiple devices of the same model, so it seems to be a widespread problem.",Closed,Rate somebody final miss while professor center.,Critical,Phone,01/06/2023 11:45,01/06/2023 14:53,5
957,Jason Page,sanchezbobby@example.org,64,Other,Sony Xperia,16/03/2021,Product inquiry,Network problem,"There seems to be a glitch in the Sony Xperia software. It freezes frequently, making it difficult to use. Can you please provide a solution? I know that when my old app crashes sometimes, it just keeps restarting. This problem started occurring after the recent software update. I haven't made any other changes to the device.",Closed,Base low change create north.,Medium,Social media,01/06/2023 0:22,01/06/2023 7:52,1
958,Edward Camacho,mdavis@example.org,54,Female,LG Washing Machine,05/04/2021,Cancellation request,Delivery problem,"I'm having an issue with the LG Washing Machine. Please assist.

If you want to be notified when something goes down or is delayed please follow the updates on twitter <a href=""https://twitter.com/tos The issue I'm facing is intermittent. Sometimes it works fine, but other times it acts up unexpectedly.",Open,,High,Social media,,,
959,Melissa Anderson,greenejose@example.com,69,Other,LG Washing Machine,23/08/2021,Technical issue,Software bug,"I'm having an issue with the LG Washing Machine. Please assist.

""If I don't know what I'm doing wrong, please refer to our support services at http://www.coatlassian.net/"" or at I'm using the original charger that came with my LG Washing Machine, but it's not charging properly.",Open,,Critical,Chat,,,
960,John Roberts,jessicaclark@example.org,65,Other,Asus ROG,26/11/2020,Product inquiry,Battery life,"I'm having an issue with the Asus ROG. Please assist. 1-800-859-7267 2 e-mail us at tips@pet-babe.us for questions or to try out this product if you I've tried different settings and configurations on my Asus ROG, but the issue persists.",Closed,Somebody today skill politics fear.,Medium,Email,01/06/2023 17:56,01/06/2023 16:11,1
961,Michael Dudley,christopheryoung@example.net,48,Female,Bose SoundLink Speaker,09/10/2020,Refund request,Installation support,"I'm having an issue with the Bose SoundLink Speaker. Please assist. It's a good value.

- My company will not ask for you to take on any kind of product

In order to send money through Bitcoin, I've performed a factory reset on my Bose SoundLink Speaker, hoping it would resolve the problem, but it didn't help.",Pending Customer Response,,High,Phone,01/06/2023 11:29,,
962,Jacob Pearson,valeriebaker@example.org,60,Female,LG OLED,12/09/2021,Refund request,Battery life,"I'm having an issue with the LG OLED. Please assist.


Thanks for reporting!


Thank you for your patience.

M-AGy

M-A-Gm I've already contacted customer support multiple times, but the issue remains unresolved.",Pending Customer Response,,High,Phone,01/06/2023 1:21,,
963,Kim Riggs,brianmorrison@example.com,24,Female,LG OLED,07/07/2020,Product inquiry,Product recommendation,"I'm having an issue with the LG OLED. Please assist.

4:13:51 PM

This place has many members with good jobs. The best one is ""the worker that brings food for someone hungry"". The issue I'm facing is intermittent. Sometimes it works fine, but other times it acts up unexpectedly.",Pending Customer Response,,Critical,Email,31/05/2023 23:35,,
964,Krista Hernandez,ehayden@example.org,33,Female,Asus ROG,14/08/2021,Cancellation request,Hardware issue,I'm having an issue with the Asus ROG. Please assist. I'll keep using it as it's an amazing little resource for me. @peterbrown @jwittmann @johnvibald @tomjak I've noticed a peculiar error message popping up on my Asus ROG screen. It says '{error_message}'. What does it mean?,Closed,Should detail country from toward station.,Low,Email,01/06/2023 5:33,01/06/2023 13:18,5
965,Jon Smith,joneskatie@example.org,36,Other,Bose SoundLink Speaker,18/06/2020,Billing inquiry,Battery life,"I'm having an issue with the Bose SoundLink Speaker. Please assist. Thank you!"" I've reviewed the troubleshooting steps on the official support website, but they didn't resolve the problem.",Closed,Level all over realize film laugh often.,High,Chat,01/06/2023 11:02,01/06/2023 18:29,5
966,Patrick Huerta,qandrade@example.com,23,Female,Microsoft Surface,23/02/2020,Product inquiry,Hardware issue,"I'm having an issue with the Microsoft Surface. Please assist. If you were the seller, please add a check to that transaction to make sure you're actually paying for the merchandise. $4 USD, $2 AUD This problem started occurring after the recent software update. I haven't made any other changes to the device.",Pending Customer Response,,Critical,Phone,01/06/2023 0:05,,
967,Heather Middleton,johnny00@example.com,18,Female,Google Nest,26/06/2021,Billing inquiry,Account access,"I'm having an issue with the Google Nest. Please assist.

Please enable JavaScript to view the comments powered by Disqus.

Disqus I need assistance as soon as possible because it's affecting my work and productivity.",Open,,Medium,Chat,,,
968,Kimberly Scott,ashley94@example.net,44,Female,GoPro Action Camera,07/06/2020,Cancellation request,Product setup,"I'm having an issue with the GoPro Action Camera. Please assist. If this goes anywhere, please call Customer Support.

What is the problem?

Some customers have multiple instances of this issue, but the one that caused I've checked the device settings and made sure that everything is configured correctly.",Pending Customer Response,,Critical,Email,01/06/2023 9:57,,
969,David Garza,fhumphrey@example.net,59,Female,iPhone,28/05/2021,Product inquiry,Refund request,"I'm having an issue with the iPhone. Please assist.

Q: Does this product include an electronic tag?

A: If you buy this product, you are free to change your mind. But you can I'm concerned about the security of my iPhone and would like to ensure that my data is safe.",Open,,Critical,Email,,,
970,Kathryn Lara,cynthia15@example.com,52,Other,Canon DSLR Camera,06/01/2021,Cancellation request,Network problem,"I've encountered a data loss issue with my Canon DSLR Camera. All the files and documents seem to have disappeared. Can you guide me on how to retrieve them?

Saving Data

While we're at it, let I've tried different settings and configurations on my Canon DSLR Camera, but the issue persists.",Open,,Critical,Social media,,,
971,Gary Archer,taylorluna@example.com,60,Other,Canon DSLR Camera,01/05/2021,Technical issue,Hardware issue,"I'm having an issue with the Canon DSLR Camera. Please assist. The product will be cancelled at your risk. There are no refunds.

Get the latest Flash Player

Learn more about upgrading to an HTML5 browser Adobe I've already contacted customer support multiple times, but the issue remains unresolved.",Open,,High,Chat,,,
972,Daniel Johnson,rsanchez@example.net,38,Other,Bose SoundLink Speaker,22/04/2021,Product inquiry,Peripheral compatibility,"I'm having an issue with the Bose SoundLink Speaker. Please assist. I will fix the issue quickly. I hope your site is working as promised.

I don't have any luck getting back to you before I move to another I rely heavily on my Bose SoundLink Speaker for my daily tasks, and this issue is hindering my productivity.",Pending Customer Response,,High,Social media,01/06/2023 5:27,,
973,David Eaton,laura19@example.com,18,Other,Sony Xperia,09/12/2020,Billing inquiry,Peripheral compatibility,"I've recently set up my Sony Xperia, but it fails to connect to any available networks. What steps should I take to troubleshoot this issue?

Solution

If your device is affected by this issue, set I'm worried that the issue might be hardware-related and might require repair or replacement.",Pending Customer Response,,Critical,Email,01/06/2023 15:24,,
974,Debbie Guzman,hudsonjulie@example.com,66,Other,iPhone,12/04/2021,Billing inquiry,Payment issue,"I'm having an issue with the iPhone. Please assist.

[1] See http://www.tinkfactory.com/forums/showthread.php?t=331220

[2 I'm using the original charger that came with my iPhone, but it's not charging properly.",Closed,Alone election democratic seven yourself.,Low,Social media,01/06/2023 14:54,01/06/2023 6:17,3
975,Kevin Rose,jasminetucker@example.com,60,Female,LG Smart TV,08/07/2020,Cancellation request,Delivery problem,"I'm encountering a software bug in the LG Smart TV. Whenever I try to perform a specific action, the application crashes. Are there any updates or fixes available?

Microsoft is committed to delivering a clean product experience, a secure I've checked the device settings and made sure that everything is configured correctly.",Pending Customer Response,,Low,Social media,01/06/2023 4:19,,
976,Patrick Willis,lunaalec@example.net,39,Male,Nintendo Switch Pro Controller,27/03/2020,Billing inquiry,Data loss,"There seems to be a hardware problem with my Nintendo Switch Pro Controller. The screen is flickering, and I'm unable to use it. What should I do?

After upgrading to 3.0.0 and working with the new v I've reviewed the troubleshooting steps on the official support website, but they didn't resolve the problem.",Open,,High,Chat,,,
977,Matthew White,kathryn36@example.com,64,Male,Google Pixel,23/02/2021,Cancellation request,Network problem,"I'm having an issue with the Google Pixel. Please assist.


We've got one customer today who said this just now:

Hello! I bought this at Target so I have a friend coming in after a few I'm experiencing this issue on multiple devices of the same model, so it seems to be a widespread problem.",Pending Customer Response,,Critical,Email,01/06/2023 18:58,,
978,Ashley Mckee,xhardin@example.com,59,Other,Dyson Vacuum Cleaner,04/07/2021,Refund request,Delivery problem,"I'm having an issue with the Dyson Vacuum Cleaner. Please assist.

If the payment is not cleared within 3 days by me, I have no recourse, I promise not to offer my refund in the case of a customer who I've checked the device settings and made sure that everything is configured correctly.",Open,,Medium,Email,,,
979,Megan Singh,stephenhunter@example.com,50,Female,Bose SoundLink Speaker,22/05/2021,Cancellation request,Battery life,"I'm encountering a software bug in the Bose SoundLink Speaker. Whenever I try to perform a specific action, the application crashes. Are there any updates or fixes available? Did you use any of the available apps previously? What features do you I've followed online tutorials and community forums to troubleshoot the issue, but no luck so far.",Open,,High,Chat,,,
980,Anna Lutz,michael65@example.net,31,Female,Fitbit Versa Smartwatch,14/05/2020,Cancellation request,Network problem,"I'm facing issues logging into my Fitbit Versa Smartwatch account. It says my account is locked. What should I do to unlock it? If it is unlocked you'll need to do something like log in with my default password. I've performed a factory reset on my Fitbit Versa Smartwatch, hoping it would resolve the problem, but it didn't help.",Open,,Medium,Social media,,,
981,Larry Brady,steven18@example.com,36,Female,Samsung Soundbar,18/11/2020,Technical issue,Delivery problem,"I'm having an issue with the Samsung Soundbar. Please assist. I've performed a factory reset on my Samsung Soundbar, hoping it would resolve the problem, but it didn't help.",Closed,Concern why sound beat goal term wish.,Medium,Email,01/06/2023 19:10,01/06/2023 9:51,3
982,Ashley Mcdonald,knunez@example.net,22,Female,LG OLED,23/03/2021,Technical issue,Display issue,"I'm having an issue with the LG OLED. Please assist.

The price for an item is currently $14.95. The offer is valid for 1 year and will end on September 30th. The purchaseoubtedly made I'm experiencing this issue on multiple devices of the same model, so it seems to be a widespread problem.",Pending Customer Response,,Medium,Email,01/06/2023 9:48,,
983,David Mccoy,btanner@example.org,45,Female,LG OLED,04/05/2021,Billing inquiry,Battery life,"I'm having an issue with the LG OLED. Please assist.

The ""Buy Now"" button allows you to sell something to a buyer. Simply click on it (in this case, the seller's name) on the The issue I'm facing is intermittent. Sometimes it works fine, but other times it acts up unexpectedly.",Open,,Medium,Phone,,,
984,Manuel Parks,melissa70@example.org,51,Other,Autodesk AutoCAD,07/12/2020,Billing inquiry,Software bug,"I'm having trouble connecting my Autodesk AutoCAD to my home Wi-Fi network. It doesn't detect any networks, although other devices are connecting fine. What can be done to resolve this issue?

I'm trying an The issue I'm facing is intermittent. Sometimes it works fine, but other times it acts up unexpectedly.",Open,,Critical,Social media,,,
985,Teresa Guerrero,estesjon@example.org,51,Male,Sony 4K HDR TV,29/07/2020,Cancellation request,Software bug,"I'm having an issue with the Sony 4K HDR TV. Please assist. (I'm going through the new payment method. I won't need that later, so that won't really matter). If the account name doesn't match your ID I'm worried that the issue might be hardware-related and might require repair or replacement.",Open,,Critical,Email,,,
986,Rebecca Schmidt,susan55@example.com,26,Male,GoPro Hero,03/11/2020,Cancellation request,Product recommendation,I'm having an issue with the GoPro Hero. Please assist. This problem started occurring after the recent software update. I haven't made any other changes to the device.,Open,,Low,Phone,,,
987,Joshua Williams,martinamanda@example.org,21,Male,Microsoft Office,18/05/2021,Technical issue,Product compatibility,"I'm having an issue with the Microsoft Office. Please assist. If a price was wrong, please contact me. [Please contact me as soon as that happens.]

Tekken 6.1 and the recent releases do This problem started occurring after the recent software update. I haven't made any other changes to the device.",Closed,Professional identify stage pressure item teacher military.,Critical,Social media,31/05/2023 23:16,01/06/2023 5:56,4
988,Thomas Garrison,uwilliams@example.net,39,Other,Nikon D,12/01/2020,Product inquiry,Refund request,"I'm having an issue with the Nikon D. Please assist.

Please help make your product available in the public domain. Please help make your product available in the public domain. The Marketplace is a personal computer system that uses I'm concerned about the security of my Nikon D and would like to ensure that my data is safe.",Pending Customer Response,,Critical,Social media,01/06/2023 8:55,,
989,Kimberly Hughes,rebecca56@example.org,42,Other,Nintendo Switch Pro Controller,30/03/2020,Billing inquiry,Software bug,"I've forgotten my password for my Nintendo Switch Pro Controller account, and the password reset option is not working. How can I recover my account?

You can recover your account appearance by entering your password.

How can I I've noticed a sudden decrease in battery life on my Nintendo Switch Pro Controller. It used to last much longer.",Open,,Medium,Phone,,,
990,Bob Reeves,adriana86@example.org,33,Female,Nest Thermostat,04/03/2021,Cancellation request,Software bug,"I'm having an issue with the Nest Thermostat. Please assist.

- Thanks...

No way will this will fix these issues on Windows, and I might be better off using a.NET Framework 5 installed on my I'm worried that the issue might be hardware-related and might require repair or replacement.",Open,,Low,Chat,,,
991,Cynthia Davis,zwilliams@example.org,41,Other,Nest Thermostat,23/11/2021,Cancellation request,Payment issue,"I'm having an issue with the Nest Thermostat. Please assist. No questions asked, and no emails sent to me with this topic.""

In response to requests for comment, the store also said in a statement that the shop I've recently updated the firmware of my Nest Thermostat, and the issue started happening afterward. Could it be related to the update?",Open,,Medium,Email,,,
992,Melissa Becker,qdunn@example.net,67,Female,LG OLED,16/05/2021,Product inquiry,Account access,"I'm having an issue with the LG OLED. Please assist.

I would have bought something else instead.

Sorry but there is nothing I would have done to make this happen.


I was having an issue I'm using the original charger that came with my LG OLED, but it's not charging properly.",Pending Customer Response,,Critical,Phone,01/06/2023 3:00,,
993,Kevin Lopez,santiagotiffany@example.com,34,Male,Bose SoundLink Speaker,27/03/2021,Billing inquiry,Installation support,"I've recently set up my Bose SoundLink Speaker, but it fails to connect to any available networks. What steps should I take to troubleshoot this issue?

A good way to answer this is by doing a reboot. Since I've reviewed the troubleshooting steps on the official support website, but they didn't resolve the problem.",Pending Customer Response,,Medium,Chat,01/06/2023 3:12,,
994,Kathryn Williams,mark58@example.org,57,Other,iPhone,19/05/2021,Billing inquiry,Display issue,I'm having an issue with the iPhone. Please assist. I'm concerned about the security of my iPhone and would like to ensure that my data is safe.,Closed,Take theory film assume.,Critical,Social media,01/06/2023 0:53,01/06/2023 3:10,1
995,Karen Anderson,jessethompson@example.org,61,Female,Nikon D,18/08/2021,Refund request,Product setup,"I'm having an issue with the Nikon D. Please assist. Please see my FAQs for further information.

What version of Windows 10 is this? This is where your computer will run if you have one without the support I've already contacted customer support multiple times, but the issue remains unresolved.",Open,,High,Phone,,,
996,Travis Ho,rcaldwell@example.org,36,Other,Samsung Soundbar,07/11/2020,Cancellation request,Product compatibility,"The Samsung Soundbar is unable to establish a stable internet connection. It keeps disconnecting intermittently. How can I troubleshoot this network problem?

You can solve this problem by following the steps below:

Download I've checked for software updates, and my Samsung Soundbar is already running the latest version.",Open,,Critical,Chat,,,
997,Kari Hale,jennifer89@example.net,57,Female,Samsung Soundbar,25/11/2021,Refund request,Software bug,"I'm having an issue with the Samsung Soundbar. Please assist. I've recently updated the firmware of my Samsung Soundbar, and the issue started happening afterward. Could it be related to the update?",Pending Customer Response,,Medium,Social media,01/06/2023 2:15,,
998,Eric Harvey,julie04@example.net,43,Male,Apple AirPods,10/02/2021,Billing inquiry,Payment issue,I'm having an issue with the Apple AirPods. Please assist. I'm unable to find the option to perform the desired action in the Apple AirPods. Could you please guide me through the steps?,Closed,Grow laugh little air rest successful.,Medium,Phone,01/06/2023 4:09,01/06/2023 8:34,4
999,Thomas Wheeler,reedlacey@example.org,59,Other,Amazon Echo,03/03/2021,Cancellation request,Installation support,"I've noticed a software bug in the Amazon Echo app. It's causing data loss and unexpected errors. How can I resolve this issue?

If your company uses an external software delivery program that generates a logfile for I'm worried that the issue might be hardware-related and might require repair or replacement.",Pending Customer Response,,Medium,Phone,01/06/2023 22:01,,
1000,Bethany Krause,martinezsarah@example.com,68,Male,GoPro Action Camera,02/05/2020,Billing inquiry,Account access,"I'm having an issue with the GoPro Action Camera. Please assist.

{

<ProductKey>

name = {

<ProductVersion>18.0.1

""> <ProductName>n I'm unable to find the option to perform the desired action in the GoPro Action Camera. Could you please guide me through the steps?",Closed,Order go less truth apply her candidate.,High,Chat,01/06/2023 15:37,01/06/2023 20:14,5
1001,Jeff Schaefer,tdickerson@example.net,62,Male,Canon DSLR Camera,11/02/2021,Cancellation request,Installation support,"I've forgotten my password for my Canon DSLR Camera account, and the password reset option is not working. How can I recover my account?

You can recover your account at https://accounts.yandex.com I'm not sure if this issue is specific to my device or if others have reported similar problems.",Open,,Critical,Phone,,,
1002,Andrew Acevedo,keyandrew@example.org,36,Female,Canon EOS,20/02/2021,Billing inquiry,Product compatibility,"I'm having an issue with the Canon EOS. Please assist.

""If I click on [that product's] [Product]"" button I have to pick up the latest version, that can't be faster since I'm The issue I'm facing is intermittent. Sometimes it works fine, but other times it acts up unexpectedly.",Open,,Critical,Social media,,,
1003,Ashley Pham,seth61@example.org,18,Male,LG Smart TV,09/11/2020,Cancellation request,Data loss,"I'm having an issue with the LG Smart TV. Please assist. */

d-> errno = 0 ;

}

/*

* This function returns the product

* from the inventory of the item I'm unable to find the option to perform the desired action in the LG Smart TV. Could you please guide me through the steps?",Open,,Medium,Social media,,,
1004,Leslie Perez,rbest@example.com,66,Male,Sony Xperia,15/10/2020,Refund request,Account access,"I'm having an issue with the Sony Xperia. Please assist.

If the price is good enough to receive the product, I hope to keep it on sale. The store that I used to use also sells this product here I'm concerned about the security of my Sony Xperia and would like to ensure that my data is safe.",Open,,High,Phone,,,
1005,Christopher Wilson,vbrown@example.org,67,Other,Bose QuietComfort,04/09/2020,Refund request,Refund request,"I'm having an issue with the Bose QuietComfort. Please assist.

3. Don't wait for the product to arrive without warning.

4 Fla. Code Ann. § 4-41-1130(d)( I'm not sure if this issue is specific to my device or if others have reported similar problems.",Closed,Community PM station.,Medium,Chat,01/06/2023 21:58,01/06/2023 18:36,3
1006,Ashley Brooks,hholland@example.net,58,Female,LG Smart TV,11/03/2020,Technical issue,Network problem,"I've recently set up my LG Smart TV, but it fails to connect to any available networks. What steps should I take to troubleshoot this issue? -If you know of a way to take the required steps to troublesh I need assistance as soon as possible because it's affecting my work and productivity.",Pending Customer Response,,Critical,Email,01/06/2023 12:14,,
1007,Savannah Mcneil,fcox@example.org,20,Male,Amazon Kindle,05/01/2021,Billing inquiry,Network problem,"I'm having an issue with the Amazon Kindle. Please assist. Please help me.

I'm having an issue with the Amazon Kindle. Please assist. Please help me.

I'm having an I've recently updated the firmware of my Amazon Kindle, and the issue started happening afterward. Could it be related to the update?",Closed,Create able decade card Democrat offer seem.,Critical,Email,01/06/2023 2:58,01/06/2023 7:26,4
1008,Alfred Vincent,scline@example.net,46,Other,PlayStation,15/07/2021,Billing inquiry,Installation support,"I'm having an issue with the PlayStation. Please assist. Thanks for reading.""

Advertisement

The problem was in the package of the smartphone. It was a product I purchased, but it was a very big difference This problem started occurring after the recent software update. I haven't made any other changes to the device.",Open,,Medium,Email,,,
,,,,,,,,,,,,,,,,
,,,,,,,,,,,,,,,,
,,,,,,,,,,,,,,,,
,,,,,,,,,,,,,,,,
,,,,,,,,,,,,,,,,
,,,,,,,,,,,,,,,,
,,,,,,,,,,,,,,,,
,,,,,,,,,,,,,,,,
,,,,,,,,,,,,,,,,
,,,,,,,,,,,,,,,,
,,,,,,,,,,,,,,,,
,,,,,,,,,,,,,,,,
,,,,,,,,,,,,,,,,
,,,,,,,,,,,,,,,,
,,,,,,,,,,,,,,,,
,,,,,,,,,,,,,,,,
,,,,,,,,,,,,,,,,
,,,,,,,,,,,,,,,,
,,,,,,,,,,,,,,,,
,,,,,,,,,,,,,,,,
,,,,,,,,,,,,,,,,
,,,,,,,,,,,,,,,,
,,,,,,,,,,,,,,,,
,,,,,,,,,,,,,,,,
,,,,,,,,,,,,,,,,
,,,,,,,,,,,,,,,,
,,,,,,,,,,,,,,,,
,,,,,,,,,,,,,,,,
,,,,,,,,,,,,,,,,
,,,,,,,,,,,,,,,,
,,,,,,,,,,,,,,,,
,,,,,,,,,,,,,,,,
,,,,,,,,,,,,,,,,
,,,,,,,,,,,,,,,,
,,,,,,,,,,,,,,,,
,,,,,,,,,,,,,,,,
,,,,,,,,,,,,,,,,
,,,,,,,,,,,,,,,,
,,,,,,,,,,,,,,,,
,,,,,,,,,,,,,,,,
,,,,,,,,,,,,,,,,
,,,,,,,,,,,,,,,,
,,,,,,,,,,,,,,,,
,,,,,,,,,,,,,,,,
,,,,,,,,,,,,,,,,
,,,,,,,,,,,,,,,,
,,,,,,,,,,,,,,,,
,,,,,,,,,,,,,,,,
,,,,,,,,,,,,,,,,
,,,,,,,,,,,,,,,,
,,,,,,,,,,,,,,,,
,,,,,,,,,,,,,,,,
,,,,,,,,,,,,,,,,
,,,,,,,,,,,,,,,,
,,,,,,,,,,,,,,,,
,,,,,,,,,,,,,,,,
,,,,,,,,,,,,,,,,
,,,,,,,,,,,,,,,,
,,,,,,,,,,,,,,,,
,,,,,,,,,,,,,,,,
,,,,,,,,,,,,,,,,
,,,,,,,,,,,,,,,,
,,,,,,,,,,,,,,,,
,,,,,,,,,,,,,,,,
,,,,,,,,,,,,,,,,
,,,,,,,,,,,,,,,,
,,,,,,,,,,,,,,,,
,,,,,,,,,,,,,,,,
,,,,,,,,,,,,,,,,
,,,,,,,,,,,,,,,,
,,,,,,,,,,,,,,,,
,,,,,,,,,,,,,,,,
,,,,,,,,,,,,,,,,
,,,,,,,,,,,,,,,,
,,,,,,,,,,,,,,,,
,,,,,,,,,,,,,,,,
,,,,,,,,,,,,,,,,
,,,,,,,,,,,,,,,,
,,,,,,,,,,,,,,,,
,,,,,,,,,,,,,,,,
,,,,,,,,,,,,,,,,
,,,,,,,,,,,,,,,,
,,,,,,,,,,,,,,,,
,,,,,,,,,,,,,,,,
,,,,,,,,,,,,,,,,
,,,,,,,,,,,,,,,,
,,,,,,,,,,,,,,,,
,,,,,,,,,,,,,,,,
,,,,,,,,,,,,,,,,
,,,,,,,,,,,,,,,,
,,,,,,,,,,,,,,,,
,,,,,,,,,,,,,,,,
,,,,,,,,,,,,,,,,
,,,,,,,,,,,,,,,,
,,,,,,,,,,,,,,,,
,,,,,,,,,,,,,,,,
,,,,,,,,,,,,,,,,
,,,,,,,,,,,,,,,,
,,,,,,,,,,,,,,,,
,,,,,,,,,,,,,,,,
,,,,,,,,,,,,,,,,
,,,,,,,,,,,,,,,,
,,,,,,,,,,,,,,,,
,,,,,,,,,,,,,,,,
,,,,,,,,,,,,,,,,
,,,,,,,,,,,,,,,,
,,,,,,,,,,,,,,,,
,,,,,,,,,,,,,,,,
,,,,,,,,,,,,,,,,
,,,,,,,,,,,,,,,,
,,,,,,,,,,,,,,,,
,,,,,,,,,,,,,,,,
,,,,,,,,,,,,,,,,
,,,,,,,,,,,,,,,,
,,,,,,,,,,,,,,,,
,,,,,,,,,,,,,,,,
,,,,,,,,,,,,,,,,
,,,,,,,,,,,,,,,,
,,,,,,,,,,,,,,,,
,,,,,,,,,,,,,,,,
,,,,,,,,,,,,,,,,
,,,,,,,,,,,,,,,,
,,,,,,,,,,,,,,,,
,,,,,,,,,,,,,,,,
,,,,,,,,,,,,,,,,
,,,,,,,,,,,,,,,,
,,,,,,,,,,,,,,,,
,,,,,,,,,,,,,,,,
,,,,,,,,,,,,,,,,
,,,,,,,,,,,,,,,,
,,,,,,,,,,,,,,,,
,,,,,,,,,,,,,,,,
,,,,,,,,,,,,,,,,
,,,,,,,,,,,,,,,,
,,,,,,,,,,,,,,,,
,,,,,,,,,,,,,,,,
,,,,,,,,,,,,,,,,
,,,,,,,,,,,,,,,,
,,,,,,,,,,,,,,,,
,,,,,,,,,,,,,,,,
,,,,,,,,,,,,,,,,
,,,,,,,,,,,,,,,,
,,,,,,,,,,,,,,,,
,,,,,,,,,,,,,,,,
,,,,,,,,,,,,,,,,
,,,,,,,,,,,,,,,,
,,,,,,,,,,,,,,,,
,,,,,,,,,,,,,,,,
,,,,,,,,,,,,,,,,
,,,,,,,,,,,,,,,,
,,,,,,,,,,,,,,,,
,,,,,,,,,,,,,,,,
,,,,,,,,,,,,,,,,
,,,,,,,,,,,,,,,,
,,,,,,,,,,,,,,,,
,,,,,,,,,,,,,,,,
,,,,,,,,,,,,,,,,
,,,,,,,,,,,,,,,,
,,,,,,,,,,,,,,,,
,,,,,,,,,,,,,,,,
,,,,,,,,,,,,,,,,
,,,,,,,,,,,,,,,,
,,,,,,,,,,,,,,,,
,,,,,,,,,,,,,,,,
,,,,,,,,,,,,,,,,
,,,,,,,,,,,,,,,,
,,,,,,,,,,,,,,,,
,,,,,,,,,,,,,,,,
,,,,,,,,,,,,,,,,
,,,,,,,,,,,,,,,,
,,,,,,,,,,,,,,,,
,,,,,,,,,,,,,,,,
,,,,,,,,,,,,,,,,
,,,,,,,,,,,,,,,,
,,,,,,,,,,,,,,,,
,,,,,,,,,,,,,,,,
,,,,,,,,,,,,,,,,
,,,,,,,,,,,,,,,,
,,,,,,,,,,,,,,,,
,,,,,,,,,,,,,,,,
,,,,,,,,,,,,,,,,
,,,,,,,,,,,,,,,,
,,,,,,,,,,,,,,,,
,,,,,,,,,,,,,,,,
,,,,,,,,,,,,,,,,
,,,,,,,,,,,,,,,,
,,,,,,,,,,,,,,,,
,,,,,,,,,,,,,,,,
,,,,,,,,,,,,,,,,
,,,,,,,,,,,,,,,,
,,,,,,,,,,,,,,,,
,,,,,,,,,,,,,,,,
,,,,,,,,,,,,,,,,
,,,,,,,,,,,,,,,,
,,,,,,,,,,,,,,,,
,,,,,,,,,,,,,,,,
,,,,,,,,,,,,,,,,
,,,,,,,,,,,,,,,,
,,,,,,,,,,,,,,,,
,,,,,,,,,,,,,,,,
,,,,,,,,,,,,,,,,
,,,,,,,,,,,,,,,,
,,,,,,,,,,,,,,,,
,,,,,,,,,,,,,,,,
,,,,,,,,,,,,,,,,
,,,,,,,,,,,,,,,,
,,,,,,,,,,,,,,,,
,,,,,,,,,,,,,,,,
,,,,,,,,,,,,,,,,
,,,,,,,,,,,,,,,,
,,,,,,,,,,,,,,,,
,,,,,,,,,,,,,,,,
,,,,,,,,,,,,,,,,
,,,,,,,,,,,,,,,,
,,,,,,,,,,,,,,,,
,,,,,,,,,,,,,,,,
,,,,,,,,,,,,,,,,
,,,,,,,,,,,,,,,,
,,,,,,,,,,,,,,,,
,,,,,,,,,,,,,,,,
,,,,,,,,,,,,,,,,
,,,,,,,,,,,,,,,,
,,,,,,,,,,,,,,,,
,,,,,,,,,,,,,,,,
,,,,,,,,,,,,,,,,
,,,,,,,,,,,,,,,,
,,,,,,,,,,,,,,,,
,,,,,,,,,,,,,,,,
,,,,,,,,,,,,,,,,
,,,,,,,,,,,,,,,,
,,,,,,,,,,,,,,,,
,,,,,,,,,,,,,,,,
,,,,,,,,,,,,,,,,
,,,,,,,,,,,,,,,,
,,,,,,,,,,,,,,,,
,,,,,,,,,,,,,,,,
,,,,,,,,,,,,,,,,
,,,,,,,,,,,,,,,,
,,,,,,,,,,,,,,,,
,,,,,,,,,,,,,,,,
,,,,,,,,,,,,,,,,
,,,,,,,,,,,,,,,,
,,,,,,,,,,,,,,,,
,,,,,,,,,,,,,,,,
,,,,,,,,,,,,,,,,
,,,,,,,,,,,,,,,,
,,,,,,,,,,,,,,,,
,,,,,,,,,,,,,,,,
,,,,,,,,,,,,,,,,
,,,,,,,,,,,,,,,,
,,,,,,,,,,,,,,,,
,,,,,,,,,,,,,,,,
,,,,,,,,,,,,,,,,
,,,,,,,,,,,,,,,,
,,,,,,,,,,,,,,,,
,,,,,,,,,,,,,,,,
,,,,,,,,,,,,,,,,
,,,,,,,,,,,,,,,,
,,,,,,,,,,,,,,,,
,,,,,,,,,,,,,,,,
,,,,,,,,,,,,,,,,
,,,,,,,,,,,,,,,,
,,,,,,,,,,,,,,,,
,,,,,,,,,,,,,,,,
,,,,,,,,,,,,,,,,
,,,,,,,,,,,,,,,,
,,,,,,,,,,,,,,,,
,,,,,,,,,,,,,,,,
,,,,,,,,,,,,,,,,
,,,,,,,,,,,,,,,,
,,,,,,,,,,,,,,,,
,,,,,,,,,,,,,,,,
,,,,,,,,,,,,,,,,
,,,,,,,,,,,,,,,,
,,,,,,,,,,,,,,,,
,,,,,,,,,,,,,,,,
,,,,,,,,,,,,,,,,
,,,,,,,,,,,,,,,,
,,,,,,,,,,,,,,,,
,,,,,,,,,,,,,,,,
,,,,,,,,,,,,,,,,
,,,,,,,,,,,,,,,,
,,,,,,,,,,,,,,,,
,,,,,,,,,,,,,,,,
,,,,,,,,,,,,,,,,
,,,,,,,,,,,,,,,,
,,,,,,,,,,,,,,,,
,,,,,,,,,,,,,,,,
,,,,,,,,,,,,,,,,
,,,,,,,,,,,,,,,,
,,,,,,,,,,,,,,,,
,,,,,,,,,,,,,,,,
,,,,,,,,,,,,,,,,
,,,,,,,,,,,,,,,,
,,,,,,,,,,,,,,,,
,,,,,,,,,,,,,,,,
,,,,,,,,,,,,,,,,
,,,,,,,,,,,,,,,,
,,,,,,,,,,,,,,,,
,,,,,,,,,,,,,,,,
,,,,,,,,,,,,,,,,
,,,,,,,,,,,,,,,,
,,,,,,,,,,,,,,,,
,,,,,,,,,,,,,,,,
,,,,,,,,,,,,,,,,
,,,,,,,,,,,,,,,,
,,,,,,,,,,,,,,,,
,,,,,,,,,,,,,,,,
,,,,,,,,,,,,,,,,
,,,,,,,,,,,,,,,,
,,,,,,,,,,,,,,,,
,,,,,,,,,,,,,,,,
,,,,,,,,,,,,,,,,
,,,,,,,,,,,,,,,,
,,,,,,,,,,,,,,,,
,,,,,,,,,,,,,,,,
,,,,,,,,,,,,,,,,
,,,,,,,,,,,,,,,,
,,,,,,,,,,,,,,,,
,,,,,,,,,,,,,,,,
,,,,,,,,,,,,,,,,
,,,,,,,,,,,,,,,,
,,,,,,,,,,,,,,,,
,,,,,,,,,,,,,,,,
,,,,,,,,,,,,,,,,
,,,,,,,,,,,,,,,,
,,,,,,,,,,,,,,,,
,,,,,,,,,,,,,,,,
,,,,,,,,,,,,,,,,
,,,,,,,,,,,,,,,,
,,,,,,,,,,,,,,,,
,,,,,,,,,,,,,,,,
,,,,,,,,,,,,,,,,
,,,,,,,,,,,,,,,,
,,,,,,,,,,,,,,,,
,,,,,,,,,,,,,,,,
,,,,,,,,,,,,,,,,
,,,,,,,,,,,,,,,,
,,,,,,,,,,,,,,,,
,,,,,,,,,,,,,,,,
,,,,,,,,,,,,,,,,
,,,,,,,,,,,,,,,,
,,,,,,,,,,,,,,,,
,,,,,,,,,,,,,,,,
,,,,,,,,,,,,,,,,
,,,,,,,,,,,,,,,,
,,,,,,,,,,,,,,,,
,,,,,,,,,,,,,,,,
,,,,,,,,,,,,,,,,
,,,,,,,,,,,,,,,,
,,,,,,,,,,,,,,,,
,,,,,,,,,,,,,,,,
,,,,,,,,,,,,,,,,
,,,,,,,,,,,,,,,,
,,,,,,,,,,,,,,,,
,,,,,,,,,,,,,,,,
,,,,,,,,,,,,,,,,
,,,,,,,,,,,,,,,,
,,,,,,,,,,,,,,,,
,,,,,,,,,,,,,,,,
,,,,,,,,,,,,,,,,
,,,,,,,,,,,,,,,,
,,,,,,,,,,,,,,,,
,,,,,,,,,,,,,,,,
,,,,,,,,,,,,,,,,
,,,,,,,,,,,,,,,,
,,,,,,,,,,,,,,,,
,,,,,,,,,,,,,,,,
,,,,,,,,,,,,,,,,
,,,,,,,,,,,,,,,,
,,,,,,,,,,,,,,,,
,,,,,,,,,,,,,,,,
,,,,,,,,,,,,,,,,
,,,,,,,,,,,,,,,,
,,,,,,,,,,,,,,,,
,,,,,,,,,,,,,,,,
,,,,,,,,,,,,,,,,
,,,,,,,,,,,,,,,,
,,,,,,,,,,,,,,,,
,,,,,,,,,,,,,,,,
,,,,,,,,,,,,,,,,
,,,,,,,,,,,,,,,,
,,,,,,,,,,,,,,,,
,,,,,,,,,,,,,,,,
,,,,,,,,,,,,,,,,
,,,,,,,,,,,,,,,,
,,,,,,,,,,,,,,,,
,,,,,,,,,,,,,,,,
,,,,,,,,,,,,,,,,
,,,,,,,,,,,,,,,,
,,,,,,,,,,,,,,,,
,,,,,,,,,,,,,,,,
,,,,,,,,,,,,,,,,
,,,,,,,,,,,,,,,,
,,,,,,,,,,,,,,,,
,,,,,,,,,,,,,,,,
,,,,,,,,,,,,,,,,
,,,,,,,,,,,,,,,,
,,,,,,,,,,,,,,,,
,,,,,,,,,,,,,,,,
,,,,,,,,,,,,,,,,
,,,,,,,,,,,,,,,,
,,,,,,,,,,,,,,,,
,,,,,,,,,,,,,,,,
,,,,,,,,,,,,,,,,
,,,,,,,,,,,,,,,,
,,,,,,,,,,,,,,,,
,,,,,,,,,,,,,,,,
,,,,,,,,,,,,,,,,
,,,,,,,,,,,,,,,,
,,,,,,,,,,,,,,,,
,,,,,,,,,,,,,,,,
,,,,,,,,,,,,,,,,
,,,,,,,,,,,,,,,,
,,,,,,,,,,,,,,,,
,,,,,,,,,,,,,,,,
,,,,,,,,,,,,,,,,
,,,,,,,,,,,,,,,,
,,,,,,,,,,,,,,,,
,,,,,,,,,,,,,,,,
,,,,,,,,,,,,,,,,
,,,,,,,,,,,,,,,,
,,,,,,,,,,,,,,,,
,,,,,,,,,,,,,,,,
,,,,,,,,,,,,,,,,
,,,,,,,,,,,,,,,,
,,,,,,,,,,,,,,,,
,,,,,,,,,,,,,,,,
,,,,,,,,,,,,,,,,
,,,,,,,,,,,,,,,,
,,,,,,,,,,,,,,,,
,,,,,,,,,,,,,,,,
,,,,,,,,,,,,,,,,
,,,,,,,,,,,,,,,,
,,,,,,,,,,,,,,,,
,,,,,,,,,,,,,,,,
,,,,,,,,,,,,,,,,
,,,,,,,,,,,,,,,,
,,,,,,,,,,,,,,,,
,,,,,,,,,,,,,,,,
,,,,,,,,,,,,,,,,
,,,,,,,,,,,,,,,,
,,,,,,,,,,,,,,,,
,,,,,,,,,,,,,,,,
,,,,,,,,,,,,,,,,
,,,,,,,,,,,,,,,,
,,,,,,,,,,,,,,,,
,,,,,,,,,,,,,,,,
,,,,,,,,,,,,,,,,
,,,,,,,,,,,,,,,,
,,,,,,,,,,,,,,,,
,,,,,,,,,,,,,,,,
,,,,,,,,,,,,,,,,
,,,,,,,,,,,,,,,,
,,,,,,,,,,,,,,,,
,,,,,,,,,,,,,,,,
,,,,,,,,,,,,,,,,
,,,,,,,,,,,,,,,,
,,,,,,,,,,,,,,,,
,,,,,,,,,,,,,,,,
,,,,,,,,,,,,,,,,
,,,,,,,,,,,,,,,,
,,,,,,,,,,,,,,,,
,,,,,,,,,,,,,,,,
,,,,,,,,,,,,,,,,
,,,,,,,,,,,,,,,,
,,,,,,,,,,,,,,,,
,,,,,,,,,,,,,,,,
,,,,,,,,,,,,,,,,
,,,,,,,,,,,,,,,,
,,,,,,,,,,,,,,,,
,,,,,,,,,,,,,,,,
,,,,,,,,,,,,,,,,
,,,,,,,,,,,,,,,,
,,,,,,,,,,,,,,,,
,,,,,,,,,,,,,,,,
,,,,,,,,,,,,,,,,
,,,,,,,,,,,,,,,,
,,,,,,,,,,,,,,,,
,,,,,,,,,,,,,,,,
,,,,,,,,,,,,,,,,
,,,,,,,,,,,,,,,,
,,,,,,,,,,,,,,,,
,,,,,,,,,,,,,,,,
,,,,,,,,,,,,,,,,
,,,,,,,,,,,,,,,,
,,,,,,,,,,,,,,,,
,,,,,,,,,,,,,,,,
,,,,,,,,,,,,,,,,
,,,,,,,,,,,,,,,,
,,,,,,,,,,,,,,,,
,,,,,,,,,,,,,,,,
,,,,,,,,,,,,,,,,
,,,,,,,,,,,,,,,,
,,,,,,,,,,,,,,,,
,,,,,,,,,,,,,,,,
,,,,,,,,,,,,,,,,
,,,,,,,,,,,,,,,,
,,,,,,,,,,,,,,,,
,,,,,,,,,,,,,,,,
,,,,,,,,,,,,,,,,
,,,,,,,,,,,,,,,,
,,,,,,,,,,,,,,,,
,,,,,,,,,,,,,,,,
,,,,,,,,,,,,,,,,
,,,,,,,,,,,,,,,,
,,,,,,,,,,,,,,,,
,,,,,,,,,,,,,,,,
,,,,,,,,,,,,,,,,
,,,,,,,,,,,,,,,,
,,,,,,,,,,,,,,,,
,,,,,,,,,,,,,,,,
,,,,,,,,,,,,,,,,
,,,,,,,,,,,,,,,,
,,,,,,,,,,,,,,,,
,,,,,,,,,,,,,,,,
,,,,,,,,,,,,,,,,
,,,,,,,,,,,,,,,,
,,,,,,,,,,,,,,,,
,,,,,,,,,,,,,,,,
,,,,,,,,,,,,,,,,
,,,,,,,,,,,,,,,,
,,,,,,,,,,,,,,,,
,,,,,,,,,,,,,,,,
,,,,,,,,,,,,,,,,
,,,,,,,,,,,,,,,,
,,,,,,,,,,,,,,,,
,,,,,,,,,,,,,,,,
,,,,,,,,,,,,,,,,
,,,,,,,,,,,,,,,,
,,,,,,,,,,,,,,,,
,,,,,,,,,,,,,,,,
,,,,,,,,,,,,,,,,
,,,,,,,,,,,,,,,,
,,,,,,,,,,,,,,,,
,,,,,,,,,,,,,,,,
,,,,,,,,,,,,,,,,
,,,,,,,,,,,,,,,,
,,,,,,,,,,,,,,,,
,,,,,,,,,,,,,,,,
,,,,,,,,,,,,,,,,
,,,,,,,,,,,,,,,,
,,,,,,,,,,,,,,,,
,,,,,,,,,,,,,,,,
,,,,,,,,,,,,,,,,
,,,,,,,,,,,,,,,,
,,,,,,,,,,,,,,,,
,,,,,,,,,,,,,,,,
,,,,,,,,,,,,,,,,
,,,,,,,,,,,,,,,,
,,,,,,,,,,,,,,,,
,,,,,,,,,,,,,,,,
,,,,,,,,,,,,,,,,
,,,,,,,,,,,,,,,,
,,,,,,,,,,,,,,,,
,,,,,,,,,,,,,,,,
,,,,,,,,,,,,,,,,
,,,,,,,,,,,,,,,,
,,,,,,,,,,,,,,,,
,,,,,,,,,,,,,,,,
,,,,,,,,,,,,,,,,
,,,,,,,,,,,,,,,,
,,,,,,,,,,,,,,,,
,,,,,,,,,,,,,,,,
,,,,,,,,,,,,,,,,
,,,,,,,,,,,,,,,,
,,,,,,,,,,,,,,,,
,,,,,,,,,,,,,,,,
,,,,,,,,,,,,,,,,
,,,,,,,,,,,,,,,,
,,,,,,,,,,,,,,,,
,,,,,,,,,,,,,,,,
,,,,,,,,,,,,,,,,
,,,,,,,,,,,,,,,,
,,,,,,,,,,,,,,,,
,,,,,,,,,,,,,,,,
,,,,,,,,,,,,,,,,
,,,,,,,,,,,,,,,,
,,,,,,,,,,,,,,,,
,,,,,,,,,,,,,,,,
,,,,,,,,,,,,,,,,
,,,,,,,,,,,,,,,,
,,,,,,,,,,,,,,,,
,,,,,,,,,,,,,,,,
,,,,,,,,,,,,,,,,
,,,,,,,,,,,,,,,,
,,,,,,,,,,,,,,,,
,,,,,,,,,,,,,,,,
,,,,,,,,,,,,,,,,
,,,,,,,,,,,,,,,,
,,,,,,,,,,,,,,,,
,,,,,,,,,,,,,,,,
,,,,,,,,,,,,,,,,
,,,,,,,,,,,,,,,,
,,,,,,,,,,,,,,,,
,,,,,,,,,,,,,,,,
,,,,,,,,,,,,,,,,
,,,,,,,,,,,,,,,,
,,,,,,,,,,,,,,,,
,,,,,,,,,,,,,,,,
,,,,,,,,,,,,,,,,
,,,,,,,,,,,,,,,,
,,,,,,,,,,,,,,,,
,,,,,,,,,,,,,,,,
,,,,,,,,,,,,,,,,
,,,,,,,,,,,,,,,,
,,,,,,,,,,,,,,,,
,,,,,,,,,,,,,,,,
,,,,,,,,,,,,,,,,
,,,,,,,,,,,,,,,,
,,,,,,,,,,,,,,,,
,,,,,,,,,,,,,,,,
,,,,,,,,,,,,,,,,
,,,,,,,,,,,,,,,,
,,,,,,,,,,,,,,,,
,,,,,,,,,,,,,,,,
,,,,,,,,,,,,,,,,
,,,,,,,,,,,,,,,,
,,,,,,,,,,,,,,,,
,,,,,,,,,,,,,,,,
,,,,,,,,,,,,,,,,
,,,,,,,,,,,,,,,,
,,,,,,,,,,,,,,,,
,,,,,,,,,,,,,,,,
,,,,,,,,,,,,,,,,
,,,,,,,,,,,,,,,,
,,,,,,,,,,,,,,,,
,,,,,,,,,,,,,,,,
,,,,,,,,,,,,,,,,
,,,,,,,,,,,,,,,,
,,,,,,,,,,,,,,,,
,,,,,,,,,,,,,,,,
,,,,,,,,,,,,,,,,
,,,,,,,,,,,,,,,,
,,,,,,,,,,,,,,,,
,,,,,,,,,,,,,,,,
,,,,,,,,,,,,,,,,
,,,,,,,,,,,,,,,,
,,,,,,,,,,,,,,,,
,,,,,,,,,,,,,,,,
,,,,,,,,,,,,,,,,
,,,,,,,,,,,,,,,,
,,,,,,,,,,,,,,,,
,,,,,,,,,,,,,,,,
,,,,,,,,,,,,,,,,
,,,,,,,,,,,,,,,,
,,,,,,,,,,,,,,,,
,,,,,,,,,,,,,,,,
,,,,,,,,,,,,,,,,
,,,,,,,,,,,,,,,,
,,,,,,,,,,,,,,,,
,,,,,,,,,,,,,,,,
,,,,,,,,,,,,,,,,
,,,,,,,,,,,,,,,,
,,,,,,,,,,,,,,,,
,,,,,,,,,,,,,,,,
,,,,,,,,,,,,,,,,
,,,,,,,,,,,,,,,,
,,,,,,,,,,,,,,,,
,,,,,,,,,,,,,,,,
,,,,,,,,,,,,,,,,
,,,,,,,,,,,,,,,,
,,,,,,,,,,,,,,,,
,,,,,,,,,,,,,,,,
,,,,,,,,,,,,,,,,
,,,,,,,,,,,,,,,,
,,,,,,,,,,,,,,,,
,,,,,,,,,,,,,,,,
,,,,,,,,,,,,,,,,
,,,,,,,,,,,,,,,,
,,,,,,,,,,,,,,,,
,,,,,,,,,,,,,,,,
,,,,,,,,,,,,,,,,
,,,,,,,,,,,,,,,,
,,,,,,,,,,,,,,,,
,,,,,,,,,,,,,,,,
,,,,,,,,,,,,,,,,
,,,,,,,,,,,,,,,,
,,,,,,,,,,,,,,,,
,,,,,,,,,,,,,,,,
,,,,,,,,,,,,,,,,
,,,,,,,,,,,,,,,,
,,,,,,,,,,,,,,,,
,,,,,,,,,,,,,,,,
,,,,,,,,,,,,,,,,
,,,,,,,,,,,,,,,,
,,,,,,,,,,,,,,,,
,,,,,,,,,,,,,,,,
,,,,,,,,,,,,,,,,
,,,,,,,,,,,,,,,,
,,,,,,,,,,,,,,,,
,,,,,,,,,,,,,,,,
,,,,,,,,,,,,,,,,
,,,,,,,,,,,,,,,,
,,,,,,,,,,,,,,,,
,,,,,,,,,,,,,,,,
,,,,,,,,,,,,,,,,
,,,,,,,,,,,,,,,,
,,,,,,,,,,,,,,,,
,,,,,,,,,,,,,,,,
,,,,,,,,,,,,,,,,
,,,,,,,,,,,,,,,,
,,,,,,,,,,,,,,,,
,,,,,,,,,,,,,,,,
,,,,,,,,,,,,,,,,
,,,,,,,,,,,,,,,,
,,,,,,,,,,,,,,,,
,,,,,,,,,,,,,,,,
,,,,,,,,,,,,,,,,
,,,,,,,,,,,,,,,,
,,,,,,,,,,,,,,,,
,,,,,,,,,,,,,,,,
,,,,,,,,,,,,,,,,
,,,,,,,,,,,,,,,,
,,,,,,,,,,,,,,,,
,,,,,,,,,,,,,,,,
,,,,,,,,,,,,,,,,
,,,,,,,,,,,,,,,,
,,,,,,,,,,,,,,,,
,,,,,,,,,,,,,,,,
,,,,,,,,,,,,,,,,
,,,,,,,,,,,,,,,,
,,,,,,,,,,,,,,,,
,,,,,,,,,,,,,,,,
,,,,,,,,,,,,,,,,
,,,,,,,,,,,,,,,,
,,,,,,,,,,,,,,,,
,,,,,,,,,,,,,,,,
,,,,,,,,,,,,,,,,
,,,,,,,,,,,,,,,,
,,,,,,,,,,,,,,,,
,,,,,,,,,,,,,,,,
,,,,,,,,,,,,,,,,
,,,,,,,,,,,,,,,,
,,,,,,,,,,,,,,,,
,,,,,,,,,,,,,,,,
,,,,,,,,,,,,,,,,
,,,,,,,,,,,,,,,,
,,,,,,,,,,,,,,,,
,,,,,,,,,,,,,,,,
,,,,,,,,,,,,,,,,
,,,,,,,,,,,,,,,,
,,,,,,,,,,,,,,,,
,,,,,,,,,,,,,,,,
,,,,,,,,,,,,,,,,
,,,,,,,,,,,,,,,,
,,,,,,,,,,,,,,,,
,,,,,,,,,,,,,,,,
,,,,,,,,,,,,,,,,
,,,,,,,,,,,,,,,,
,,,,,,,,,,,,,,,,
,,,,,,,,,,,,,,,,
,,,,,,,,,,,,,,,,
,,,,,,,,,,,,,,,,
,,,,,,,,,,,,,,,,
,,,,,,,,,,,,,,,,
,,,,,,,,,,,,,,,,
,,,,,,,,,,,,,,,,
,,,,,,,,,,,,,,,,
,,,,,,,,,,,,,,,,
,,,,,,,,,,,,,,,,
,,,,,,,,,,,,,,,,
,,,,,,,,,,,,,,,,
,,,,,,,,,,,,,,,,
,,,,,,,,,,,,,,,,
,,,,,,,,,,,,,,,,
,,,,,,,,,,,,,,,,
,,,,,,,,,,,,,,,,
,,,,,,,,,,,,,,,,
,,,,,,,,,,,,,,,,
,,,,,,,,,,,,,,,,
,,,,,,,,,,,,,,,,
,,,,,,,,,,,,,,,,
,,,,,,,,,,,,,,,,
,,,,,,,,,,,,,,,,
,,,,,,,,,,,,,,,,
,,,,,,,,,,,,,,,,
,,,,,,,,,,,,,,,,
,,,,,,,,,,,,,,,,
,,,,,,,,,,,,,,,,
,,,,,,,,,,,,,,,,
,,,,,,,,,,,,,,,,
,,,,,,,,,,,,,,,,
,,,,,,,,,,,,,,,,
,,,,,,,,,,,,,,,,
,,,,,,,,,,,,,,,,
,,,,,,,,,,,,,,,,
,,,,,,,,,,,,,,,,
,,,,,,,,,,,,,,,,
,,,,,,,,,,,,,,,,
,,,,,,,,,,,,,,,,
,,,,,,,,,,,,,,,,
,,,,,,,,,,,,,,,,
,,,,,,,,,,,,,,,,
,,,,,,,,,,,,,,,,
,,,,,,,,,,,,,,,,
,,,,,,,,,,,,,,,,
,,,,,,,,,,,,,,,,
,,,,,,,,,,,,,,,,
,,,,,,,,,,,,,,,,
,,,,,,,,,,,,,,,,
,,,,,,,,,,,,,,,,
,,,,,,,,,,,,,,,,
,,,,,,,,,,,,,,,,
,,,,,,,,,,,,,,,,
,,,,,,,,,,,,,,,,
,,,,,,,,,,,,,,,,
,,,,,,,,,,,,,,,,
,,,,,,,,,,,,,,,,
,,,,,,,,,,,,,,,,
,,,,,,,,,,,,,,,,
,,,,,,,,,,,,,,,,
,,,,,,,,,,,,,,,,
,,,,,,,,,,,,,,,,
,,,,,,,,,,,,,,,,
,,,,,,,,,,,,,,,,
,,,,,,,,,,,,,,,,
,,,,,,,,,,,,,,,,
,,,,,,,,,,,,,,,,
,,,,,,,,,,,,,,,,
,,,,,,,,,,,,,,,,
,,,,,,,,,,,,,,,,
,,,,,,,,,,,,,,,,
,,,,,,,,,,,,,,,,
,,,,,,,,,,,,,,,,
,,,,,,,,,,,,,,,,
,,,,,,,,,,,,,,,,
,,,,,,,,,,,,,,,,
,,,,,,,,,,,,,,,,
,,,,,,,,,,,,,,,,
,,,,,,,,,,,,,,,,
,,,,,,,,,,,,,,,,
,,,,,,,,,,,,,,,,
,,,,,,,,,,,,,,,,
,,,,,,,,,,,,,,,,
,,,,,,,,,,,,,,,,
,,,,,,,,,,,,,,,,
,,,,,,,,,,,,,,,,
,,,,,,,,,,,,,,,,
,,,,,,,,,,,,,,,,
,,,,,,,,,,,,,,,,
,,,,,,,,,,,,,,,,
,,,,,,,,,,,,,,,,
,,,,,,,,,,,,,,,,
,,,,,,,,,,,,,,,,
,,,,,,,,,,,,,,,,
,,,,,,,,,,,,,,,,
,,,,,,,,,,,,,,,,
,,,,,,,,,,,,,,,,
,,,,,,,,,,,,,,,,
,,,,,,,,,,,,,,,,
,,,,,,,,,,,,,,,,
,,,,,,,,,,,,,,,,
,,,,,,,,,,,,,,,,
,,,,,,,,,,,,,,,,
,,,,,,,,,,,,,,,,
,,,,,,,,,,,,,,,,
,,,,,,,,,,,,,,,,
,,,,,,,,,,,,,,,,
,,,,,,,,,,,,,,,,
,,,,,,,,,,,,,,,,
,,,,,,,,,,,,,,,,
,,,,,,,,,,,,,,,,
,,,,,,,,,,,,,,,,
,,,,,,,,,,,,,,,,
,,,,,,,,,,,,,,,,
,,,,,,,,,,,,,,,,
,,,,,,,,,,,,,,,,
,,,,,,,,,,,,,,,,
,,,,,,,,,,,,,,,,
,,,,,,,,,,,,,,,,
,,,,,,,,,,,,,,,,
,,,,,,,,,,,,,,,,
,,,,,,,,,,,,,,,,
,,,,,,,,,,,,,,,,
,,,,,,,,,,,,,,,,
,,,,,,,,,,,,,,,,
,,,,,,,,,,,,,,,,
,,,,,,,,,,,,,,,,
,,,,,,,,,,,,,,,,
,,,,,,,,,,,,,,,,
,,,,,,,,,,,,,,,,
,,,,,,,,,,,,,,,,
,,,,,,,,,,,,,,,,
,,,,,,,,,,,,,,,,
,,,,,,,,,,,,,,,,
,,,,,,,,,,,,,,,,
,,,,,,,,,,,,,,,,
,,,,,,,,,,,,,,,,
,,,,,,,,,,,,,,,,
,,,,,,,,,,,,,,,,
,,,,,,,,,,,,,,,,
,,,,,,,,,,,,,,,,
,,,,,,,,,,,,,,,,
,,,,,,,,,,,,,,,,
,,,,,,,,,,,,,,,,
,,,,,,,,,,,,,,,,
,,,,,,,,,,,,,,,,
,,,,,,,,,,,,,,,,
,,,,,,,,,,,,,,,,
,,,,,,,,,,,,,,,,
,,,,,,,,,,,,,,,,
,,,,,,,,,,,,,,,,
,,,,,,,,,,,,,,,,
,,,,,,,,,,,,,,,,
,,,,,,,,,,,,,,,,
,,,,,,,,,,,,,,,,
,,,,,,,,,,,,,,,,
,,,,,,,,,,,,,,,,
,,,,,,,,,,,,,,,,
,,,,,,,,,,,,,,,,
,,,,,,,,,,,,,,,,
,,,,,,,,,,,,,,,,
,,,,,,,,,,,,,,,,
,,,,,,,,,,,,,,,,
,,,,,,,,,,,,,,,,
,,,,,,,,,,,,,,,,
,,,,,,,,,,,,,,,,
,,,,,,,,,,,,,,,,
,,,,,,,,,,,,,,,,
,,,,,,,,,,,,,,,,
,,,,,,,,,,,,,,,,
,,,,,,,,,,,,,,,,
,,,,,,,,,,,,,,,,
,,,,,,,,,,,,,,,,
,,,,,,,,,,,,,,,,
,,,,,,,,,,,,,,,,
,,,,,,,,,,,,,,,,
,,,,,,,,,,,,,,,,
,,,,,,,,,,,,,,,,
,,,,,,,,,,,,,,,,
,,,,,,,,,,,,,,,,
,,,,,,,,,,,,,,,,
,,,,,,,,,,,,,,,,
,,,,,,,,,,,,,,,,
,,,,,,,,,,,,,,,,
,,,,,,,,,,,,,,,,
,,,,,,,,,,,,,,,,
,,,,,,,,,,,,,,,,
,,,,,,,,,,,,,,,,
,,,,,,,,,,,,,,,,
,,,,,,,,,,,,,,,,
,,,,,,,,,,,,,,,,
,,,,,,,,,,,,,,,,
,,,,,,,,,,,,,,,,
,,,,,,,,,,,,,,,,
,,,,,,,,,,,,,,,,
,,,,,,,,,,,,,,,,
,,,,,,,,,,,,,,,,
,,,,,,,,,,,,,,,,
,,,,,,,,,,,,,,,,
,,,,,,,,,,,,,,,,
,,,,,,,,,,,,,,,,
,,,,,,,,,,,,,,,,
,,,,,,,,,,,,,,,,
,,,,,,,,,,,,,,,,
,,,,,,,,,,,,,,,,
,,,,,,,,,,,,,,,,
,,,,,,,,,,,,,,,,
,,,,,,,,,,,,,,,,
,,,,,,,,,,,,,,,,
,,,,,,,,,,,,,,,,
,,,,,,,,,,,,,,,,
,,,,,,,,,,,,,,,,
,,,,,,,,,,,,,,,,
,,,,,,,,,,,,,,,,
,,,,,,,,,,,,,,,,
,,,,,,,,,,,,,,,,
,,,,,,,,,,,,,,,,
,,,,,,,,,,,,,,,,
,,,,,,,,,,,,,,,,
,,,,,,,,,,,,,,,,
,,,,,,,,,,,,,,,,
,,,,,,,,,,,,,,,,
,,,,,,,,,,,,,,,,
,,,,,,,,,,,,,,,,
,,,,,,,,,,,,,,,,
,,,,,,,,,,,,,,,,
,,,,,,,,,,,,,,,,
,,,,,,,,,,,,,,,,
,,,,,,,,,,,,,,,,
,,,,,,,,,,,,,,,,
,,,,,,,,,,,,,,,,
,,,,,,,,,,,,,,,,
,,,,,,,,,,,,,,,,
,,,,,,,,,,,,,,,,
,,,,,,,,,,,,,,,,
,,,,,,,,,,,,,,,,
,,,,,,,,,,,,,,,,
,,,,,,,,,,,,,,,,
,,,,,,,,,,,,,,,,
,,,,,,,,,,,,,,,,
,,,,,,,,,,,,,,,,
,,,,,,,,,,,,,,,,
,,,,,,,,,,,,,,,,
,,,,,,,,,,,,,,,,
,,,,,,,,,,,,,,,,
,,,,,,,,,,,,,,,,
,,,,,,,,,,,,,,,,
,,,,,,,,,,,,,,,,
,,,,,,,,,,,,,,,,
,,,,,,,,,,,,,,,,
,,,,,,,,,,,,,,,,
,,,,,,,,,,,,,,,,
,,,,,,,,,,,,,,,,
,,,,,,,,,,,,,,,,
,,,,,,,,,,,,,,,,
,,,,,,,,,,,,,,,,
,,,,,,,,,,,,,,,,
,,,,,,,,,,,,,,,,
,,,,,,,,,,,,,,,,
,,,,,,,,,,,,,,,,
,,,,,,,,,,,,,,,,
,,,,,,,,,,,,,,,,
,,,,,,,,,,,,,,,,
,,,,,,,,,,,,,,,,
,,,,,,,,,,,,,,,,
,,,,,,,,,,,,,,,,
,,,,,,,,,,,,,,,,
,,,,,,,,,,,,,,,,
,,,,,,,,,,,,,,,,
,,,,,,,,,,,,,,,,
,,,,,,,,,,,,,,,,
,,,,,,,,,,,,,,,,
,,,,,,,,,,,,,,,,
,,,,,,,,,,,,,,,,
,,,,,,,,,,,,,,,,
,,,,,,,,,,,,,,,,
,,,,,,,,,,,,,,,,
,,,,,,,,,,,,,,,,
,,,,,,,,,,,,,,,,
,,,,,,,,,,,,,,,,
,,,,,,,,,,,,,,,,
,,,,,,,,,,,,,,,,
,,,,,,,,,,,,,,,,
,,,,,,,,,,,,,,,,
,,,,,,,,,,,,,,,,
,,,,,,,,,,,,,,,,
,,,,,,,,,,,,,,,,
,,,,,,,,,,,,,,,,
,,,,,,,,,,,,,,,,
,,,,,,,,,,,,,,,,
,,,,,,,,,,,,,,,,
,,,,,,,,,,,,,,,,
,,,,,,,,,,,,,,,,
,,,,,,,,,,,,,,,,
,,,,,,,,,,,,,,,,
,,,,,,,,,,,,,,,,
,,,,,,,,,,,,,,,,
,,,,,,,,,,,,,,,,
,,,,,,,,,,,,,,,,
,,,,,,,,,,,,,,,,
,,,,,,,,,,,,,,,,
,,,,,,,,,,,,,,,,
,,,,,,,,,,,,,,,,
,,,,,,,,,,,,,,,,
,,,,,,,,,,,,,,,,
,,,,,,,,,,,,,,,,
,,,,,,,,,,,,,,,,
,,,,,,,,,,,,,,,,
,,,,,,,,,,,,,,,,
,,,,,,,,,,,,,,,,
,,,,,,,,,,,,,,,,
,,,,,,,,,,,,,,,,
,,,,,,,,,,,,,,,,
,,,,,,,,,,,,,,,,
,,,,,,,,,,,,,,,,
,,,,,,,,,,,,,,,,
,,,,,,,,,,,,,,,,
,,,,,,,,,,,,,,,,
,,,,,,,,,,,,,,,,
,,,,,,,,,,,,,,,,
,,,,,,,,,,,,,,,,
,,,,,,,,,,,,,,,,
,,,,,,,,,,,,,,,,
,,,,,,,,,,,,,,,,
,,,,,,,,,,,,,,,,
,,,,,,,,,,,,,,,,
,,,,,,,,,,,,,,,,
,,,,,,,,,,,,,,,,
,,,,,,,,,,,,,,,,
,,,,,,,,,,,,,,,,
,,,,,,,,,,,,,,,,
,,,,,,,,,,,,,,,,
,,,,,,,,,,,,,,,,
,,,,,,,,,,,,,,,,
,,,,,,,,,,,,,,,,
,,,,,,,,,,,,,,,,
,,,,,,,,,,,,,,,,
,,,,,,,,,,,,,,,,
,,,,,,,,,,,,,,,,
,,,,,,,,,,,,,,,,
,,,,,,,,,,,,,,,,
,,,,,,,,,,,,,,,,
,,,,,,,,,,,,,,,,
,,,,,,,,,,,,,,,,
,,,,,,,,,,,,,,,,
,,,,,,,,,,,,,,,,
,,,,,,,,,,,,,,,,
,,,,,,,,,,,,,,,,
,,,,,,,,,,,,,,,,
,,,,,,,,,,,,,,,,
,,,,,,,,,,,,,,,,
,,,,,,,,,,,,,,,,
,,,,,,,,,,,,,,,,
,,,,,,,,,,,,,,,,
,,,,,,,,,,,,,,,,
,,,,,,,,,,,,,,,,
,,,,,,,,,,,,,,,,
,,,,,,,,,,,,,,,,
,,,,,,,,,,,,,,,,
,,,,,,,,,,,,,,,,
,,,,,,,,,,,,,,,,
,,,,,,,,,,,,,,,,
,,,,,,,,,,,,,,,,
,,,,,,,,,,,,,,,,
,,,,,,,,,,,,,,,,
,,,,,,,,,,,,,,,,
,,,,,,,,,,,,,,,,
,,,,,,,,,,,,,,,,
,,,,,,,,,,,,,,,,
,,,,,,,,,,,,,,,,
,,,,,,,,,,,,,,,,
,,,,,,,,,,,,,,,,
,,,,,,,,,,,,,,,,
,,,,,,,,,,,,,,,,
,,,,,,,,,,,,,,,,
,,,,,,,,,,,,,,,,
,,,,,,,,,,,,,,,,
,,,,,,,,,,,,,,,,
,,,,,,,,,,,,,,,,
,,,,,,,,,,,,,,,,
,,,,,,,,,,,,,,,,
,,,,,,,,,,,,,,,,
,,,,,,,,,,,,,,,,
,,,,,,,,,,,,,,,,
,,,,,,,,,,,,,,,,
,,,,,,,,,,,,,,,,
,,,,,,,,,,,,,,,,
,,,,,,,,,,,,,,,,
,,,,,,,,,,,,,,,,
,,,,,,,,,,,,,,,,
,,,,,,,,,,,,,,,,
,,,,,,,,,,,,,,,,
,,,,,,,,,,,,,,,,
,,,,,,,,,,,,,,,,
,,,,,,,,,,,,,,,,
,,,,,,,,,,,,,,,,
,,,,,,,,,,,,,,,,
,,,,,,,,,,,,,,,,
,,,,,,,,,,,,,,,,
,,,,,,,,,,,,,,,,
,,,,,,,,,,,,,,,,
,,,,,,,,,,,,,,,,
,,,,,,,,,,,,,,,,
,,,,,,,,,,,,,,,,
,,,,,,,,,,,,,,,,
,,,,,,,,,,,,,,,,
,,,,,,,,,,,,,,,,
,,,,,,,,,,,,,,,,
,,,,,,,,,,,,,,,,
,,,,,,,,,,,,,,,,
,,,,,,,,,,,,,,,,
,,,,,,,,,,,,,,,,
,,,,,,,,,,,,,,,,
,,,,,,,,,,,,,,,,
,,,,,,,,,,,,,,,,
,,,,,,,,,,,,,,,,
,,,,,,,,,,,,,,,,
,,,,,,,,,,,,,,,,
,,,,,,,,,,,,,,,,
,,,,,,,,,,,,,,,,
,,,,,,,,,,,,,,,,
,,,,,,,,,,,,,,,,
,,,,,,,,,,,,,,,,
,,,,,,,,,,,,,,,,
,,,,,,,,,,,,,,,,
,,,,,,,,,,,,,,,,
,,,,,,,,,,,,,,,,
,,,,,,,,,,,,,,,,
,,,,,,,,,,,,,,,,
,,,,,,,,,,,,,,,,
,,,,,,,,,,,,,,,,
,,,,,,,,,,,,,,,,
,,,,,,,,,,,,,,,,
,,,,,,,,,,,,,,,,
,,,,,,,,,,,,,,,,
,,,,,,,,,,,,,,,,
,,,,,,,,,,,,,,,,
,,,,,,,,,,,,,,,,
,,,,,,,,,,,,,,,,
,,,,,,,,,,,,,,,,
,,,,,,,,,,,,,,,,
,,,,,,,,,,,,,,,,
,,,,,,,,,,,,,,,,
,,,,,,,,,,,,,,,,
,,,,,,,,,,,,,,,,
,,,,,,,,,,,,,,,,
,,,,,,,,,,,,,,,,
,,,,,,,,,,,,,,,,
,,,,,,,,,,,,,,,,
,,,,,,,,,,,,,,,,
,,,,,,,,,,,,,,,,
,,,,,,,,,,,,,,,,
,,,,,,,,,,,,,,,,
,,,,,,,,,,,,,,,,
,,,,,,,,,,,,,,,,
,,,,,,,,,,,,,,,,
,,,,,,,,,,,,,,,,
,,,,,,,,,,,,,,,,
,,,,,,,,,,,,,,,,
,,,,,,,,,,,,,,,,
,,,,,,,,,,,,,,,,
,,,,,,,,,,,,,,,,
,,,,,,,,,,,,,,,,
,,,,,,,,,,,,,,,,
,,,,,,,,,,,,,,,,
,,,,,,,,,,,,,,,,
,,,,,,,,,,,,,,,,
,,,,,,,,,,,,,,,,
,,,,,,,,,,,,,,,,
,,,,,,,,,,,,,,,,
,,,,,,,,,,,,,,,,
,,,,,,,,,,,,,,,,
,,,,,,,,,,,,,,,,
,,,,,,,,,,,,,,,,
,,,,,,,,,,,,,,,,
,,,,,,,,,,,,,,,,
,,,,,,,,,,,,,,,,
,,,,,,,,,,,,,,,,
,,,,,,,,,,,,,,,,
,,,,,,,,,,,,,,,,
,,,,,,,,,,,,,,,,
,,,,,,,,,,,,,,,,
,,,,,,,,,,,,,,,,
,,,,,,,,,,,,,,,,
,,,,,,,,,,,,,,,,
,,,,,,,,,,,,,,,,
,,,,,,,,,,,,,,,,
,,,,,,,,,,,,,,,,
,,,,,,,,,,,,,,,,
,,,,,,,,,,,,,,,,
,,,,,,,,,,,,,,,,
,,,,,,,,,,,,,,,,
,,,,,,,,,,,,,,,,
,,,,,,,,,,,,,,,,
,,,,,,,,,,,,,,,,
,,,,,,,,,,,,,,,,
,,,,,,,,,,,,,,,,
,,,,,,,,,,,,,,,,
,,,,,,,,,,,,,,,,
,,,,,,,,,,,,,,,,
,,,,,,,,,,,,,,,,
,,,,,,,,,,,,,,,,
,,,,,,,,,,,,,,,,
,,,,,,,,,,,,,,,,
,,,,,,,,,,,,,,,,
,,,,,,,,,,,,,,,,
,,,,,,,,,,,,,,,,
,,,,,,,,,,,,,,,,
,,,,,,,,,,,,,,,,
,,,,,,,,,,,,,,,,
,,,,,,,,,,,,,,,,
,,,,,,,,,,,,,,,,
,,,,,,,,,,,,,,,,
,,,,,,,,,,,,,,,,
,,,,,,,,,,,,,,,,
,,,,,,,,,,,,,,,,
,,,,,,,,,,,,,,,,
,,,,,,,,,,,,,,,,
,,,,,,,,,,,,,,,,
,,,,,,,,,,,,,,,,
,,,,,,,,,,,,,,,,
,,,,,,,,,,,,,,,,
,,,,,,,,,,,,,,,,
,,,,,,,,,,,,,,,,
,,,,,,,,,,,,,,,,
,,,,,,,,,,,,,,,,
,,,,,,,,,,,,,,,,
,,,,,,,,,,,,,,,,
,,,,,,,,,,,,,,,,
,,,,,,,,,,,,,,,,
,,,,,,,,,,,,,,,,
,,,,,,,,,,,,,,,,
,,,,,,,,,,,,,,,,
,,,,,,,,,,,,,,,,
,,,,,,,,,,,,,,,,
,,,,,,,,,,,,,,,,
,,,,,,,,,,,,,,,,
,,,,,,,,,,,,,,,,
,,,,,,,,,,,,,,,,
,,,,,,,,,,,,,,,,
,,,,,,,,,,,,,,,,
,,,,,,,,,,,,,,,,
,,,,,,,,,,,,,,,,
,,,,,,,,,,,,,,,,
,,,,,,,,,,,,,,,,
,,,,,,,,,,,,,,,,
,,,,,,,,,,,,,,,,
,,,,,,,,,,,,,,,,
,,,,,,,,,,,,,,,,
,,,,,,,,,,,,,,,,
,,,,,,,,,,,,,,,,
,,,,,,,,,,,,,,,,
,,,,,,,,,,,,,,,,
,,,,,,,,,,,,,,,,
,,,,,,,,,,,,,,,,
,,,,,,,,,,,,,,,,
,,,,,,,,,,,,,,,,
,,,,,,,,,,,,,,,,
,,,,,,,,,,,,,,,,
,,,,,,,,,,,,,,,,
,,,,,,,,,,,,,,,,
,,,,,,,,,,,,,,,,
,,,,,,,,,,,,,,,,
,,,,,,,,,,,,,,,,
,,,,,,,,,,,,,,,,
,,,,,,,,,,,,,,,,
,,,,,,,,,,,,,,,,
,,,,,,,,,,,,,,,,
,,,,,,,,,,,,,,,,
,,,,,,,,,,,,,,,,
,,,,,,,,,,,,,,,,
,,,,,,,,,,,,,,,,
,,,,,,,,,,,,,,,,
,,,,,,,,,,,,,,,,
,,,,,,,,,,,,,,,,
,,,,,,,,,,,,,,,,
,,,,,,,,,,,,,,,,
,,,,,,,,,,,,,,,,
,,,,,,,,,,,,,,,,
,,,,,,,,,,,,,,,,
,,,,,,,,,,,,,,,,
,,,,,,,,,,,,,,,,
,,,,,,,,,,,,,,,,
,,,,,,,,,,,,,,,,
,,,,,,,,,,,,,,,,
,,,,,,,,,,,,,,,,
,,,,,,,,,,,,,,,,
,,,,,,,,,,,,,,,,
,,,,,,,,,,,,,,,,
,,,,,,,,,,,,,,,,
,,,,,,,,,,,,,,,,
,,,,,,,,,,,,,,,,
,,,,,,,,,,,,,,,,
,,,,,,,,,,,,,,,,
,,,,,,,,,,,,,,,,
,,,,,,,,,,,,,,,,
,,,,,,,,,,,,,,,,
,,,,,,,,,,,,,,,,
,,,,,,,,,,,,,,,,
,,,,,,,,,,,,,,,,
,,,,,,,,,,,,,,,,
,,,,,,,,,,,,,,,,
,,,,,,,,,,,,,,,,
,,,,,,,,,,,,,,,,
,,,,,,,,,,,,,,,,
,,,,,,,,,,,,,,,,
,,,,,,,,,,,,,,,,
,,,,,,,,,,,,,,,,
,,,,,,,,,,,,,,,,
,,,,,,,,,,,,,,,,
,,,,,,,,,,,,,,,,
,,,,,,,,,,,,,,,,
,,,,,,,,,,,,,,,,
,,,,,,,,,,,,,,,,
,,,,,,,,,,,,,,,,
,,,,,,,,,,,,,,,,
,,,,,,,,,,,,,,,,
,,,,,,,,,,,,,,,,
,,,,,,,,,,,,,,,,
,,,,,,,,,,,,,,,,
,,,,,,,,,,,,,,,,
,,,,,,,,,,,,,,,,
,,,,,,,,,,,,,,,,
,,,,,,,,,,,,,,,,
,,,,,,,,,,,,,,,,
,,,,,,,,,,,,,,,,
,,,,,,,,,,,,,,,,
,,,,,,,,,,,,,,,,
,,,,,,,,,,,,,,,,
,,,,,,,,,,,,,,,,
,,,,,,,,,,,,,,,,
,,,,,,,,,,,,,,,,
,,,,,,,,,,,,,,,,
,,,,,,,,,,,,,,,,
,,,,,,,,,,,,,,,,
,,,,,,,,,,,,,,,,
,,,,,,,,,,,,,,,,
,,,,,,,,,,,,,,,,
,,,,,,,,,,,,,,,,
,,,,,,,,,,,,,,,,
,,,,,,,,,,,,,,,,
,,,,,,,,,,,,,,,,
,,,,,,,,,,,,,,,,
,,,,,,,,,,,,,,,,
,,,,,,,,,,,,,,,,
,,,,,,,,,,,,,,,,
,,,,,,,,,,,,,,,,
,,,,,,,,,,,,,,,,
,,,,,,,,,,,,,,,,
,,,,,,,,,,,,,,,,
,,,,,,,,,,,,,,,,
,,,,,,,,,,,,,,,,
,,,,,,,,,,,,,,,,
,,,,,,,,,,,,,,,,
,,,,,,,,,,,,,,,,
,,,,,,,,,,,,,,,,
,,,,,,,,,,,,,,,,
,,,,,,,,,,,,,,,,
,,,,,,,,,,,,,,,,
,,,,,,,,,,,,,,,,
,,,,,,,,,,,,,,,,
,,,,,,,,,,,,,,,,
,,,,,,,,,,,,,,,,
,,,,,,,,,,,,,,,,
,,,,,,,,,,,,,,,,
,,,,,,,,,,,,,,,,
,,,,,,,,,,,,,,,,
,,,,,,,,,,,,,,,,
,,,,,,,,,,,,,,,,
,,,,,,,,,,,,,,,,
,,,,,,,,,,,,,,,,
,,,,,,,,,,,,,,,,
,,,,,,,,,,,,,,,,
,,,,,,,,,,,,,,,,
,,,,,,,,,,,,,,,,
,,,,,,,,,,,,,,,,
,,,,,,,,,,,,,,,,
,,,,,,,,,,,,,,,,
,,,,,,,,,,,,,,,,
,,,,,,,,,,,,,,,,
,,,,,,,,,,,,,,,,
,,,,,,,,,,,,,,,,
,,,,,,,,,,,,,,,,
,,,,,,,,,,,,,,,,
,,,,,,,,,,,,,,,,
,,,,,,,,,,,,,,,,
,,,,,,,,,,,,,,,,
,,,,,,,,,,,,,,,,
,,,,,,,,,,,,,,,,
,,,,,,,,,,,,,,,,
,,,,,,,,,,,,,,,,
,,,,,,,,,,,,,,,,
,,,,,,,,,,,,,,,,
,,,,,,,,,,,,,,,,
,,,,,,,,,,,,,,,,
,,,,,,,,,,,,,,,,
,,,,,,,,,,,,,,,,
,,,,,,,,,,,,,,,,
,,,,,,,,,,,,,,,,
,,,,,,,,,,,,,,,,
,,,,,,,,,,,,,,,,
,,,,,,,,,,,,,,,,
,,,,,,,,,,,,,,,,
,,,,,,,,,,,,,,,,
,,,,,,,,,,,,,,,,
,,,,,,,,,,,,,,,,
,,,,,,,,,,,,,,,,
,,,,,,,,,,,,,,,,
,,,,,,,,,,,,,,,,
,,,,,,,,,,,,,,,,
,,,,,,,,,,,,,,,,
,,,,,,,,,,,,,,,,
,,,,,,,,,,,,,,,,
,,,,,,,,,,,,,,,,
,,,,,,,,,,,,,,,,
,,,,,,,,,,,,,,,,
,,,,,,,,,,,,,,,,
,,,,,,,,,,,,,,,,
,,,,,,,,,,,,,,,,
,,,,,,,,,,,,,,,,
,,,,,,,,,,,,,,,,
,,,,,,,,,,,,,,,,
,,,,,,,,,,,,,,,,
,,,,,,,,,,,,,,,,
,,,,,,,,,,,,,,,,
,,,,,,,,,,,,,,,,
,,,,,,,,,,,,,,,,
,,,,,,,,,,,,,,,,
,,,,,,,,,,,,,,,,
,,,,,,,,,,,,,,,,
,,,,,,,,,,,,,,,,
,,,,,,,,,,,,,,,,
,,,,,,,,,,,,,,,,
,,,,,,,,,,,,,,,,
,,,,,,,,,,,,,,,,
,,,,,,,,,,,,,,,,
,,,,,,,,,,,,,,,,
,,,,,,,,,,,,,,,,
,,,,,,,,,,,,,,,,
,,,,,,,,,,,,,,,,
,,,,,,,,,,,,,,,,
,,,,,,,,,,,,,,,,
,,,,,,,,,,,,,,,,
,,,,,,,,,,,,,,,,
,,,,,,,,,,,,,,,,
,,,,,,,,,,,,,,,,
,,,,,,,,,,,,,,,,
,,,,,,,,,,,,,,,,
,,,,,,,,,,,,,,,,
,,,,,,,,,,,,,,,,
,,,,,,,,,,,,,,,,
,,,,,,,,,,,,,,,,
,,,,,,,,,,,,,,,,
,,,,,,,,,,,,,,,,
,,,,,,,,,,,,,,,,
,,,,,,,,,,,,,,,,
,,,,,,,,,,,,,,,,
,,,,,,,,,,,,,,,,
,,,,,,,,,,,,,,,,
,,,,,,,,,,,,,,,,
,,,,,,,,,,,,,,,,
,,,,,,,,,,,,,,,,
,,,,,,,,,,,,,,,,
,,,,,,,,,,,,,,,,
,,,,,,,,,,,,,,,,
,,,,,,,,,,,,,,,,
,,,,,,,,,,,,,,,,
,,,,,,,,,,,,,,,,
,,,,,,,,,,,,,,,,
,,,,,,,,,,,,,,,,
,,,,,,,,,,,,,,,,
,,,,,,,,,,,,,,,,
,,,,,,,,,,,,,,,,
,,,,,,,,,,,,,,,,
,,,,,,,,,,,,,,,,
,,,,,,,,,,,,,,,,
,,,,,,,,,,,,,,,,
,,,,,,,,,,,,,,,,
,,,,,,,,,,,,,,,,
,,,,,,,,,,,,,,,,
,,,,,,,,,,,,,,,,
,,,,,,,,,,,,,,,,
,,,,,,,,,,,,,,,,
,,,,,,,,,,,,,,,,
,,,,,,,,,,,,,,,,
,,,,,,,,,,,,,,,,
,,,,,,,,,,,,,,,,
,,,,,,,,,,,,,,,,
,,,,,,,,,,,,,,,,
,,,,,,,,,,,,,,,,
,,,,,,,,,,,,,,,,
,,,,,,,,,,,,,,,,
,,,,,,,,,,,,,,,,
,,,,,,,,,,,,,,,,
,,,,,,,,,,,,,,,,
,,,,,,,,,,,,,,,,
,,,,,,,,,,,,,,,,
,,,,,,,,,,,,,,,,
,,,,,,,,,,,,,,,,
,,,,,,,,,,,,,,,,
,,,,,,,,,,,,,,,,
,,,,,,,,,,,,,,,,
,,,,,,,,,,,,,,,,
,,,,,,,,,,,,,,,,
,,,,,,,,,,,,,,,,
,,,,,,,,,,,,,,,,
,,,,,,,,,,,,,,,,
,,,,,,,,,,,,,,,,
,,,,,,,,,,,,,,,,
,,,,,,,,,,,,,,,,
,,,,,,,,,,,,,,,,
,,,,,,,,,,,,,,,,
,,,,,,,,,,,,,,,,
,,,,,,,,,,,,,,,,
,,,,,,,,,,,,,,,,
,,,,,,,,,,,,,,,,
,,,,,,,,,,,,,,,,
,,,,,,,,,,,,,,,,
,,,,,,,,,,,,,,,,
,,,,,,,,,,,,,,,,
,,,,,,,,,,,,,,,,
,,,,,,,,,,,,,,,,
,,,,,,,,,,,,,,,,
,,,,,,,,,,,,,,,,
,,,,,,,,,,,,,,,,
,,,,,,,,,,,,,,,,
,,,,,,,,,,,,,,,,
,,,,,,,,,,,,,,,,
,,,,,,,,,,,,,,,,
,,,,,,,,,,,,,,,,
,,,,,,,,,,,,,,,,
,,,,,,,,,,,,,,,,
,,,,,,,,,,,,,,,,
,,,,,,,,,,,,,,,,
,,,,,,,,,,,,,,,,
,,,,,,,,,,,,,,,,
,,,,,,,,,,,,,,,,
,,,,,,,,,,,,,,,,
,,,,,,,,,,,,,,,,
,,,,,,,,,,,,,,,,
,,,,,,,,,,,,,,,,
,,,,,,,,,,,,,,,,
,,,,,,,,,,,,,,,,
,,,,,,,,,,,,,,,,
,,,,,,,,,,,,,,,,
,,,,,,,,,,,,,,,,
,,,,,,,,,,,,,,,,
,,,,,,,,,,,,,,,,
,,,,,,,,,,,,,,,,
,,,,,,,,,,,,,,,,
,,,,,,,,,,,,,,,,
,,,,,,,,,,,,,,,,
,,,,,,,,,,,,,,,,
,,,,,,,,,,,,,,,,
,,,,,,,,,,,,,,,,
,,,,,,,,,,,,,,,,
,,,,,,,,,,,,,,,,
,,,,,,,,,,,,,,,,
,,,,,,,,,,,,,,,,
,,,,,,,,,,,,,,,,
,,,,,,,,,,,,,,,,
,,,,,,,,,,,,,,,,
,,,,,,,,,,,,,,,,
,,,,,,,,,,,,,,,,
,,,,,,,,,,,,,,,,
,,,,,,,,,,,,,,,,
,,,,,,,,,,,,,,,,
,,,,,,,,,,,,,,,,
,,,,,,,,,,,,,,,,
,,,,,,,,,,,,,,,,
,,,,,,,,,,,,,,,,
,,,,,,,,,,,,,,,,
,,,,,,,,,,,,,,,,
,,,,,,,,,,,,,,,,
,,,,,,,,,,,,,,,,
,,,,,,,,,,,,,,,,
,,,,,,,,,,,,,,,,
,,,,,,,,,,,,,,,,
,,,,,,,,,,,,,,,,
,,,,,,,,,,,,,,,,
,,,,,,,,,,,,,,,,
,,,,,,,,,,,,,,,,
,,,,,,,,,,,,,,,,
,,,,,,,,,,,,,,,,
,,,,,,,,,,,,,,,,
,,,,,,,,,,,,,,,,
,,,,,,,,,,,,,,,,
,,,,,,,,,,,,,,,,
,,,,,,,,,,,,,,,,
,,,,,,,,,,,,,,,,
,,,,,,,,,,,,,,,,
,,,,,,,,,,,,,,,,
,,,,,,,,,,,,,,,,
,,,,,,,,,,,,,,,,
,,,,,,,,,,,,,,,,
,,,,,,,,,,,,,,,,
,,,,,,,,,,,,,,,,
,,,,,,,,,,,,,,,,
,,,,,,,,,,,,,,,,
,,,,,,,,,,,,,,,,
,,,,,,,,,,,,,,,,
,,,,,,,,,,,,,,,,
,,,,,,,,,,,,,,,,
,,,,,,,,,,,,,,,,
,,,,,,,,,,,,,,,,
,,,,,,,,,,,,,,,,
,,,,,,,,,,,,,,,,
,,,,,,,,,,,,,,,,
,,,,,,,,,,,,,,,,
,,,,,,,,,,,,,,,,
,,,,,,,,,,,,,,,,
,,,,,,,,,,,,,,,,
,,,,,,,,,,,,,,,,
,,,,,,,,,,,,,,,,
,,,,,,,,,,,,,,,,
,,,,,,,,,,,,,,,,
,,,,,,,,,,,,,,,,
,,,,,,,,,,,,,,,,
,,,,,,,,,,,,,,,,
,,,,,,,,,,,,,,,,
,,,,,,,,,,,,,,,,
,,,,,,,,,,,,,,,,
,,,,,,,,,,,,,,,,
,,,,,,,,,,,,,,,,
,,,,,,,,,,,,,,,,
,,,,,,,,,,,,,,,,
,,,,,,,,,,,,,,,,
,,,,,,,,,,,,,,,,
,,,,,,,,,,,,,,,,
,,,,,,,,,,,,,,,,
,,,,,,,,,,,,,,,,
,,,,,,,,,,,,,,,,
,,,,,,,,,,,,,,,,
,,,,,,,,,,,,,,,,
,,,,,,,,,,,,,,,,
,,,,,,,,,,,,,,,,
,,,,,,,,,,,,,,,,
,,,,,,,,,,,,,,,,
,,,,,,,,,,,,,,,,
,,,,,,,,,,,,,,,,
,,,,,,,,,,,,,,,,
,,,,,,,,,,,,,,,,
,,,,,,,,,,,,,,,,
,,,,,,,,,,,,,,,,
,,,,,,,,,,,,,,,,
,,,,,,,,,,,,,,,,
,,,,,,,,,,,,,,,,
,,,,,,,,,,,,,,,,
,,,,,,,,,,,,,,,,
,,,,,,,,,,,,,,,,
,,,,,,,,,,,,,,,,
,,,,,,,,,,,,,,,,
,,,,,,,,,,,,,,,,
,,,,,,,,,,,,,,,,
,,,,,,,,,,,,,,,,
,,,,,,,,,,,,,,,,
,,,,,,,,,,,,,,,,
,,,,,,,,,,,,,,,,
,,,,,,,,,,,,,,,,
,,,,,,,,,,,,,,,,
,,,,,,,,,,,,,,,,
,,,,,,,,,,,,,,,,
,,,,,,,,,,,,,,,,
,,,,,,,,,,,,,,,,
,,,,,,,,,,,,,,,,
,,,,,,,,,,,,,,,,
,,,,,,,,,,,,,,,,
,,,,,,,,,,,,,,,,
,,,,,,,,,,,,,,,,
,,,,,,,,,,,,,,,,
,,,,,,,,,,,,,,,,
,,,,,,,,,,,,,,,,
,,,,,,,,,,,,,,,,
,,,,,,,,,,,,,,,,
,,,,,,,,,,,,,,,,
,,,,,,,,,,,,,,,,
,,,,,,,,,,,,,,,,
,,,,,,,,,,,,,,,,
,,,,,,,,,,,,,,,,
,,,,,,,,,,,,,,,,
,,,,,,,,,,,,,,,,
,,,,,,,,,,,,,,,,
,,,,,,,,,,,,,,,,
,,,,,,,,,,,,,,,,
,,,,,,,,,,,,,,,,
,,,,,,,,,,,,,,,,
,,,,,,,,,,,,,,,,
,,,,,,,,,,,,,,,,
,,,,,,,,,,,,,,,,
,,,,,,,,,,,,,,,,
,,,,,,,,,,,,,,,,
,,,,,,,,,,,,,,,,
,,,,,,,,,,,,,,,,
,,,,,,,,,,,,,,,,
,,,,,,,,,,,,,,,,
,,,,,,,,,,,,,,,,
,,,,,,,,,,,,,,,,
,,,,,,,,,,,,,,,,
,,,,,,,,,,,,,,,,
,,,,,,,,,,,,,,,,
,,,,,,,,,,,,,,,,
,,,,,,,,,,,,,,,,
,,,,,,,,,,,,,,,,
,,,,,,,,,,,,,,,,
,,,,,,,,,,,,,,,,
,,,,,,,,,,,,,,,,
,,,,,,,,,,,,,,,,
,,,,,,,,,,,,,,,,
,,,,,,,,,,,,,,,,
,,,,,,,,,,,,,,,,
,,,,,,,,,,,,,,,,
,,,,,,,,,,,,,,,,
,,,,,,,,,,,,,,,,
,,,,,,,,,,,,,,,,
,,,,,,,,,,,,,,,,
,,,,,,,,,,,,,,,,
,,,,,,,,,,,,,,,,
,,,,,,,,,,,,,,,,
,,,,,,,,,,,,,,,,
,,,,,,,,,,,,,,,,
,,,,,,,,,,,,,,,,
,,,,,,,,,,,,,,,,
,,,,,,,,,,,,,,,,
,,,,,,,,,,,,,,,,
,,,,,,,,,,,,,,,,
,,,,,,,,,,,,,,,,
,,,,,,,,,,,,,,,,
,,,,,,,,,,,,,,,,
,,,,,,,,,,,,,,,,
,,,,,,,,,,,,,,,,
,,,,,,,,,,,,,,,,
,,,,,,,,,,,,,,,,
,,,,,,,,,,,,,,,,
,,,,,,,,,,,,,,,,
,,,,,,,,,,,,,,,,
,,,,,,,,,,,,,,,,
,,,,,,,,,,,,,,,,
,,,,,,,,,,,,,,,,
,,,,,,,,,,,,,,,,
,,,,,,,,,,,,,,,,
,,,,,,,,,,,,,,,,
,,,,,,,,,,,,,,,,
,,,,,,,,,,,,,,,,
,,,,,,,,,,,,,,,,
,,,,,,,,,,,,,,,,
,,,,,,,,,,,,,,,,
,,,,,,,,,,,,,,,,
,,,,,,,,,,,,,,,,
,,,,,,,,,,,,,,,,
,,,,,,,,,,,,,,,,
,,,,,,,,,,,,,,,,
,,,,,,,,,,,,,,,,
,,,,,,,,,,,,,,,,
,,,,,,,,,,,,,,,,
,,,,,,,,,,,,,,,,
,,,,,,,,,,,,,,,,
,,,,,,,,,,,,,,,,
,,,,,,,,,,,,,,,,
,,,,,,,,,,,,,,,,
,,,,,,,,,,,,,,,,
,,,,,,,,,,,,,,,,
,,,,,,,,,,,,,,,,
,,,,,,,,,,,,,,,,
,,,,,,,,,,,,,,,,
,,,,,,,,,,,,,,,,
,,,,,,,,,,,,,,,,
,,,,,,,,,,,,,,,,
,,,,,,,,,,,,,,,,
,,,,,,,,,,,,,,,,
,,,,,,,,,,,,,,,,
,,,,,,,,,,,,,,,,
,,,,,,,,,,,,,,,,
,,,,,,,,,,,,,,,,
,,,,,,,,,,,,,,,,
,,,,,,,,,,,,,,,,
,,,,,,,,,,,,,,,,
,,,,,,,,,,,,,,,,
,,,,,,,,,,,,,,,,
,,,,,,,,,,,,,,,,
,,,,,,,,,,,,,,,,
,,,,,,,,,,,,,,,,
,,,,,,,,,,,,,,,,
,,,,,,,,,,,,,,,,
,,,,,,,,,,,,,,,,
,,,,,,,,,,,,,,,,
,,,,,,,,,,,,,,,,
,,,,,,,,,,,,,,,,
,,,,,,,,,,,,,,,,
,,,,,,,,,,,,,,,,
,,,,,,,,,,,,,,,,
,,,,,,,,,,,,,,,,
,,,,,,,,,,,,,,,,
,,,,,,,,,,,,,,,,
,,,,,,,,,,,,,,,,
,,,,,,,,,,,,,,,,
,,,,,,,,,,,,,,,,
,,,,,,,,,,,,,,,,
,,,,,,,,,,,,,,,,
,,,,,,,,,,,,,,,,
,,,,,,,,,,,,,,,,
,,,,,,,,,,,,,,,,
,,,,,,,,,,,,,,,,
,,,,,,,,,,,,,,,,
,,,,,,,,,,,,,,,,
,,,,,,,,,,,,,,,,
,,,,,,,,,,,,,,,,
,,,,,,,,,,,,,,,,
,,,,,,,,,,,,,,,,
,,,,,,,,,,,,,,,,
,,,,,,,,,,,,,,,,
,,,,,,,,,,,,,,,,
,,,,,,,,,,,,,,,,
,,,,,,,,,,,,,,,,
,,,,,,,,,,,,,,,,
,,,,,,,,,,,,,,,,
,,,,,,,,,,,,,,,,
,,,,,,,,,,,,,,,,
,,,,,,,,,,,,,,,,
,,,,,,,,,,,,,,,,
,,,,,,,,,,,,,,,,
,,,,,,,,,,,,,,,,
,,,,,,,,,,,,,,,,
,,,,,,,,,,,,,,,,
,,,,,,,,,,,,,,,,
,,,,,,,,,,,,,,,,
,,,,,,,,,,,,,,,,
,,,,,,,,,,,,,,,,
,,,,,,,,,,,,,,,,
,,,,,,,,,,,,,,,,
,,,,,,,,,,,,,,,,
,,,,,,,,,,,,,,,,
,,,,,,,,,,,,,,,,
,,,,,,,,,,,,,,,,
,,,,,,,,,,,,,,,,
,,,,,,,,,,,,,,,,
,,,,,,,,,,,,,,,,
,,,,,,,,,,,,,,,,
,,,,,,,,,,,,,,,,
,,,,,,,,,,,,,,,,
,,,,,,,,,,,,,,,,
,,,,,,,,,,,,,,,,
,,,,,,,,,,,,,,,,
,,,,,,,,,,,,,,,,
,,,,,,,,,,,,,,,,
,,,,,,,,,,,,,,,,
,,,,,,,,,,,,,,,,
,,,,,,,,,,,,,,,,
,,,,,,,,,,,,,,,,
,,,,,,,,,,,,,,,,
,,,,,,,,,,,,,,,,
,,,,,,,,,,,,,,,,
,,,,,,,,,,,,,,,,
,,,,,,,,,,,,,,,,
,,,,,,,,,,,,,,,,
,,,,,,,,,,,,,,,,
,,,,,,,,,,,,,,,,
,,,,,,,,,,,,,,,,
,,,,,,,,,,,,,,,,
,,,,,,,,,,,,,,,,
,,,,,,,,,,,,,,,,
,,,,,,,,,,,,,,,,
,,,,,,,,,,,,,,,,
,,,,,,,,,,,,,,,,
,,,,,,,,,,,,,,,,
,,,,,,,,,,,,,,,,
,,,,,,,,,,,,,,,,
,,,,,,,,,,,,,,,,
,,,,,,,,,,,,,,,,
,,,,,,,,,,,,,,,,
,,,,,,,,,,,,,,,,
,,,,,,,,,,,,,,,,
,,,,,,,,,,,,,,,,
,,,,,,,,,,,,,,,,
,,,,,,,,,,,,,,,,
,,,,,,,,,,,,,,,,
,,,,,,,,,,,,,,,,
,,,,,,,,,,,,,,,,
,,,,,,,,,,,,,,,,
,,,,,,,,,,,,,,,,
,,,,,,,,,,,,,,,,
,,,,,,,,,,,,,,,,
,,,,,,,,,,,,,,,,
,,,,,,,,,,,,,,,,
,,,,,,,,,,,,,,,,
,,,,,,,,,,,,,,,,
,,,,,,,,,,,,,,,,
,,,,,,,,,,,,,,,,
,,,,,,,,,,,,,,,,
,,,,,,,,,,,,,,,,
,,,,,,,,,,,,,,,,
,,,,,,,,,,,,,,,,
,,,,,,,,,,,,,,,,
,,,,,,,,,,,,,,,,
,,,,,,,,,,,,,,,,
,,,,,,,,,,,,,,,,
,,,,,,,,,,,,,,,,
,,,,,,,,,,,,,,,,
,,,,,,,,,,,,,,,,
,,,,,,,,,,,,,,,,
,,,,,,,,,,,,,,,,
,,,,,,,,,,,,,,,,
,,,,,,,,,,,,,,,,
,,,,,,,,,,,,,,,,
,,,,,,,,,,,,,,,,
,,,,,,,,,,,,,,,,
,,,,,,,,,,,,,,,,
,,,,,,,,,,,,,,,,
,,,,,,,,,,,,,,,,
,,,,,,,,,,,,,,,,
,,,,,,,,,,,,,,,,
,,,,,,,,,,,,,,,,
,,,,,,,,,,,,,,,,
,,,,,,,,,,,,,,,,
,,,,,,,,,,,,,,,,
,,,,,,,,,,,,,,,,
,,,,,,,,,,,,,,,,
,,,,,,,,,,,,,,,,
,,,,,,,,,,,,,,,,
,,,,,,,,,,,,,,,,
,,,,,,,,,,,,,,,,
,,,,,,,,,,,,,,,,
,,,,,,,,,,,,,,,,
,,,,,,,,,,,,,,,,
,,,,,,,,,,,,,,,,
,,,,,,,,,,,,,,,,
,,,,,,,,,,,,,,,,
,,,,,,,,,,,,,,,,
,,,,,,,,,,,,,,,,
,,,,,,,,,,,,,,,,
,,,,,,,,,,,,,,,,
,,,,,,,,,,,,,,,,
,,,,,,,,,,,,,,,,
,,,,,,,,,,,,,,,,
,,,,,,,,,,,,,,,,
,,,,,,,,,,,,,,,,
,,,,,,,,,,,,,,,,
,,,,,,,,,,,,,,,,
,,,,,,,,,,,,,,,,
,,,,,,,,,,,,,,,,
,,,,,,,,,,,,,,,,
,,,,,,,,,,,,,,,,
,,,,,,,,,,,,,,,,
,,,,,,,,,,,,,,,,
,,,,,,,,,,,,,,,,
,,,,,,,,,,,,,,,,
,,,,,,,,,,,,,,,,
,,,,,,,,,,,,,,,,
,,,,,,,,,,,,,,,,
,,,,,,,,,,,,,,,,
,,,,,,,,,,,,,,,,
,,,,,,,,,,,,,,,,
,,,,,,,,,,,,,,,,
,,,,,,,,,,,,,,,,
,,,,,,,,,,,,,,,,
,,,,,,,,,,,,,,,,
,,,,,,,,,,,,,,,,
,,,,,,,,,,,,,,,,
,,,,,,,,,,,,,,,,
,,,,,,,,,,,,,,,,
,,,,,,,,,,,,,,,,
,,,,,,,,,,,,,,,,
,,,,,,,,,,,,,,,,
,,,,,,,,,,,,,,,,
,,,,,,,,,,,,,,,,
,,,,,,,,,,,,,,,,
,,,,,,,,,,,,,,,,
,,,,,,,,,,,,,,,,
,,,,,,,,,,,,,,,,
,,,,,,,,,,,,,,,,
,,,,,,,,,,,,,,,,
,,,,,,,,,,,,,,,,
,,,,,,,,,,,,,,,,
,,,,,,,,,,,,,,,,
,,,,,,,,,,,,,,,,
,,,,,,,,,,,,,,,,
,,,,,,,,,,,,,,,,
,,,,,,,,,,,,,,,,
,,,,,,,,,,,,,,,,
,,,,,,,,,,,,,,,,
,,,,,,,,,,,,,,,,
,,,,,,,,,,,,,,,,
,,,,,,,,,,,,,,,,
,,,,,,,,,,,,,,,,
,,,,,,,,,,,,,,,,
,,,,,,,,,,,,,,,,
,,,,,,,,,,,,,,,,
,,,,,,,,,,,,,,,,
,,,,,,,,,,,,,,,,
,,,,,,,,,,,,,,,,
,,,,,,,,,,,,,,,,
,,,,,,,,,,,,,,,,
,,,,,,,,,,,,,,,,
,,,,,,,,,,,,,,,,
,,,,,,,,,,,,,,,,
,,,,,,,,,,,,,,,,
,,,,,,,,,,,,,,,,
,,,,,,,,,,,,,,,,
,,,,,,,,,,,,,,,,
,,,,,,,,,,,,,,,,
,,,,,,,,,,,,,,,,
,,,,,,,,,,,,,,,,
,,,,,,,,,,,,,,,,
,,,,,,,,,,,,,,,,
,,,,,,,,,,,,,,,,
,,,,,,,,,,,,,,,,
,,,,,,,,,,,,,,,,
,,,,,,,,,,,,,,,,
,,,,,,,,,,,,,,,,
,,,,,,,,,,,,,,,,
,,,,,,,,,,,,,,,,
,,,,,,,,,,,,,,,,
,,,,,,,,,,,,,,,,
,,,,,,,,,,,,,,,,
,,,,,,,,,,,,,,,,
,,,,,,,,,,,,,,,,
,,,,,,,,,,,,,,,,
,,,,,,,,,,,,,,,,
,,,,,,,,,,,,,,,,
,,,,,,,,,,,,,,,,
,,,,,,,,,,,,,,,,
,,,,,,,,,,,,,,,,
,,,,,,,,,,,,,,,,
,,,,,,,,,,,,,,,,
,,,,,,,,,,,,,,,,
,,,,,,,,,,,,,,,,
,,,,,,,,,,,,,,,,
,,,,,,,,,,,,,,,,
,,,,,,,,,,,,,,,,
,,,,,,,,,,,,,,,,
,,,,,,,,,,,,,,,,
,,,,,,,,,,,,,,,,
,,,,,,,,,,,,,,,,
,,,,,,,,,,,,,,,,
,,,,,,,,,,,,,,,,
,,,,,,,,,,,,,,,,
,,,,,,,,,,,,,,,,
,,,,,,,,,,,,,,,,
,,,,,,,,,,,,,,,,
,,,,,,,,,,,,,,,,
,,,,,,,,,,,,,,,,
,,,,,,,,,,,,,,,,
,,,,,,,,,,,,,,,,
,,,,,,,,,,,,,,,,
,,,,,,,,,,,,,,,,
,,,,,,,,,,,,,,,,
,,,,,,,,,,,,,,,,
,,,,,,,,,,,,,,,,
,,,,,,,,,,,,,,,,
,,,,,,,,,,,,,,,,
,,,,,,,,,,,,,,,,
,,,,,,,,,,,,,,,,
,,,,,,,,,,,,,,,,
,,,,,,,,,,,,,,,,
,,,,,,,,,,,,,,,,
,,,,,,,,,,,,,,,,
,,,,,,,,,,,,,,,,
,,,,,,,,,,,,,,,,
,,,,,,,,,,,,,,,,
,,,,,,,,,,,,,,,,
,,,,,,,,,,,,,,,,
,,,,,,,,,,,,,,,,
,,,,,,,,,,,,,,,,
,,,,,,,,,,,,,,,,
,,,,,,,,,,,,,,,,
,,,,,,,,,,,,,,,,
,,,,,,,,,,,,,,,,
,,,,,,,,,,,,,,,,
,,,,,,,,,,,,,,,,
,,,,,,,,,,,,,,,,
,,,,,,,,,,,,,,,,
,,,,,,,,,,,,,,,,
,,,,,,,,,,,,,,,,
,,,,,,,,,,,,,,,,
,,,,,,,,,,,,,,,,
,,,,,,,,,,,,,,,,
,,,,,,,,,,,,,,,,
,,,,,,,,,,,,,,,,
,,,,,,,,,,,,,,,,
,,,,,,,,,,,,,,,,
,,,,,,,,,,,,,,,,
,,,,,,,,,,,,,,,,
,,,,,,,,,,,,,,,,
,,,,,,,,,,,,,,,,
,,,,,,,,,,,,,,,,
,,,,,,,,,,,,,,,,
,,,,,,,,,,,,,,,,
,,,,,,,,,,,,,,,,
,,,,,,,,,,,,,,,,
,,,,,,,,,,,,,,,,
,,,,,,,,,,,,,,,,
,,,,,,,,,,,,,,,,
,,,,,,,,,,,,,,,,
,,,,,,,,,,,,,,,,
,,,,,,,,,,,,,,,,
,,,,,,,,,,,,,,,,
,,,,,,,,,,,,,,,,
,,,,,,,,,,,,,,,,
,,,,,,,,,,,,,,,,
,,,,,,,,,,,,,,,,
,,,,,,,,,,,,,,,,
,,,,,,,,,,,,,,,,
,,,,,,,,,,,,,,,,
,,,,,,,,,,,,,,,,
,,,,,,,,,,,,,,,,
,,,,,,,,,,,,,,,,
,,,,,,,,,,,,,,,,
,,,,,,,,,,,,,,,,
,,,,,,,,,,,,,,,,
,,,,,,,,,,,,,,,,
,,,,,,,,,,,,,,,,
,,,,,,,,,,,,,,,,
,,,,,,,,,,,,,,,,
,,,,,,,,,,,,,,,,
,,,,,,,,,,,,,,,,
,,,,,,,,,,,,,,,,
,,,,,,,,,,,,,,,,
,,,,,,,,,,,,,,,,
,,,,,,,,,,,,,,,,
,,,,,,,,,,,,,,,,
,,,,,,,,,,,,,,,,
,,,,,,,,,,,,,,,,
,,,,,,,,,,,,,,,,
,,,,,,,,,,,,,,,,
,,,,,,,,,,,,,,,,
,,,,,,,,,,,,,,,,
,,,,,,,,,,,,,,,,
,,,,,,,,,,,,,,,,
,,,,,,,,,,,,,,,,
,,,,,,,,,,,,,,,,
,,,,,,,,,,,,,,,,
,,,,,,,,,,,,,,,,
,,,,,,,,,,,,,,,,
,,,,,,,,,,,,,,,,
,,,,,,,,,,,,,,,,
,,,,,,,,,,,,,,,,
,,,,,,,,,,,,,,,,
,,,,,,,,,,,,,,,,
,,,,,,,,,,,,,,,,
,,,,,,,,,,,,,,,,
,,,,,,,,,,,,,,,,
,,,,,,,,,,,,,,,,
,,,,,,,,,,,,,,,,
,,,,,,,,,,,,,,,,
,,,,,,,,,,,,,,,,
,,,,,,,,,,,,,,,,
,,,,,,,,,,,,,,,,
,,,,,,,,,,,,,,,,
,,,,,,,,,,,,,,,,
,,,,,,,,,,,,,,,,
,,,,,,,,,,,,,,,,
,,,,,,,,,,,,,,,,
,,,,,,,,,,,,,,,,
,,,,,,,,,,,,,,,,
,,,,,,,,,,,,,,,,
,,,,,,,,,,,,,,,,
,,,,,,,,,,,,,,,,
,,,,,,,,,,,,,,,,
,,,,,,,,,,,,,,,,
,,,,,,,,,,,,,,,,
,,,,,,,,,,,,,,,,
,,,,,,,,,,,,,,,,
,,,,,,,,,,,,,,,,
,,,,,,,,,,,,,,,,
,,,,,,,,,,,,,,,,
,,,,,,,,,,,,,,,,
,,,,,,,,,,,,,,,,
,,,,,,,,,,,,,,,,
,,,,,,,,,,,,,,,,
,,,,,,,,,,,,,,,,
,,,,,,,,,,,,,,,,
,,,,,,,,,,,,,,,,
,,,,,,,,,,,,,,,,
,,,,,,,,,,,,,,,,
,,,,,,,,,,,,,,,,
,,,,,,,,,,,,,,,,
,,,,,,,,,,,,,,,,
,,,,,,,,,,,,,,,,
,,,,,,,,,,,,,,,,
,,,,,,,,,,,,,,,,
,,,,,,,,,,,,,,,,
,,,,,,,,,,,,,,,,
,,,,,,,,,,,,,,,,
,,,,,,,,,,,,,,,,
,,,,,,,,,,,,,,,,
,,,,,,,,,,,,,,,,
,,,,,,,,,,,,,,,,
,,,,,,,,,,,,,,,,
,,,,,,,,,,,,,,,,
,,,,,,,,,,,,,,,,
,,,,,,,,,,,,,,,,
,,,,,,,,,,,,,,,,
,,,,,,,,,,,,,,,,
,,,,,,,,,,,,,,,,
,,,,,,,,,,,,,,,,
,,,,,,,,,,,,,,,,
,,,,,,,,,,,,,,,,
,,,,,,,,,,,,,,,,
,,,,,,,,,,,,,,,,
,,,,,,,,,,,,,,,,
,,,,,,,,,,,,,,,,
,,,,,,,,,,,,,,,,
,,,,,,,,,,,,,,,,
,,,,,,,,,,,,,,,,
,,,,,,,,,,,,,,,,
,,,,,,,,,,,,,,,,
,,,,,,,,,,,,,,,,
,,,,,,,,,,,,,,,,
,,,,,,,,,,,,,,,,
,,,,,,,,,,,,,,,,
,,,,,,,,,,,,,,,,
,,,,,,,,,,,,,,,,
,,,,,,,,,,,,,,,,
,,,,,,,,,,,,,,,,
,,,,,,,,,,,,,,,,
,,,,,,,,,,,,,,,,
,,,,,,,,,,,,,,,,
,,,,,,,,,,,,,,,,
,,,,,,,,,,,,,,,,
,,,,,,,,,,,,,,,,
,,,,,,,,,,,,,,,,
,,,,,,,,,,,,,,,,
,,,,,,,,,,,,,,,,
,,,,,,,,,,,,,,,,
,,,,,,,,,,,,,,,,
,,,,,,,,,,,,,,,,
,,,,,,,,,,,,,,,,
,,,,,,,,,,,,,,,,
,,,,,,,,,,,,,,,,
,,,,,,,,,,,,,,,,
,,,,,,,,,,,,,,,,
,,,,,,,,,,,,,,,,
,,,,,,,,,,,,,,,,
,,,,,,,,,,,,,,,,
,,,,,,,,,,,,,,,,
,,,,,,,,,,,,,,,,
,,,,,,,,,,,,,,,,
,,,,,,,,,,,,,,,,
,,,,,,,,,,,,,,,,
,,,,,,,,,,,,,,,,
,,,,,,,,,,,,,,,,
,,,,,,,,,,,,,,,,
,,,,,,,,,,,,,,,,
,,,,,,,,,,,,,,,,
,,,,,,,,,,,,,,,,
,,,,,,,,,,,,,,,,
,,,,,,,,,,,,,,,,
,,,,,,,,,,,,,,,,
,,,,,,,,,,,,,,,,
,,,,,,,,,,,,,,,,
,,,,,,,,,,,,,,,,
,,,,,,,,,,,,,,,,
,,,,,,,,,,,,,,,,
,,,,,,,,,,,,,,,,
,,,,,,,,,,,,,,,,
,,,,,,,,,,,,,,,,
,,,,,,,,,,,,,,,,
,,,,,,,,,,,,,,,,
,,,,,,,,,,,,,,,,
,,,,,,,,,,,,,,,,
,,,,,,,,,,,,,,,,
,,,,,,,,,,,,,,,,
,,,,,,,,,,,,,,,,
,,,,,,,,,,,,,,,,
,,,,,,,,,,,,,,,,
,,,,,,,,,,,,,,,,
,,,,,,,,,,,,,,,,
,,,,,,,,,,,,,,,,
,,,,,,,,,,,,,,,,
,,,,,,,,,,,,,,,,
,,,,,,,,,,,,,,,,
,,,,,,,,,,,,,,,,
,,,,,,,,,,,,,,,,
,,,,,,,,,,,,,,,,
,,,,,,,,,,,,,,,,
,,,,,,,,,,,,,,,,
,,,,,,,,,,,,,,,,
,,,,,,,,,,,,,,,,
,,,,,,,,,,,,,,,,
,,,,,,,,,,,,,,,,
,,,,,,,,,,,,,,,,
,,,,,,,,,,,,,,,,
,,,,,,,,,,,,,,,,
,,,,,,,,,,,,,,,,
,,,,,,,,,,,,,,,,
,,,,,,,,,,,,,,,,
,,,,,,,,,,,,,,,,
,,,,,,,,,,,,,,,,
,,,,,,,,,,,,,,,,
,,,,,,,,,,,,,,,,
,,,,,,,,,,,,,,,,
,,,,,,,,,,,,,,,,
,,,,,,,,,,,,,,,,
,,,,,,,,,,,,,,,,
,,,,,,,,,,,,,,,,
,,,,,,,,,,,,,,,,
,,,,,,,,,,,,,,,,
,,,,,,,,,,,,,,,,
,,,,,,,,,,,,,,,,
,,,,,,,,,,,,,,,,
,,,,,,,,,,,,,,,,
,,,,,,,,,,,,,,,,
,,,,,,,,,,,,,,,,
,,,,,,,,,,,,,,,,
,,,,,,,,,,,,,,,,
,,,,,,,,,,,,,,,,
,,,,,,,,,,,,,,,,
,,,,,,,,,,,,,,,,
,,,,,,,,,,,,,,,,
,,,,,,,,,,,,,,,,
,,,,,,,,,,,,,,,,
,,,,,,,,,,,,,,,,
,,,,,,,,,,,,,,,,
,,,,,,,,,,,,,,,,
,,,,,,,,,,,,,,,,
,,,,,,,,,,,,,,,,
,,,,,,,,,,,,,,,,
,,,,,,,,,,,,,,,,
,,,,,,,,,,,,,,,,
,,,,,,,,,,,,,,,,
,,,,,,,,,,,,,,,,
,,,,,,,,,,,,,,,,
,,,,,,,,,,,,,,,,
,,,,,,,,,,,,,,,,
,,,,,,,,,,,,,,,,
,,,,,,,,,,,,,,,,
,,,,,,,,,,,,,,,,
,,,,,,,,,,,,,,,,
,,,,,,,,,,,,,,,,
,,,,,,,,,,,,,,,,
,,,,,,,,,,,,,,,,
,,,,,,,,,,,,,,,,
,,,,,,,,,,,,,,,,
,,,,,,,,,,,,,,,,
,,,,,,,,,,,,,,,,
,,,,,,,,,,,,,,,,
,,,,,,,,,,,,,,,,
,,,,,,,,,,,,,,,,
,,,,,,,,,,,,,,,,
,,,,,,,,,,,,,,,,
,,,,,,,,,,,,,,,,
,,,,,,,,,,,,,,,,
,,,,,,,,,,,,,,,,
,,,,,,,,,,,,,,,,
,,,,,,,,,,,,,,,,
,,,,,,,,,,,,,,,,
,,,,,,,,,,,,,,,,
,,,,,,,,,,,,,,,,
,,,,,,,,,,,,,,,,
,,,,,,,,,,,,,,,,
,,,,,,,,,,,,,,,,
,,,,,,,,,,,,,,,,
,,,,,,,,,,,,,,,,
,,,,,,,,,,,,,,,,
,,,,,,,,,,,,,,,,
,,,,,,,,,,,,,,,,
,,,,,,,,,,,,,,,,
,,,,,,,,,,,,,,,,
,,,,,,,,,,,,,,,,
,,,,,,,,,,,,,,,,
,,,,,,,,,,,,,,,,
,,,,,,,,,,,,,,,,
,,,,,,,,,,,,,,,,
,,,,,,,,,,,,,,,,
,,,,,,,,,,,,,,,,
,,,,,,,,,,,,,,,,
,,,,,,,,,,,,,,,,
,,,,,,,,,,,,,,,,
,,,,,,,,,,,,,,,,
,,,,,,,,,,,,,,,,
,,,,,,,,,,,,,,,,
,,,,,,,,,,,,,,,,
,,,,,,,,,,,,,,,,
,,,,,,,,,,,,,,,,
,,,,,,,,,,,,,,,,
,,,,,,,,,,,,,,,,
,,,,,,,,,,,,,,,,
,,,,,,,,,,,,,,,,
,,,,,,,,,,,,,,,,
,,,,,,,,,,,,,,,,
,,,,,,,,,,,,,,,,
,,,,,,,,,,,,,,,,
,,,,,,,,,,,,,,,,
,,,,,,,,,,,,,,,,
,,,,,,,,,,,,,,,,
,,,,,,,,,,,,,,,,
,,,,,,,,,,,,,,,,
,,,,,,,,,,,,,,,,
,,,,,,,,,,,,,,,,
,,,,,,,,,,,,,,,,
,,,,,,,,,,,,,,,,
,,,,,,,,,,,,,,,,
,,,,,,,,,,,,,,,,
,,,,,,,,,,,,,,,,
,,,,,,,,,,,,,,,,
,,,,,,,,,,,,,,,,
,,,,,,,,,,,,,,,,
,,,,,,,,,,,,,,,,
,,,,,,,,,,,,,,,,
,,,,,,,,,,,,,,,,
,,,,,,,,,,,,,,,,
,,,,,,,,,,,,,,,,
,,,,,,,,,,,,,,,,
,,,,,,,,,,,,,,,,
,,,,,,,,,,,,,,,,
,,,,,,,,,,,,,,,,
,,,,,,,,,,,,,,,,
,,,,,,,,,,,,,,,,
,,,,,,,,,,,,,,,,
,,,,,,,,,,,,,,,,
,,,,,,,,,,,,,,,,
,,,,,,,,,,,,,,,,
,,,,,,,,,,,,,,,,
,,,,,,,,,,,,,,,,
,,,,,,,,,,,,,,,,
,,,,,,,,,,,,,,,,
,,,,,,,,,,,,,,,,
,,,,,,,,,,,,,,,,
,,,,,,,,,,,,,,,,
,,,,,,,,,,,,,,,,
,,,,,,,,,,,,,,,,
,,,,,,,,,,,,,,,,
,,,,,,,,,,,,,,,,
,,,,,,,,,,,,,,,,
,,,,,,,,,,,,,,,,
,,,,,,,,,,,,,,,,
,,,,,,,,,,,,,,,,
,,,,,,,,,,,,,,,,
,,,,,,,,,,,,,,,,
,,,,,,,,,,,,,,,,
,,,,,,,,,,,,,,,,
,,,,,,,,,,,,,,,,
,,,,,,,,,,,,,,,,
,,,,,,,,,,,,,,,,
,,,,,,,,,,,,,,,,
,,,,,,,,,,,,,,,,
,,,,,,,,,,,,,,,,
,,,,,,,,,,,,,,,,
,,,,,,,,,,,,,,,,
,,,,,,,,,,,,,,,,
,,,,,,,,,,,,,,,,
,,,,,,,,,,,,,,,,
,,,,,,,,,,,,,,,,
,,,,,,,,,,,,,,,,
,,,,,,,,,,,,,,,,
,,,,,,,,,,,,,,,,
,,,,,,,,,,,,,,,,
,,,,,,,,,,,,,,,,
,,,,,,,,,,,,,,,,
,,,,,,,,,,,,,,,,
,,,,,,,,,,,,,,,,
,,,,,,,,,,,,,,,,
,,,,,,,,,,,,,,,,
,,,,,,,,,,,,,,,,
,,,,,,,,,,,,,,,,
,,,,,,,,,,,,,,,,
,,,,,,,,,,,,,,,,
,,,,,,,,,,,,,,,,
,,,,,,,,,,,,,,,,
,,,,,,,,,,,,,,,,
,,,,,,,,,,,,,,,,
,,,,,,,,,,,,,,,,
,,,,,,,,,,,,,,,,
,,,,,,,,,,,,,,,,
,,,,,,,,,,,,,,,,
,,,,,,,,,,,,,,,,
,,,,,,,,,,,,,,,,
,,,,,,,,,,,,,,,,
,,,,,,,,,,,,,,,,
,,,,,,,,,,,,,,,,
,,,,,,,,,,,,,,,,
,,,,,,,,,,,,,,,,
,,,,,,,,,,,,,,,,
,,,,,,,,,,,,,,,,
,,,,,,,,,,,,,,,,
,,,,,,,,,,,,,,,,
,,,,,,,,,,,,,,,,
,,,,,,,,,,,,,,,,
,,,,,,,,,,,,,,,,
,,,,,,,,,,,,,,,,
,,,,,,,,,,,,,,,,
,,,,,,,,,,,,,,,,
,,,,,,,,,,,,,,,,
,,,,,,,,,,,,,,,,
,,,,,,,,,,,,,,,,
,,,,,,,,,,,,,,,,
,,,,,,,,,,,,,,,,
,,,,,,,,,,,,,,,,
,,,,,,,,,,,,,,,,
,,,,,,,,,,,,,,,,
,,,,,,,,,,,,,,,,
,,,,,,,,,,,,,,,,
,,,,,,,,,,,,,,,,
,,,,,,,,,,,,,,,,
,,,,,,,,,,,,,,,,
,,,,,,,,,,,,,,,,
,,,,,,,,,,,,,,,,
,,,,,,,,,,,,,,,,
,,,,,,,,,,,,,,,,
,,,,,,,,,,,,,,,,
,,,,,,,,,,,,,,,,
,,,,,,,,,,,,,,,,
,,,,,,,,,,,,,,,,
,,,,,,,,,,,,,,,,
,,,,,,,,,,,,,,,,
,,,,,,,,,,,,,,,,
,,,,,,,,,,,,,,,,
,,,,,,,,,,,,,,,,
,,,,,,,,,,,,,,,,
,,,,,,,,,,,,,,,,
,,,,,,,,,,,,,,,,
,,,,,,,,,,,,,,,,
,,,,,,,,,,,,,,,,
,,,,,,,,,,,,,,,,
,,,,,,,,,,,,,,,,
,,,,,,,,,,,,,,,,
,,,,,,,,,,,,,,,,
,,,,,,,,,,,,,,,,
,,,,,,,,,,,,,,,,
,,,,,,,,,,,,,,,,
,,,,,,,,,,,,,,,,
,,,,,,,,,,,,,,,,
,,,,,,,,,,,,,,,,
,,,,,,,,,,,,,,,,
,,,,,,,,,,,,,,,,
,,,,,,,,,,,,,,,,
,,,,,,,,,,,,,,,,
,,,,,,,,,,,,,,,,
,,,,,,,,,,,,,,,,
,,,,,,,,,,,,,,,,
,,,,,,,,,,,,,,,,
,,,,,,,,,,,,,,,,
,,,,,,,,,,,,,,,,
,,,,,,,,,,,,,,,,
,,,,,,,,,,,,,,,,
,,,,,,,,,,,,,,,,
,,,,,,,,,,,,,,,,
,,,,,,,,,,,,,,,,
,,,,,,,,,,,,,,,,
,,,,,,,,,,,,,,,,
,,,,,,,,,,,,,,,,
,,,,,,,,,,,,,,,,
,,,,,,,,,,,,,,,,
,,,,,,,,,,,,,,,,
,,,,,,,,,,,,,,,,
,,,,,,,,,,,,,,,,
,,,,,,,,,,,,,,,,
,,,,,,,,,,,,,,,,
,,,,,,,,,,,,,,,,
,,,,,,,,,,,,,,,,
,,,,,,,,,,,,,,,,
,,,,,,,,,,,,,,,,
,,,,,,,,,,,,,,,,
,,,,,,,,,,,,,,,,
,,,,,,,,,,,,,,,,
,,,,,,,,,,,,,,,,
,,,,,,,,,,,,,,,,
,,,,,,,,,,,,,,,,
,,,,,,,,,,,,,,,,
,,,,,,,,,,,,,,,,
,,,,,,,,,,,,,,,,
,,,,,,,,,,,,,,,,
,,,,,,,,,,,,,,,,
,,,,,,,,,,,,,,,,
,,,,,,,,,,,,,,,,
,,,,,,,,,,,,,,,,
,,,,,,,,,,,,,,,,
,,,,,,,,,,,,,,,,
,,,,,,,,,,,,,,,,
,,,,,,,,,,,,,,,,
,,,,,,,,,,,,,,,,
,,,,,,,,,,,,,,,,
,,,,,,,,,,,,,,,,
,,,,,,,,,,,,,,,,
,,,,,,,,,,,,,,,,
,,,,,,,,,,,,,,,,
,,,,,,,,,,,,,,,,
,,,,,,,,,,,,,,,,
,,,,,,,,,,,,,,,,
,,,,,,,,,,,,,,,,
,,,,,,,,,,,,,,,,
,,,,,,,,,,,,,,,,
,,,,,,,,,,,,,,,,
,,,,,,,,,,,,,,,,
,,,,,,,,,,,,,,,,
,,,,,,,,,,,,,,,,
,,,,,,,,,,,,,,,,
,,,,,,,,,,,,,,,,
,,,,,,,,,,,,,,,,
,,,,,,,,,,,,,,,,
,,,,,,,,,,,,,,,,
,,,,,,,,,,,,,,,,
,,,,,,,,,,,,,,,,
,,,,,,,,,,,,,,,,
,,,,,,,,,,,,,,,,
,,,,,,,,,,,,,,,,
,,,,,,,,,,,,,,,,
,,,,,,,,,,,,,,,,
,,,,,,,,,,,,,,,,
,,,,,,,,,,,,,,,,
,,,,,,,,,,,,,,,,
,,,,,,,,,,,,,,,,
,,,,,,,,,,,,,,,,
,,,,,,,,,,,,,,,,
,,,,,,,,,,,,,,,,
,,,,,,,,,,,,,,,,
,,,,,,,,,,,,,,,,
,,,,,,,,,,,,,,,,
,,,,,,,,,,,,,,,,
,,,,,,,,,,,,,,,,
,,,,,,,,,,,,,,,,
,,,,,,,,,,,,,,,,
,,,,,,,,,,,,,,,,
,,,,,,,,,,,,,,,,
,,,,,,,,,,,,,,,,
,,,,,,,,,,,,,,,,
,,,,,,,,,,,,,,,,
,,,,,,,,,,,,,,,,
,,,,,,,,,,,,,,,,
,,,,,,,,,,,,,,,,
,,,,,,,,,,,,,,,,
,,,,,,,,,,,,,,,,
,,,,,,,,,,,,,,,,
,,,,,,,,,,,,,,,,
,,,,,,,,,,,,,,,,
,,,,,,,,,,,,,,,,
,,,,,,,,,,,,,,,,
,,,,,,,,,,,,,,,,
,,,,,,,,,,,,,,,,
,,,,,,,,,,,,,,,,
,,,,,,,,,,,,,,,,
,,,,,,,,,,,,,,,,
,,,,,,,,,,,,,,,,
,,,,,,,,,,,,,,,,
,,,,,,,,,,,,,,,,
,,,,,,,,,,,,,,,,
,,,,,,,,,,,,,,,,
,,,,,,,,,,,,,,,,
,,,,,,,,,,,,,,,,
,,,,,,,,,,,,,,,,
,,,,,,,,,,,,,,,,
,,,,,,,,,,,,,,,,
,,,,,,,,,,,,,,,,
,,,,,,,,,,,,,,,,
,,,,,,,,,,,,,,,,
,,,,,,,,,,,,,,,,
,,,,,,,,,,,,,,,,
,,,,,,,,,,,,,,,,
,,,,,,,,,,,,,,,,
,,,,,,,,,,,,,,,,
,,,,,,,,,,,,,,,,
,,,,,,,,,,,,,,,,
,,,,,,,,,,,,,,,,
,,,,,,,,,,,,,,,,
,,,,,,,,,,,,,,,,
,,,,,,,,,,,,,,,,
,,,,,,,,,,,,,,,,
,,,,,,,,,,,,,,,,
,,,,,,,,,,,,,,,,
,,,,,,,,,,,,,,,,
,,,,,,,,,,,,,,,,
,,,,,,,,,,,,,,,,
,,,,,,,,,,,,,,,,
,,,,,,,,,,,,,,,,
,,,,,,,,,,,,,,,,
,,,,,,,,,,,,,,,,
,,,,,,,,,,,,,,,,
,,,,,,,,,,,,,,,,
,,,,,,,,,,,,,,,,
,,,,,,,,,,,,,,,,
,,,,,,,,,,,,,,,,
,,,,,,,,,,,,,,,,
,,,,,,,,,,,,,,,,
,,,,,,,,,,,,,,,,
,,,,,,,,,,,,,,,,
,,,,,,,,,,,,,,,,
,,,,,,,,,,,,,,,,
,,,,,,,,,,,,,,,,
,,,,,,,,,,,,,,,,
,,,,,,,,,,,,,,,,
,,,,,,,,,,,,,,,,
,,,,,,,,,,,,,,,,
,,,,,,,,,,,,,,,,
,,,,,,,,,,,,,,,,
,,,,,,,,,,,,,,,,
,,,,,,,,,,,,,,,,
,,,,,,,,,,,,,,,,
,,,,,,,,,,,,,,,,
,,,,,,,,,,,,,,,,
,,,,,,,,,,,,,,,,
,,,,,,,,,,,,,,,,
,,,,,,,,,,,,,,,,
,,,,,,,,,,,,,,,,
,,,,,,,,,,,,,,,,
,,,,,,,,,,,,,,,,
,,,,,,,,,,,,,,,,
,,,,,,,,,,,,,,,,
,,,,,,,,,,,,,,,,
,,,,,,,,,,,,,,,,
,,,,,,,,,,,,,,,,
,,,,,,,,,,,,,,,,
,,,,,,,,,,,,,,,,
,,,,,,,,,,,,,,,,
,,,,,,,,,,,,,,,,
,,,,,,,,,,,,,,,,
,,,,,,,,,,,,,,,,
,,,,,,,,,,,,,,,,
,,,,,,,,,,,,,,,,
,,,,,,,,,,,,,,,,
,,,,,,,,,,,,,,,,
,,,,,,,,,,,,,,,,
,,,,,,,,,,,,,,,,
,,,,,,,,,,,,,,,,
,,,,,,,,,,,,,,,,
,,,,,,,,,,,,,,,,
,,,,,,,,,,,,,,,,
,,,,,,,,,,,,,,,,
,,,,,,,,,,,,,,,,
,,,,,,,,,,,,,,,,
,,,,,,,,,,,,,,,,
,,,,,,,,,,,,,,,,
,,,,,,,,,,,,,,,,
,,,,,,,,,,,,,,,,
,,,,,,,,,,,,,,,,
,,,,,,,,,,,,,,,,
,,,,,,,,,,,,,,,,
,,,,,,,,,,,,,,,,
,,,,,,,,,,,,,,,,
,,,,,,,,,,,,,,,,
,,,,,,,,,,,,,,,,
,,,,,,,,,,,,,,,,
,,,,,,,,,,,,,,,,
,,,,,,,,,,,,,,,,
,,,,,,,,,,,,,,,,
,,,,,,,,,,,,,,,,
,,,,,,,,,,,,,,,,
,,,,,,,,,,,,,,,,
,,,,,,,,,,,,,,,,
,,,,,,,,,,,,,,,,
,,,,,,,,,,,,,,,,
,,,,,,,,,,,,,,,,
,,,,,,,,,,,,,,,,
,,,,,,,,,,,,,,,,
,,,,,,,,,,,,,,,,
,,,,,,,,,,,,,,,,
,,,,,,,,,,,,,,,,
,,,,,,,,,,,,,,,,
,,,,,,,,,,,,,,,,
,,,,,,,,,,,,,,,,
,,,,,,,,,,,,,,,,
,,,,,,,,,,,,,,,,
,,,,,,,,,,,,,,,,
,,,,,,,,,,,,,,,,
,,,,,,,,,,,,,,,,
,,,,,,,,,,,,,,,,
,,,,,,,,,,,,,,,,
,,,,,,,,,,,,,,,,
,,,,,,,,,,,,,,,,
,,,,,,,,,,,,,,,,
,,,,,,,,,,,,,,,,
,,,,,,,,,,,,,,,,
,,,,,,,,,,,,,,,,
,,,,,,,,,,,,,,,,
,,,,,,,,,,,,,,,,
,,,,,,,,,,,,,,,,
,,,,,,,,,,,,,,,,
,,,,,,,,,,,,,,,,
,,,,,,,,,,,,,,,,
,,,,,,,,,,,,,,,,
,,,,,,,,,,,,,,,,
,,,,,,,,,,,,,,,,
,,,,,,,,,,,,,,,,
,,,,,,,,,,,,,,,,
,,,,,,,,,,,,,,,,
,,,,,,,,,,,,,,,,
,,,,,,,,,,,,,,,,
,,,,,,,,,,,,,,,,
,,,,,,,,,,,,,,,,
,,,,,,,,,,,,,,,,
,,,,,,,,,,,,,,,,
,,,,,,,,,,,,,,,,
,,,,,,,,,,,,,,,,
,,,,,,,,,,,,,,,,
,,,,,,,,,,,,,,,,
,,,,,,,,,,,,,,,,
,,,,,,,,,,,,,,,,
,,,,,,,,,,,,,,,,
,,,,,,,,,,,,,,,,
,,,,,,,,,,,,,,,,
,,,,,,,,,,,,,,,,
,,,,,,,,,,,,,,,,
,,,,,,,,,,,,,,,,
,,,,,,,,,,,,,,,,
,,,,,,,,,,,,,,,,
,,,,,,,,,,,,,,,,
,,,,,,,,,,,,,,,,
,,,,,,,,,,,,,,,,
,,,,,,,,,,,,,,,,
,,,,,,,,,,,,,,,,
,,,,,,,,,,,,,,,,
,,,,,,,,,,,,,,,,
,,,,,,,,,,,,,,,,
,,,,,,,,,,,,,,,,
,,,,,,,,,,,,,,,,
,,,,,,,,,,,,,,,,
,,,,,,,,,,,,,,,,
,,,,,,,,,,,,,,,,
,,,,,,,,,,,,,,,,
,,,,,,,,,,,,,,,,
,,,,,,,,,,,,,,,,
,,,,,,,,,,,,,,,,
,,,,,,,,,,,,,,,,
,,,,,,,,,,,,,,,,
,,,,,,,,,,,,,,,,
,,,,,,,,,,,,,,,,
,,,,,,,,,,,,,,,,
,,,,,,,,,,,,,,,,
,,,,,,,,,,,,,,,,
,,,,,,,,,,,,,,,,
,,,,,,,,,,,,,,,,
,,,,,,,,,,,,,,,,
,,,,,,,,,,,,,,,,
,,,,,,,,,,,,,,,,
,,,,,,,,,,,,,,,,
,,,,,,,,,,,,,,,,
,,,,,,,,,,,,,,,,
,,,,,,,,,,,,,,,,
,,,,,,,,,,,,,,,,
,,,,,,,,,,,,,,,,
,,,,,,,,,,,,,,,,
,,,,,,,,,,,,,,,,
,,,,,,,,,,,,,,,,
,,,,,,,,,,,,,,,,
,,,,,,,,,,,,,,,,
,,,,,,,,,,,,,,,,
,,,,,,,,,,,,,,,,
,,,,,,,,,,,,,,,,
,,,,,,,,,,,,,,,,
,,,,,,,,,,,,,,,,
,,,,,,,,,,,,,,,,
,,,,,,,,,,,,,,,,
,,,,,,,,,,,,,,,,
,,,,,,,,,,,,,,,,
,,,,,,,,,,,,,,,,
,,,,,,,,,,,,,,,,
,,,,,,,,,,,,,,,,
,,,,,,,,,,,,,,,,
,,,,,,,,,,,,,,,,
,,,,,,,,,,,,,,,,
,,,,,,,,,,,,,,,,
,,,,,,,,,,,,,,,,
,,,,,,,,,,,,,,,,
,,,,,,,,,,,,,,,,
,,,,,,,,,,,,,,,,
,,,,,,,,,,,,,,,,
,,,,,,,,,,,,,,,,
,,,,,,,,,,,,,,,,
,,,,,,,,,,,,,,,,
,,,,,,,,,,,,,,,,
,,,,,,,,,,,,,,,,
,,,,,,,,,,,,,,,,
,,,,,,,,,,,,,,,,
,,,,,,,,,,,,,,,,
,,,,,,,,,,,,,,,,
,,,,,,,,,,,,,,,,
,,,,,,,,,,,,,,,,
,,,,,,,,,,,,,,,,
,,,,,,,,,,,,,,,,
,,,,,,,,,,,,,,,,
,,,,,,,,,,,,,,,,
,,,,,,,,,,,,,,,,
,,,,,,,,,,,,,,,,
,,,,,,,,,,,,,,,,
,,,,,,,,,,,,,,,,
,,,,,,,,,,,,,,,,
,,,,,,,,,,,,,,,,
,,,,,,,,,,,,,,,,
,,,,,,,,,,,,,,,,
,,,,,,,,,,,,,,,,
,,,,,,,,,,,,,,,,
,,,,,,,,,,,,,,,,
,,,,,,,,,,,,,,,,
,,,,,,,,,,,,,,,,
,,,,,,,,,,,,,,,,
,,,,,,,,,,,,,,,,
,,,,,,,,,,,,,,,,
,,,,,,,,,,,,,,,,
,,,,,,,,,,,,,,,,
,,,,,,,,,,,,,,,,
,,,,,,,,,,,,,,,,
,,,,,,,,,,,,,,,,
,,,,,,,,,,,,,,,,
,,,,,,,,,,,,,,,,
,,,,,,,,,,,,,,,,
,,,,,,,,,,,,,,,,
,,,,,,,,,,,,,,,,
,,,,,,,,,,,,,,,,
,,,,,,,,,,,,,,,,
,,,,,,,,,,,,,,,,
,,,,,,,,,,,,,,,,
,,,,,,,,,,,,,,,,
,,,,,,,,,,,,,,,,
,,,,,,,,,,,,,,,,
,,,,,,,,,,,,,,,,
,,,,,,,,,,,,,,,,
,,,,,,,,,,,,,,,,
,,,,,,,,,,,,,,,,
,,,,,,,,,,,,,,,,
,,,,,,,,,,,,,,,,
,,,,,,,,,,,,,,,,
,,,,,,,,,,,,,,,,
,,,,,,,,,,,,,,,,
,,,,,,,,,,,,,,,,
,,,,,,,,,,,,,,,,
,,,,,,,,,,,,,,,,
,,,,,,,,,,,,,,,,
,,,,,,,,,,,,,,,,
,,,,,,,,,,,,,,,,
,,,,,,,,,,,,,,,,
,,,,,,,,,,,,,,,,
,,,,,,,,,,,,,,,,
,,,,,,,,,,,,,,,,
,,,,,,,,,,,,,,,,
,,,,,,,,,,,,,,,,
,,,,,,,,,,,,,,,,
,,,,,,,,,,,,,,,,
,,,,,,,,,,,,,,,,
,,,,,,,,,,,,,,,,
,,,,,,,,,,,,,,,,
,,,,,,,,,,,,,,,,
,,,,,,,,,,,,,,,,
,,,,,,,,,,,,,,,,
,,,,,,,,,,,,,,,,
,,,,,,,,,,,,,,,,
,,,,,,,,,,,,,,,,
,,,,,,,,,,,,,,,,
,,,,,,,,,,,,,,,,
,,,,,,,,,,,,,,,,
,,,,,,,,,,,,,,,,
,,,,,,,,,,,,,,,,
,,,,,,,,,,,,,,,,
,,,,,,,,,,,,,,,,
,,,,,,,,,,,,,,,,
,,,,,,,,,,,,,,,,
,,,,,,,,,,,,,,,,
,,,,,,,,,,,,,,,,
,,,,,,,,,,,,,,,,
,,,,,,,,,,,,,,,,
,,,,,,,,,,,,,,,,
,,,,,,,,,,,,,,,,
,,,,,,,,,,,,,,,,
,,,,,,,,,,,,,,,,
,,,,,,,,,,,,,,,,
,,,,,,,,,,,,,,,,
,,,,,,,,,,,,,,,,
,,,,,,,,,,,,,,,,
,,,,,,,,,,,,,,,,
,,,,,,,,,,,,,,,,
,,,,,,,,,,,,,,,,
,,,,,,,,,,,,,,,,
,,,,,,,,,,,,,,,,
,,,,,,,,,,,,,,,,
,,,,,,,,,,,,,,,,
,,,,,,,,,,,,,,,,
,,,,,,,,,,,,,,,,
,,,,,,,,,,,,,,,,
,,,,,,,,,,,,,,,,
,,,,,,,,,,,,,,,,
,,,,,,,,,,,,,,,,
,,,,,,,,,,,,,,,,
,,,,,,,,,,,,,,,,
,,,,,,,,,,,,,,,,
,,,,,,,,,,,,,,,,
,,,,,,,,,,,,,,,,
,,,,,,,,,,,,,,,,
,,,,,,,,,,,,,,,,
,,,,,,,,,,,,,,,,
,,,,,,,,,,,,,,,,
,,,,,,,,,,,,,,,,
,,,,,,,,,,,,,,,,
,,,,,,,,,,,,,,,,
,,,,,,,,,,,,,,,,
,,,,,,,,,,,,,,,,
,,,,,,,,,,,,,,,,
,,,,,,,,,,,,,,,,
,,,,,,,,,,,,,,,,
,,,,,,,,,,,,,,,,
,,,,,,,,,,,,,,,,
,,,,,,,,,,,,,,,,
,,,,,,,,,,,,,,,,
,,,,,,,,,,,,,,,,
,,,,,,,,,,,,,,,,
,,,,,,,,,,,,,,,,
,,,,,,,,,,,,,,,,
,,,,,,,,,,,,,,,,
,,,,,,,,,,,,,,,,
,,,,,,,,,,,,,,,,
,,,,,,,,,,,,,,,,
,,,,,,,,,,,,,,,,
,,,,,,,,,,,,,,,,
,,,,,,,,,,,,,,,,
,,,,,,,,,,,,,,,,
,,,,,,,,,,,,,,,,
,,,,,,,,,,,,,,,,
,,,,,,,,,,,,,,,,
,,,,,,,,,,,,,,,,
,,,,,,,,,,,,,,,,
,,,,,,,,,,,,,,,,
,,,,,,,,,,,,,,,,
,,,,,,,,,,,,,,,,
,,,,,,,,,,,,,,,,
,,,,,,,,,,,,,,,,
,,,,,,,,,,,,,,,,
,,,,,,,,,,,,,,,,
,,,,,,,,,,,,,,,,
,,,,,,,,,,,,,,,,
,,,,,,,,,,,,,,,,
,,,,,,,,,,,,,,,,
,,,,,,,,,,,,,,,,
,,,,,,,,,,,,,,,,
,,,,,,,,,,,,,,,,
,,,,,,,,,,,,,,,,
,,,,,,,,,,,,,,,,
,,,,,,,,,,,,,,,,
,,,,,,,,,,,,,,,,
,,,,,,,,,,,,,,,,
,,,,,,,,,,,,,,,,
,,,,,,,,,,,,,,,,
,,,,,,,,,,,,,,,,
,,,,,,,,,,,,,,,,
,,,,,,,,,,,,,,,,
,,,,,,,,,,,,,,,,
,,,,,,,,,,,,,,,,
,,,,,,,,,,,,,,,,
,,,,,,,,,,,,,,,,
,,,,,,,,,,,,,,,,
,,,,,,,,,,,,,,,,
,,,,,,,,,,,,,,,,
,,,,,,,,,,,,,,,,
,,,,,,,,,,,,,,,,
,,,,,,,,,,,,,,,,
,,,,,,,,,,,,,,,,
,,,,,,,,,,,,,,,,
,,,,,,,,,,,,,,,,
,,,,,,,,,,,,,,,,
,,,,,,,,,,,,,,,,
,,,,,,,,,,,,,,,,
,,,,,,,,,,,,,,,,
,,,,,,,,,,,,,,,,
,,,,,,,,,,,,,,,,
,,,,,,,,,,,,,,,,
,,,,,,,,,,,,,,,,
,,,,,,,,,,,,,,,,
,,,,,,,,,,,,,,,,
,,,,,,,,,,,,,,,,
,,,,,,,,,,,,,,,,
,,,,,,,,,,,,,,,,
,,,,,,,,,,,,,,,,
,,,,,,,,,,,,,,,,
,,,,,,,,,,,,,,,,
,,,,,,,,,,,,,,,,
,,,,,,,,,,,,,,,,
,,,,,,,,,,,,,,,,
,,,,,,,,,,,,,,,,
,,,,,,,,,,,,,,,,
,,,,,,,,,,,,,,,,
,,,,,,,,,,,,,,,,
,,,,,,,,,,,,,,,,
,,,,,,,,,,,,,,,,
,,,,,,,,,,,,,,,,
,,,,,,,,,,,,,,,,
,,,,,,,,,,,,,,,,
,,,,,,,,,,,,,,,,
,,,,,,,,,,,,,,,,
,,,,,,,,,,,,,,,,
,,,,,,,,,,,,,,,,
,,,,,,,,,,,,,,,,
,,,,,,,,,,,,,,,,
,,,,,,,,,,,,,,,,
,,,,,,,,,,,,,,,,
,,,,,,,,,,,,,,,,
,,,,,,,,,,,,,,,,
,,,,,,,,,,,,,,,,
,,,,,,,,,,,,,,,,
,,,,,,,,,,,,,,,,
,,,,,,,,,,,,,,,,
,,,,,,,,,,,,,,,,
,,,,,,,,,,,,,,,,
,,,,,,,,,,,,,,,,
,,,,,,,,,,,,,,,,
,,,,,,,,,,,,,,,,
,,,,,,,,,,,,,,,,
,,,,,,,,,,,,,,,,
,,,,,,,,,,,,,,,,
,,,,,,,,,,,,,,,,
,,,,,,,,,,,,,,,,
,,,,,,,,,,,,,,,,
,,,,,,,,,,,,,,,,
,,,,,,,,,,,,,,,,
,,,,,,,,,,,,,,,,
,,,,,,,,,,,,,,,,
,,,,,,,,,,,,,,,,
,,,,,,,,,,,,,,,,
,,,,,,,,,,,,,,,,
,,,,,,,,,,,,,,,,
,,,,,,,,,,,,,,,,
,,,,,,,,,,,,,,,,
,,,,,,,,,,,,,,,,
,,,,,,,,,,,,,,,,
,,,,,,,,,,,,,,,,
,,,,,,,,,,,,,,,,
,,,,,,,,,,,,,,,,
,,,,,,,,,,,,,,,,
,,,,,,,,,,,,,,,,
,,,,,,,,,,,,,,,,
,,,,,,,,,,,,,,,,
,,,,,,,,,,,,,,,,
,,,,,,,,,,,,,,,,
,,,,,,,,,,,,,,,,
,,,,,,,,,,,,,,,,
,,,,,,,,,,,,,,,,
,,,,,,,,,,,,,,,,
,,,,,,,,,,,,,,,,
,,,,,,,,,,,,,,,,
,,,,,,,,,,,,,,,,
,,,,,,,,,,,,,,,,
,,,,,,,,,,,,,,,,
,,,,,,,,,,,,,,,,
,,,,,,,,,,,,,,,,
,,,,,,,,,,,,,,,,
,,,,,,,,,,,,,,,,
,,,,,,,,,,,,,,,,
,,,,,,,,,,,,,,,,
,,,,,,,,,,,,,,,,
,,,,,,,,,,,,,,,,
,,,,,,,,,,,,,,,,
,,,,,,,,,,,,,,,,
,,,,,,,,,,,,,,,,
,,,,,,,,,,,,,,,,
,,,,,,,,,,,,,,,,
,,,,,,,,,,,,,,,,
,,,,,,,,,,,,,,,,
,,,,,,,,,,,,,,,,
,,,,,,,,,,,,,,,,
,,,,,,,,,,,,,,,,
,,,,,,,,,,,,,,,,
,,,,,,,,,,,,,,,,
,,,,,,,,,,,,,,,,
,,,,,,,,,,,,,,,,
,,,,,,,,,,,,,,,,
,,,,,,,,,,,,,,,,
,,,,,,,,,,,,,,,,
,,,,,,,,,,,,,,,,
,,,,,,,,,,,,,,,,
,,,,,,,,,,,,,,,,
,,,,,,,,,,,,,,,,
,,,,,,,,,,,,,,,,
,,,,,,,,,,,,,,,,
,,,,,,,,,,,,,,,,
,,,,,,,,,,,,,,,,
,,,,,,,,,,,,,,,,
,,,,,,,,,,,,,,,,
,,,,,,,,,,,,,,,,
,,,,,,,,,,,,,,,,
,,,,,,,,,,,,,,,,
,,,,,,,,,,,,,,,,
,,,,,,,,,,,,,,,,
,,,,,,,,,,,,,,,,
,,,,,,,,,,,,,,,,
,,,,,,,,,,,,,,,,
,,,,,,,,,,,,,,,,
,,,,,,,,,,,,,,,,
,,,,,,,,,,,,,,,,
,,,,,,,,,,,,,,,,
,,,,,,,,,,,,,,,,
,,,,,,,,,,,,,,,,
,,,,,,,,,,,,,,,,
,,,,,,,,,,,,,,,,
,,,,,,,,,,,,,,,,
,,,,,,,,,,,,,,,,
,,,,,,,,,,,,,,,,
,,,,,,,,,,,,,,,,
,,,,,,,,,,,,,,,,
,,,,,,,,,,,,,,,,
,,,,,,,,,,,,,,,,
,,,,,,,,,,,,,,,,
,,,,,,,,,,,,,,,,
,,,,,,,,,,,,,,,,
,,,,,,,,,,,,,,,,
,,,,,,,,,,,,,,,,
,,,,,,,,,,,,,,,,
,,,,,,,,,,,,,,,,
,,,,,,,,,,,,,,,,
,,,,,,,,,,,,,,,,
,,,,,,,,,,,,,,,,
,,,,,,,,,,,,,,,,
,,,,,,,,,,,,,,,,
,,,,,,,,,,,,,,,,
,,,,,,,,,,,,,,,,
,,,,,,,,,,,,,,,,
,,,,,,,,,,,,,,,,
,,,,,,,,,,,,,,,,
,,,,,,,,,,,,,,,,
,,,,,,,,,,,,,,,,
,,,,,,,,,,,,,,,,
,,,,,,,,,,,,,,,,
,,,,,,,,,,,,,,,,
,,,,,,,,,,,,,,,,
,,,,,,,,,,,,,,,,
,,,,,,,,,,,,,,,,
,,,,,,,,,,,,,,,,
,,,,,,,,,,,,,,,,
,,,,,,,,,,,,,,,,
,,,,,,,,,,,,,,,,
,,,,,,,,,,,,,,,,
,,,,,,,,,,,,,,,,
,,,,,,,,,,,,,,,,
,,,,,,,,,,,,,,,,
,,,,,,,,,,,,,,,,
,,,,,,,,,,,,,,,,
,,,,,,,,,,,,,,,,
,,,,,,,,,,,,,,,,
,,,,,,,,,,,,,,,,
,,,,,,,,,,,,,,,,
,,,,,,,,,,,,,,,,
,,,,,,,,,,,,,,,,
,,,,,,,,,,,,,,,,
,,,,,,,,,,,,,,,,
,,,,,,,,,,,,,,,,
,,,,,,,,,,,,,,,,
,,,,,,,,,,,,,,,,
,,,,,,,,,,,,,,,,
,,,,,,,,,,,,,,,,
,,,,,,,,,,,,,,,,
,,,,,,,,,,,,,,,,
,,,,,,,,,,,,,,,,
,,,,,,,,,,,,,,,,
,,,,,,,,,,,,,,,,
,,,,,,,,,,,,,,,,
,,,,,,,,,,,,,,,,
,,,,,,,,,,,,,,,,
,,,,,,,,,,,,,,,,
,,,,,,,,,,,,,,,,
,,,,,,,,,,,,,,,,
,,,,,,,,,,,,,,,,
,,,,,,,,,,,,,,,,
,,,,,,,,,,,,,,,,
,,,,,,,,,,,,,,,,
,,,,,,,,,,,,,,,,
,,,,,,,,,,,,,,,,
,,,,,,,,,,,,,,,,
,,,,,,,,,,,,,,,,
,,,,,,,,,,,,,,,,
,,,,,,,,,,,,,,,,
,,,,,,,,,,,,,,,,
,,,,,,,,,,,,,,,,
,,,,,,,,,,,,,,,,
,,,,,,,,,,,,,,,,
,,,,,,,,,,,,,,,,
,,,,,,,,,,,,,,,,
,,,,,,,,,,,,,,,,
,,,,,,,,,,,,,,,,
,,,,,,,,,,,,,,,,
,,,,,,,,,,,,,,,,
,,,,,,,,,,,,,,,,
,,,,,,,,,,,,,,,,
,,,,,,,,,,,,,,,,
,,,,,,,,,,,,,,,,
,,,,,,,,,,,,,,,,
,,,,,,,,,,,,,,,,
,,,,,,,,,,,,,,,,
,,,,,,,,,,,,,,,,
,,,,,,,,,,,,,,,,
,,,,,,,,,,,,,,,,
,,,,,,,,,,,,,,,,
,,,,,,,,,,,,,,,,
,,,,,,,,,,,,,,,,
,,,,,,,,,,,,,,,,
,,,,,,,,,,,,,,,,
,,,,,,,,,,,,,,,,
,,,,,,,,,,,,,,,,
,,,,,,,,,,,,,,,,
,,,,,,,,,,,,,,,,
,,,,,,,,,,,,,,,,
,,,,,,,,,,,,,,,,
,,,,,,,,,,,,,,,,
,,,,,,,,,,,,,,,,
,,,,,,,,,,,,,,,,
,,,,,,,,,,,,,,,,
,,,,,,,,,,,,,,,,
,,,,,,,,,,,,,,,,
,,,,,,,,,,,,,,,,
,,,,,,,,,,,,,,,,
,,,,,,,,,,,,,,,,
,,,,,,,,,,,,,,,,
,,,,,,,,,,,,,,,,
,,,,,,,,,,,,,,,,
,,,,,,,,,,,,,,,,
,,,,,,,,,,,,,,,,
,,,,,,,,,,,,,,,,
,,,,,,,,,,,,,,,,
,,,,,,,,,,,,,,,,
,,,,,,,,,,,,,,,,
,,,,,,,,,,,,,,,,
,,,,,,,,,,,,,,,,
,,,,,,,,,,,,,,,,
,,,,,,,,,,,,,,,,
,,,,,,,,,,,,,,,,
,,,,,,,,,,,,,,,,
,,,,,,,,,,,,,,,,
,,,,,,,,,,,,,,,,
,,,,,,,,,,,,,,,,
,,,,,,,,,,,,,,,,
,,,,,,,,,,,,,,,,
,,,,,,,,,,,,,,,,
,,,,,,,,,,,,,,,,
,,,,,,,,,,,,,,,,
,,,,,,,,,,,,,,,,
,,,,,,,,,,,,,,,,
,,,,,,,,,,,,,,,,
,,,,,,,,,,,,,,,,
,,,,,,,,,,,,,,,,
,,,,,,,,,,,,,,,,
,,,,,,,,,,,,,,,,
,,,,,,,,,,,,,,,,
,,,,,,,,,,,,,,,,
,,,,,,,,,,,,,,,,
,,,,,,,,,,,,,,,,
,,,,,,,,,,,,,,,,
,,,,,,,,,,,,,,,,
,,,,,,,,,,,,,,,,
,,,,,,,,,,,,,,,,
,,,,,,,,,,,,,,,,
,,,,,,,,,,,,,,,,
,,,,,,,,,,,,,,,,
,,,,,,,,,,,,,,,,
,,,,,,,,,,,,,,,,
,,,,,,,,,,,,,,,,
,,,,,,,,,,,,,,,,
,,,,,,,,,,,,,,,,
,,,,,,,,,,,,,,,,
,,,,,,,,,,,,,,,,
,,,,,,,,,,,,,,,,
,,,,,,,,,,,,,,,,
,,,,,,,,,,,,,,,,
,,,,,,,,,,,,,,,,
,,,,,,,,,,,,,,,,
,,,,,,,,,,,,,,,,
,,,,,,,,,,,,,,,,
,,,,,,,,,,,,,,,,
,,,,,,,,,,,,,,,,
,,,,,,,,,,,,,,,,
,,,,,,,,,,,,,,,,
,,,,,,,,,,,,,,,,
,,,,,,,,,,,,,,,,
,,,,,,,,,,,,,,,,
,,,,,,,,,,,,,,,,
,,,,,,,,,,,,,,,,
,,,,,,,,,,,,,,,,
,,,,,,,,,,,,,,,,
,,,,,,,,,,,,,,,,
,,,,,,,,,,,,,,,,
,,,,,,,,,,,,,,,,
,,,,,,,,,,,,,,,,
,,,,,,,,,,,,,,,,
,,,,,,,,,,,,,,,,
,,,,,,,,,,,,,,,,
,,,,,,,,,,,,,,,,
,,,,,,,,,,,,,,,,
,,,,,,,,,,,,,,,,
,,,,,,,,,,,,,,,,
,,,,,,,,,,,,,,,,
,,,,,,,,,,,,,,,,
,,,,,,,,,,,,,,,,
,,,,,,,,,,,,,,,,
,,,,,,,,,,,,,,,,
,,,,,,,,,,,,,,,,
,,,,,,,,,,,,,,,,
,,,,,,,,,,,,,,,,
,,,,,,,,,,,,,,,,
,,,,,,,,,,,,,,,,
,,,,,,,,,,,,,,,,
,,,,,,,,,,,,,,,,
,,,,,,,,,,,,,,,,
,,,,,,,,,,,,,,,,
,,,,,,,,,,,,,,,,
,,,,,,,,,,,,,,,,
,,,,,,,,,,,,,,,,
,,,,,,,,,,,,,,,,
,,,,,,,,,,,,,,,,
,,,,,,,,,,,,,,,,
,,,,,,,,,,,,,,,,
,,,,,,,,,,,,,,,,
,,,,,,,,,,,,,,,,
,,,,,,,,,,,,,,,,
,,,,,,,,,,,,,,,,
,,,,,,,,,,,,,,,,
,,,,,,,,,,,,,,,,
,,,,,,,,,,,,,,,,
,,,,,,,,,,,,,,,,
,,,,,,,,,,,,,,,,
,,,,,,,,,,,,,,,,
,,,,,,,,,,,,,,,,
,,,,,,,,,,,,,,,,
,,,,,,,,,,,,,,,,
,,,,,,,,,,,,,,,,
,,,,,,,,,,,,,,,,
,,,,,,,,,,,,,,,,
,,,,,,,,,,,,,,,,
,,,,,,,,,,,,,,,,
,,,,,,,,,,,,,,,,
,,,,,,,,,,,,,,,,
,,,,,,,,,,,,,,,,
,,,,,,,,,,,,,,,,
,,,,,,,,,,,,,,,,
,,,,,,,,,,,,,,,,
,,,,,,,,,,,,,,,,
,,,,,,,,,,,,,,,,
,,,,,,,,,,,,,,,,
,,,,,,,,,,,,,,,,
,,,,,,,,,,,,,,,,
,,,,,,,,,,,,,,,,
,,,,,,,,,,,,,,,,
,,,,,,,,,,,,,,,,
,,,,,,,,,,,,,,,,
,,,,,,,,,,,,,,,,
,,,,,,,,,,,,,,,,
,,,,,,,,,,,,,,,,
,,,,,,,,,,,,,,,,
,,,,,,,,,,,,,,,,
,,,,,,,,,,,,,,,,
,,,,,,,,,,,,,,,,
,,,,,,,,,,,,,,,,
,,,,,,,,,,,,,,,,
,,,,,,,,,,,,,,,,
,,,,,,,,,,,,,,,,
,,,,,,,,,,,,,,,,
,,,,,,,,,,,,,,,,
,,,,,,,,,,,,,,,,
,,,,,,,,,,,,,,,,
,,,,,,,,,,,,,,,,
,,,,,,,,,,,,,,,,
,,,,,,,,,,,,,,,,
,,,,,,,,,,,,,,,,
,,,,,,,,,,,,,,,,
,,,,,,,,,,,,,,,,
,,,,,,,,,,,,,,,,
,,,,,,,,,,,,,,,,
,,,,,,,,,,,,,,,,
,,,,,,,,,,,,,,,,
,,,,,,,,,,,,,,,,
,,,,,,,,,,,,,,,,
,,,,,,,,,,,,,,,,
,,,,,,,,,,,,,,,,
,,,,,,,,,,,,,,,,
,,,,,,,,,,,,,,,,
,,,,,,,,,,,,,,,,
,,,,,,,,,,,,,,,,
,,,,,,,,,,,,,,,,
,,,,,,,,,,,,,,,,
,,,,,,,,,,,,,,,,
,,,,,,,,,,,,,,,,
,,,,,,,,,,,,,,,,
,,,,,,,,,,,,,,,,
,,,,,,,,,,,,,,,,
,,,,,,,,,,,,,,,,
,,,,,,,,,,,,,,,,
,,,,,,,,,,,,,,,,
,,,,,,,,,,,,,,,,
,,,,,,,,,,,,,,,,
,,,,,,,,,,,,,,,,
,,,,,,,,,,,,,,,,
,,,,,,,,,,,,,,,,
,,,,,,,,,,,,,,,,
,,,,,,,,,,,,,,,,
,,,,,,,,,,,,,,,,
,,,,,,,,,,,,,,,,
,,,,,,,,,,,,,,,,
,,,,,,,,,,,,,,,,
,,,,,,,,,,,,,,,,
,,,,,,,,,,,,,,,,
,,,,,,,,,,,,,,,,
,,,,,,,,,,,,,,,,
,,,,,,,,,,,,,,,,
,,,,,,,,,,,,,,,,
,,,,,,,,,,,,,,,,
,,,,,,,,,,,,,,,,
,,,,,,,,,,,,,,,,
,,,,,,,,,,,,,,,,
,,,,,,,,,,,,,,,,
,,,,,,,,,,,,,,,,
,,,,,,,,,,,,,,,,
,,,,,,,,,,,,,,,,
,,,,,,,,,,,,,,,,
,,,,,,,,,,,,,,,,
,,,,,,,,,,,,,,,,
,,,,,,,,,,,,,,,,
,,,,,,,,,,,,,,,,
,,,,,,,,,,,,,,,,
,,,,,,,,,,,,,,,,
,,,,,,,,,,,,,,,,
,,,,,,,,,,,,,,,,
,,,,,,,,,,,,,,,,
,,,,,,,,,,,,,,,,
,,,,,,,,,,,,,,,,
,,,,,,,,,,,,,,,,
,,,,,,,,,,,,,,,,
,,,,,,,,,,,,,,,,
,,,,,,,,,,,,,,,,
,,,,,,,,,,,,,,,,
,,,,,,,,,,,,,,,,
,,,,,,,,,,,,,,,,
,,,,,,,,,,,,,,,,
,,,,,,,,,,,,,,,,
,,,,,,,,,,,,,,,,
,,,,,,,,,,,,,,,,
,,,,,,,,,,,,,,,,
,,,,,,,,,,,,,,,,
,,,,,,,,,,,,,,,,
,,,,,,,,,,,,,,,,
,,,,,,,,,,,,,,,,
,,,,,,,,,,,,,,,,
,,,,,,,,,,,,,,,,
,,,,,,,,,,,,,,,,
,,,,,,,,,,,,,,,,
,,,,,,,,,,,,,,,,
,,,,,,,,,,,,,,,,
,,,,,,,,,,,,,,,,
,,,,,,,,,,,,,,,,
,,,,,,,,,,,,,,,,
,,,,,,,,,,,,,,,,
,,,,,,,,,,,,,,,,
,,,,,,,,,,,,,,,,
,,,,,,,,,,,,,,,,
,,,,,,,,,,,,,,,,
,,,,,,,,,,,,,,,,
,,,,,,,,,,,,,,,,
,,,,,,,,,,,,,,,,
,,,,,,,,,,,,,,,,
,,,,,,,,,,,,,,,,
,,,,,,,,,,,,,,,,
,,,,,,,,,,,,,,,,
,,,,,,,,,,,,,,,,
,,,,,,,,,,,,,,,,
,,,,,,,,,,,,,,,,
,,,,,,,,,,,,,,,,
,,,,,,,,,,,,,,,,
,,,,,,,,,,,,,,,,
,,,,,,,,,,,,,,,,
,,,,,,,,,,,,,,,,
,,,,,,,,,,,,,,,,
,,,,,,,,,,,,,,,,
,,,,,,,,,,,,,,,,
,,,,,,,,,,,,,,,,
,,,,,,,,,,,,,,,,
,,,,,,,,,,,,,,,,
,,,,,,,,,,,,,,,,
,,,,,,,,,,,,,,,,
,,,,,,,,,,,,,,,,
,,,,,,,,,,,,,,,,
,,,,,,,,,,,,,,,,
,,,,,,,,,,,,,,,,
,,,,,,,,,,,,,,,,
,,,,,,,,,,,,,,,,
,,,,,,,,,,,,,,,,
,,,,,,,,,,,,,,,,
,,,,,,,,,,,,,,,,
,,,,,,,,,,,,,,,,
,,,,,,,,,,,,,,,,
,,,,,,,,,,,,,,,,
,,,,,,,,,,,,,,,,
,,,,,,,,,,,,,,,,
,,,,,,,,,,,,,,,,
,,,,,,,,,,,,,,,,
,,,,,,,,,,,,,,,,
,,,,,,,,,,,,,,,,
,,,,,,,,,,,,,,,,
,,,,,,,,,,,,,,,,
,,,,,,,,,,,,,,,,
,,,,,,,,,,,,,,,,
,,,,,,,,,,,,,,,,
,,,,,,,,,,,,,,,,
,,,,,,,,,,,,,,,,
,,,,,,,,,,,,,,,,
,,,,,,,,,,,,,,,,
,,,,,,,,,,,,,,,,
,,,,,,,,,,,,,,,,
,,,,,,,,,,,,,,,,
,,,,,,,,,,,,,,,,
,,,,,,,,,,,,,,,,
,,,,,,,,,,,,,,,,
,,,,,,,,,,,,,,,,
,,,,,,,,,,,,,,,,
,,,,,,,,,,,,,,,,
,,,,,,,,,,,,,,,,
,,,,,,,,,,,,,,,,
,,,,,,,,,,,,,,,,
,,,,,,,,,,,,,,,,
,,,,,,,,,,,,,,,,
,,,,,,,,,,,,,,,,
,,,,,,,,,,,,,,,,
,,,,,,,,,,,,,,,,
,,,,,,,,,,,,,,,,
,,,,,,,,,,,,,,,,
,,,,,,,,,,,,,,,,
,,,,,,,,,,,,,,,,
,,,,,,,,,,,,,,,,
,,,,,,,,,,,,,,,,
,,,,,,,,,,,,,,,,
,,,,,,,,,,,,,,,,
,,,,,,,,,,,,,,,,
,,,,,,,,,,,,,,,,
,,,,,,,,,,,,,,,,
,,,,,,,,,,,,,,,,
,,,,,,,,,,,,,,,,
,,,,,,,,,,,,,,,,
,,,,,,,,,,,,,,,,
,,,,,,,,,,,,,,,,
,,,,,,,,,,,,,,,,
,,,,,,,,,,,,,,,,
,,,,,,,,,,,,,,,,
,,,,,,,,,,,,,,,,
,,,,,,,,,,,,,,,,
,,,,,,,,,,,,,,,,
,,,,,,,,,,,,,,,,
,,,,,,,,,,,,,,,,
,,,,,,,,,,,,,,,,
,,,,,,,,,,,,,,,,
,,,,,,,,,,,,,,,,
,,,,,,,,,,,,,,,,
,,,,,,,,,,,,,,,,
,,,,,,,,,,,,,,,,
,,,,,,,,,,,,,,,,
,,,,,,,,,,,,,,,,
,,,,,,,,,,,,,,,,
,,,,,,,,,,,,,,,,
,,,,,,,,,,,,,,,,
,,,,,,,,,,,,,,,,
,,,,,,,,,,,,,,,,
,,,,,,,,,,,,,,,,
,,,,,,,,,,,,,,,,
,,,,,,,,,,,,,,,,
,,,,,,,,,,,,,,,,
,,,,,,,,,,,,,,,,
,,,,,,,,,,,,,,,,
,,,,,,,,,,,,,,,,
,,,,,,,,,,,,,,,,
,,,,,,,,,,,,,,,,
,,,,,,,,,,,,,,,,
,,,,,,,,,,,,,,,,
,,,,,,,,,,,,,,,,
,,,,,,,,,,,,,,,,
,,,,,,,,,,,,,,,,
,,,,,,,,,,,,,,,,
,,,,,,,,,,,,,,,,
,,,,,,,,,,,,,,,,
,,,,,,,,,,,,,,,,
,,,,,,,,,,,,,,,,
,,,,,,,,,,,,,,,,
,,,,,,,,,,,,,,,,
,,,,,,,,,,,,,,,,
,,,,,,,,,,,,,,,,
,,,,,,,,,,,,,,,,
,,,,,,,,,,,,,,,,
,,,,,,,,,,,,,,,,
,,,,,,,,,,,,,,,,
,,,,,,,,,,,,,,,,
,,,,,,,,,,,,,,,,
,,,,,,,,,,,,,,,,
,,,,,,,,,,,,,,,,
,,,,,,,,,,,,,,,,
,,,,,,,,,,,,,,,,
,,,,,,,,,,,,,,,,
,,,,,,,,,,,,,,,,
,,,,,,,,,,,,,,,,
,,,,,,,,,,,,,,,,
,,,,,,,,,,,,,,,,
,,,,,,,,,,,,,,,,
,,,,,,,,,,,,,,,,
,,,,,,,,,,,,,,,,
,,,,,,,,,,,,,,,,
,,,,,,,,,,,,,,,,
,,,,,,,,,,,,,,,,
,,,,,,,,,,,,,,,,
,,,,,,,,,,,,,,,,
,,,,,,,,,,,,,,,,
,,,,,,,,,,,,,,,,
,,,,,,,,,,,,,,,,
,,,,,,,,,,,,,,,,
,,,,,,,,,,,,,,,,
,,,,,,,,,,,,,,,,
,,,,,,,,,,,,,,,,
,,,,,,,,,,,,,,,,
,,,,,,,,,,,,,,,,
,,,,,,,,,,,,,,,,
,,,,,,,,,,,,,,,,
,,,,,,,,,,,,,,,,
,,,,,,,,,,,,,,,,
,,,,,,,,,,,,,,,,
,,,,,,,,,,,,,,,,
,,,,,,,,,,,,,,,,
,,,,,,,,,,,,,,,,
,,,,,,,,,,,,,,,,
,,,,,,,,,,,,,,,,
,,,,,,,,,,,,,,,,
,,,,,,,,,,,,,,,,
,,,,,,,,,,,,,,,,
,,,,,,,,,,,,,,,,
,,,,,,,,,,,,,,,,
,,,,,,,,,,,,,,,,
,,,,,,,,,,,,,,,,
,,,,,,,,,,,,,,,,
,,,,,,,,,,,,,,,,
,,,,,,,,,,,,,,,,
,,,,,,,,,,,,,,,,
,,,,,,,,,,,,,,,,
,,,,,,,,,,,,,,,,
,,,,,,,,,,,,,,,,
,,,,,,,,,,,,,,,,
,,,,,,,,,,,,,,,,
,,,,,,,,,,,,,,,,
,,,,,,,,,,,,,,,,
,,,,,,,,,,,,,,,,
,,,,,,,,,,,,,,,,
,,,,,,,,,,,,,,,,
,,,,,,,,,,,,,,,,
,,,,,,,,,,,,,,,,
,,,,,,,,,,,,,,,,
,,,,,,,,,,,,,,,,
,,,,,,,,,,,,,,,,
,,,,,,,,,,,,,,,,
,,,,,,,,,,,,,,,,
,,,,,,,,,,,,,,,,
,,,,,,,,,,,,,,,,
,,,,,,,,,,,,,,,,
,,,,,,,,,,,,,,,,
,,,,,,,,,,,,,,,,
,,,,,,,,,,,,,,,,
,,,,,,,,,,,,,,,,
,,,,,,,,,,,,,,,,
,,,,,,,,,,,,,,,,
,,,,,,,,,,,,,,,,
,,,,,,,,,,,,,,,,
,,,,,,,,,,,,,,,,
,,,,,,,,,,,,,,,,
,,,,,,,,,,,,,,,,
,,,,,,,,,,,,,,,,
,,,,,,,,,,,,,,,,
,,,,,,,,,,,,,,,,
,,,,,,,,,,,,,,,,
,,,,,,,,,,,,,,,,
,,,,,,,,,,,,,,,,
,,,,,,,,,,,,,,,,
,,,,,,,,,,,,,,,,
,,,,,,,,,,,,,,,,
,,,,,,,,,,,,,,,,
,,,,,,,,,,,,,,,,
,,,,,,,,,,,,,,,,
,,,,,,,,,,,,,,,,
,,,,,,,,,,,,,,,,
,,,,,,,,,,,,,,,,
,,,,,,,,,,,,,,,,
,,,,,,,,,,,,,,,,
,,,,,,,,,,,,,,,,
,,,,,,,,,,,,,,,,
,,,,,,,,,,,,,,,,
,,,,,,,,,,,,,,,,
,,,,,,,,,,,,,,,,
,,,,,,,,,,,,,,,,
,,,,,,,,,,,,,,,,
,,,,,,,,,,,,,,,,
,,,,,,,,,,,,,,,,
,,,,,,,,,,,,,,,,
,,,,,,,,,,,,,,,,
,,,,,,,,,,,,,,,,
,,,,,,,,,,,,,,,,
,,,,,,,,,,,,,,,,
,,,,,,,,,,,,,,,,
,,,,,,,,,,,,,,,,
,,,,,,,,,,,,,,,,
,,,,,,,,,,,,,,,,
,,,,,,,,,,,,,,,,
,,,,,,,,,,,,,,,,
,,,,,,,,,,,,,,,,
,,,,,,,,,,,,,,,,
,,,,,,,,,,,,,,,,
,,,,,,,,,,,,,,,,
,,,,,,,,,,,,,,,,
,,,,,,,,,,,,,,,,
,,,,,,,,,,,,,,,,
,,,,,,,,,,,,,,,,
,,,,,,,,,,,,,,,,
,,,,,,,,,,,,,,,,
,,,,,,,,,,,,,,,,
,,,,,,,,,,,,,,,,
,,,,,,,,,,,,,,,,
,,,,,,,,,,,,,,,,
,,,,,,,,,,,,,,,,
,,,,,,,,,,,,,,,,
,,,,,,,,,,,,,,,,
,,,,,,,,,,,,,,,,
,,,,,,,,,,,,,,,,
,,,,,,,,,,,,,,,,
,,,,,,,,,,,,,,,,
,,,,,,,,,,,,,,,,
,,,,,,,,,,,,,,,,
,,,,,,,,,,,,,,,,
,,,,,,,,,,,,,,,,
,,,,,,,,,,,,,,,,
,,,,,,,,,,,,,,,,
,,,,,,,,,,,,,,,,
,,,,,,,,,,,,,,,,
,,,,,,,,,,,,,,,,
,,,,,,,,,,,,,,,,
,,,,,,,,,,,,,,,,
,,,,,,,,,,,,,,,,
,,,,,,,,,,,,,,,,
,,,,,,,,,,,,,,,,
,,,,,,,,,,,,,,,,
,,,,,,,,,,,,,,,,
,,,,,,,,,,,,,,,,
,,,,,,,,,,,,,,,,
,,,,,,,,,,,,,,,,
,,,,,,,,,,,,,,,,
,,,,,,,,,,,,,,,,
,,,,,,,,,,,,,,,,
,,,,,,,,,,,,,,,,
,,,,,,,,,,,,,,,,
,,,,,,,,,,,,,,,,
,,,,,,,,,,,,,,,,
,,,,,,,,,,,,,,,,
,,,,,,,,,,,,,,,,
,,,,,,,,,,,,,,,,
,,,,,,,,,,,,,,,,
,,,,,,,,,,,,,,,,
,,,,,,,,,,,,,,,,
,,,,,,,,,,,,,,,,
,,,,,,,,,,,,,,,,
,,,,,,,,,,,,,,,,
,,,,,,,,,,,,,,,,
,,,,,,,,,,,,,,,,
,,,,,,,,,,,,,,,,
,,,,,,,,,,,,,,,,
,,,,,,,,,,,,,,,,
,,,,,,,,,,,,,,,,
,,,,,,,,,,,,,,,,
,,,,,,,,,,,,,,,,
,,,,,,,,,,,,,,,,
,,,,,,,,,,,,,,,,
,,,,,,,,,,,,,,,,
,,,,,,,,,,,,,,,,
,,,,,,,,,,,,,,,,
,,,,,,,,,,,,,,,,
,,,,,,,,,,,,,,,,
,,,,,,,,,,,,,,,,
,,,,,,,,,,,,,,,,
,,,,,,,,,,,,,,,,
,,,,,,,,,,,,,,,,
,,,,,,,,,,,,,,,,
,,,,,,,,,,,,,,,,
,,,,,,,,,,,,,,,,
,,,,,,,,,,,,,,,,
,,,,,,,,,,,,,,,,
,,,,,,,,,,,,,,,,
,,,,,,,,,,,,,,,,
,,,,,,,,,,,,,,,,
,,,,,,,,,,,,,,,,
,,,,,,,,,,,,,,,,
,,,,,,,,,,,,,,,,
,,,,,,,,,,,,,,,,
,,,,,,,,,,,,,,,,
,,,,,,,,,,,,,,,,
,,,,,,,,,,,,,,,,
,,,,,,,,,,,,,,,,
,,,,,,,,,,,,,,,,
,,,,,,,,,,,,,,,,
,,,,,,,,,,,,,,,,
,,,,,,,,,,,,,,,,
,,,,,,,,,,,,,,,,
,,,,,,,,,,,,,,,,
,,,,,,,,,,,,,,,,
,,,,,,,,,,,,,,,,
,,,,,,,,,,,,,,,,
,,,,,,,,,,,,,,,,
,,,,,,,,,,,,,,,,
,,,,,,,,,,,,,,,,
,,,,,,,,,,,,,,,,
,,,,,,,,,,,,,,,,
,,,,,,,,,,,,,,,,
,,,,,,,,,,,,,,,,
,,,,,,,,,,,,,,,,
,,,,,,,,,,,,,,,,
,,,,,,,,,,,,,,,,
,,,,,,,,,,,,,,,,
,,,,,,,,,,,,,,,,
,,,,,,,,,,,,,,,,
,,,,,,,,,,,,,,,,
,,,,,,,,,,,,,,,,
,,,,,,,,,,,,,,,,
,,,,,,,,,,,,,,,,
,,,,,,,,,,,,,,,,
,,,,,,,,,,,,,,,,
,,,,,,,,,,,,,,,,
,,,,,,,,,,,,,,,,
,,,,,,,,,,,,,,,,
,,,,,,,,,,,,,,,,
,,,,,,,,,,,,,,,,
,,,,,,,,,,,,,,,,
,,,,,,,,,,,,,,,,
,,,,,,,,,,,,,,,,
,,,,,,,,,,,,,,,,
,,,,,,,,,,,,,,,,
,,,,,,,,,,,,,,,,
,,,,,,,,,,,,,,,,
,,,,,,,,,,,,,,,,
,,,,,,,,,,,,,,,,
,,,,,,,,,,,,,,,,
,,,,,,,,,,,,,,,,
,,,,,,,,,,,,,,,,
,,,,,,,,,,,,,,,,
,,,,,,,,,,,,,,,,
,,,,,,,,,,,,,,,,
,,,,,,,,,,,,,,,,
,,,,,,,,,,,,,,,,
,,,,,,,,,,,,,,,,
,,,,,,,,,,,,,,,,
,,,,,,,,,,,,,,,,
,,,,,,,,,,,,,,,,
,,,,,,,,,,,,,,,,
,,,,,,,,,,,,,,,,
,,,,,,,,,,,,,,,,
,,,,,,,,,,,,,,,,
,,,,,,,,,,,,,,,,
,,,,,,,,,,,,,,,,
,,,,,,,,,,,,,,,,
,,,,,,,,,,,,,,,,
,,,,,,,,,,,,,,,,
,,,,,,,,,,,,,,,,
,,,,,,,,,,,,,,,,
,,,,,,,,,,,,,,,,
,,,,,,,,,,,,,,,,
,,,,,,,,,,,,,,,,
,,,,,,,,,,,,,,,,
,,,,,,,,,,,,,,,,
,,,,,,,,,,,,,,,,
,,,,,,,,,,,,,,,,
,,,,,,,,,,,,,,,,
,,,,,,,,,,,,,,,,
,,,,,,,,,,,,,,,,
,,,,,,,,,,,,,,,,
,,,,,,,,,,,,,,,,
,,,,,,,,,,,,,,,,
,,,,,,,,,,,,,,,,
,,,,,,,,,,,,,,,,
,,,,,,,,,,,,,,,,
,,,,,,,,,,,,,,,,
,,,,,,,,,,,,,,,,
,,,,,,,,,,,,,,,,
,,,,,,,,,,,,,,,,
,,,,,,,,,,,,,,,,
,,,,,,,,,,,,,,,,
,,,,,,,,,,,,,,,,
,,,,,,,,,,,,,,,,
,,,,,,,,,,,,,,,,
,,,,,,,,,,,,,,,,
,,,,,,,,,,,,,,,,
,,,,,,,,,,,,,,,,
,,,,,,,,,,,,,,,,
,,,,,,,,,,,,,,,,
,,,,,,,,,,,,,,,,
,,,,,,,,,,,,,,,,
,,,,,,,,,,,,,,,,
,,,,,,,,,,,,,,,,
,,,,,,,,,,,,,,,,
,,,,,,,,,,,,,,,,
,,,,,,,,,,,,,,,,
,,,,,,,,,,,,,,,,
,,,,,,,,,,,,,,,,
,,,,,,,,,,,,,,,,
,,,,,,,,,,,,,,,,
,,,,,,,,,,,,,,,,
,,,,,,,,,,,,,,,,
,,,,,,,,,,,,,,,,
,,,,,,,,,,,,,,,,
,,,,,,,,,,,,,,,,
,,,,,,,,,,,,,,,,
,,,,,,,,,,,,,,,,
,,,,,,,,,,,,,,,,
,,,,,,,,,,,,,,,,
,,,,,,,,,,,,,,,,
,,,,,,,,,,,,,,,,
,,,,,,,,,,,,,,,,
,,,,,,,,,,,,,,,,
,,,,,,,,,,,,,,,,
,,,,,,,,,,,,,,,,
,,,,,,,,,,,,,,,,
,,,,,,,,,,,,,,,,
,,,,,,,,,,,,,,,,
,,,,,,,,,,,,,,,,
,,,,,,,,,,,,,,,,
,,,,,,,,,,,,,,,,
,,,,,,,,,,,,,,,,
,,,,,,,,,,,,,,,,
,,,,,,,,,,,,,,,,
,,,,,,,,,,,,,,,,
,,,,,,,,,,,,,,,,
,,,,,,,,,,,,,,,,
,,,,,,,,,,,,,,,,
,,,,,,,,,,,,,,,,
,,,,,,,,,,,,,,,,
,,,,,,,,,,,,,,,,
,,,,,,,,,,,,,,,,
,,,,,,,,,,,,,,,,
,,,,,,,,,,,,,,,,
,,,,,,,,,,,,,,,,
,,,,,,,,,,,,,,,,
,,,,,,,,,,,,,,,,
,,,,,,,,,,,,,,,,
,,,,,,,,,,,,,,,,
,,,,,,,,,,,,,,,,
,,,,,,,,,,,,,,,,
,,,,,,,,,,,,,,,,
,,,,,,,,,,,,,,,,
,,,,,,,,,,,,,,,,
,,,,,,,,,,,,,,,,
,,,,,,,,,,,,,,,,
,,,,,,,,,,,,,,,,
,,,,,,,,,,,,,,,,
,,,,,,,,,,,,,,,,
,,,,,,,,,,,,,,,,
,,,,,,,,,,,,,,,,
,,,,,,,,,,,,,,,,
,,,,,,,,,,,,,,,,
,,,,,,,,,,,,,,,,
,,,,,,,,,,,,,,,,
,,,,,,,,,,,,,,,,
,,,,,,,,,,,,,,,,
,,,,,,,,,,,,,,,,
,,,,,,,,,,,,,,,,
,,,,,,,,,,,,,,,,
,,,,,,,,,,,,,,,,
,,,,,,,,,,,,,,,,
,,,,,,,,,,,,,,,,
,,,,,,,,,,,,,,,,
,,,,,,,,,,,,,,,,
,,,,,,,,,,,,,,,,
,,,,,,,,,,,,,,,,
,,,,,,,,,,,,,,,,
,,,,,,,,,,,,,,,,
,,,,,,,,,,,,,,,,
,,,,,,,,,,,,,,,,
,,,,,,,,,,,,,,,,
,,,,,,,,,,,,,,,,
,,,,,,,,,,,,,,,,
,,,,,,,,,,,,,,,,
,,,,,,,,,,,,,,,,
,,,,,,,,,,,,,,,,
,,,,,,,,,,,,,,,,
,,,,,,,,,,,,,,,,
,,,,,,,,,,,,,,,,
,,,,,,,,,,,,,,,,
,,,,,,,,,,,,,,,,
,,,,,,,,,,,,,,,,
,,,,,,,,,,,,,,,,
,,,,,,,,,,,,,,,,
,,,,,,,,,,,,,,,,
,,,,,,,,,,,,,,,,
,,,,,,,,,,,,,,,,
,,,,,,,,,,,,,,,,
,,,,,,,,,,,,,,,,
,,,,,,,,,,,,,,,,
,,,,,,,,,,,,,,,,
,,,,,,,,,,,,,,,,
,,,,,,,,,,,,,,,,
,,,,,,,,,,,,,,,,
,,,,,,,,,,,,,,,,
,,,,,,,,,,,,,,,,
,,,,,,,,,,,,,,,,
,,,,,,,,,,,,,,,,
,,,,,,,,,,,,,,,,
,,,,,,,,,,,,,,,,
,,,,,,,,,,,,,,,,
,,,,,,,,,,,,,,,,
,,,,,,,,,,,,,,,,
,,,,,,,,,,,,,,,,
,,,,,,,,,,,,,,,,
,,,,,,,,,,,,,,,,
,,,,,,,,,,,,,,,,
,,,,,,,,,,,,,,,,
,,,,,,,,,,,,,,,,
,,,,,,,,,,,,,,,,
,,,,,,,,,,,,,,,,
,,,,,,,,,,,,,,,,
,,,,,,,,,,,,,,,,
,,,,,,,,,,,,,,,,
,,,,,,,,,,,,,,,,
,,,,,,,,,,,,,,,,
,,,,,,,,,,,,,,,,
,,,,,,,,,,,,,,,,
,,,,,,,,,,,,,,,,
,,,,,,,,,,,,,,,,
,,,,,,,,,,,,,,,,
,,,,,,,,,,,,,,,,
,,,,,,,,,,,,,,,,
,,,,,,,,,,,,,,,,
,,,,,,,,,,,,,,,,
,,,,,,,,,,,,,,,,
,,,,,,,,,,,,,,,,
,,,,,,,,,,,,,,,,
,,,,,,,,,,,,,,,,
,,,,,,,,,,,,,,,,
,,,,,,,,,,,,,,,,
,,,,,,,,,,,,,,,,
,,,,,,,,,,,,,,,,
,,,,,,,,,,,,,,,,
,,,,,,,,,,,,,,,,
,,,,,,,,,,,,,,,,
,,,,,,,,,,,,,,,,
,,,,,,,,,,,,,,,,
,,,,,,,,,,,,,,,,
,,,,,,,,,,,,,,,,
,,,,,,,,,,,,,,,,
,,,,,,,,,,,,,,,,
,,,,,,,,,,,,,,,,
,,,,,,,,,,,,,,,,
,,,,,,,,,,,,,,,,
,,,,,,,,,,,,,,,,
,,,,,,,,,,,,,,,,
,,,,,,,,,,,,,,,,
,,,,,,,,,,,,,,,,
,,,,,,,,,,,,,,,,
,,,,,,,,,,,,,,,,
,,,,,,,,,,,,,,,,
,,,,,,,,,,,,,,,,
,,,,,,,,,,,,,,,,
,,,,,,,,,,,,,,,,
,,,,,,,,,,,,,,,,
,,,,,,,,,,,,,,,,
,,,,,,,,,,,,,,,,
,,,,,,,,,,,,,,,,
,,,,,,,,,,,,,,,,
,,,,,,,,,,,,,,,,
,,,,,,,,,,,,,,,,
,,,,,,,,,,,,,,,,
,,,,,,,,,,,,,,,,
,,,,,,,,,,,,,,,,
,,,,,,,,,,,,,,,,
,,,,,,,,,,,,,,,,
,,,,,,,,,,,,,,,,
,,,,,,,,,,,,,,,,
,,,,,,,,,,,,,,,,
,,,,,,,,,,,,,,,,
,,,,,,,,,,,,,,,,
,,,,,,,,,,,,,,,,
,,,,,,,,,,,,,,,,
,,,,,,,,,,,,,,,,
,,,,,,,,,,,,,,,,
,,,,,,,,,,,,,,,,
,,,,,,,,,,,,,,,,
,,,,,,,,,,,,,,,,
,,,,,,,,,,,,,,,,
,,,,,,,,,,,,,,,,
,,,,,,,,,,,,,,,,
,,,,,,,,,,,,,,,,
,,,,,,,,,,,,,,,,
,,,,,,,,,,,,,,,,
,,,,,,,,,,,,,,,,
,,,,,,,,,,,,,,,,
,,,,,,,,,,,,,,,,
,,,,,,,,,,,,,,,,
,,,,,,,,,,,,,,,,
,,,,,,,,,,,,,,,,
,,,,,,,,,,,,,,,,
,,,,,,,,,,,,,,,,
,,,,,,,,,,,,,,,,
,,,,,,,,,,,,,,,,
,,,,,,,,,,,,,,,,
,,,,,,,,,,,,,,,,
,,,,,,,,,,,,,,,,
,,,,,,,,,,,,,,,,
,,,,,,,,,,,,,,,,
,,,,,,,,,,,,,,,,
,,,,,,,,,,,,,,,,
,,,,,,,,,,,,,,,,
,,,,,,,,,,,,,,,,
,,,,,,,,,,,,,,,,
,,,,,,,,,,,,,,,,
,,,,,,,,,,,,,,,,
,,,,,,,,,,,,,,,,
,,,,,,,,,,,,,,,,
,,,,,,,,,,,,,,,,
,,,,,,,,,,,,,,,,
,,,,,,,,,,,,,,,,
,,,,,,,,,,,,,,,,
,,,,,,,,,,,,,,,,
,,,,,,,,,,,,,,,,
,,,,,,,,,,,,,,,,
,,,,,,,,,,,,,,,,
,,,,,,,,,,,,,,,,
,,,,,,,,,,,,,,,,
,,,,,,,,,,,,,,,,
,,,,,,,,,,,,,,,,
,,,,,,,,,,,,,,,,
,,,,,,,,,,,,,,,,
,,,,,,,,,,,,,,,,
,,,,,,,,,,,,,,,,
,,,,,,,,,,,,,,,,
,,,,,,,,,,,,,,,,
,,,,,,,,,,,,,,,,
,,,,,,,,,,,,,,,,
,,,,,,,,,,,,,,,,
,,,,,,,,,,,,,,,,
,,,,,,,,,,,,,,,,
,,,,,,,,,,,,,,,,
,,,,,,,,,,,,,,,,
,,,,,,,,,,,,,,,,
,,,,,,,,,,,,,,,,
,,,,,,,,,,,,,,,,
,,,,,,,,,,,,,,,,
,,,,,,,,,,,,,,,,
,,,,,,,,,,,,,,,,
,,,,,,,,,,,,,,,,
,,,,,,,,,,,,,,,,
,,,,,,,,,,,,,,,,
,,,,,,,,,,,,,,,,
,,,,,,,,,,,,,,,,
,,,,,,,,,,,,,,,,
,,,,,,,,,,,,,,,,
,,,,,,,,,,,,,,,,
,,,,,,,,,,,,,,,,
,,,,,,,,,,,,,,,,
,,,,,,,,,,,,,,,,
,,,,,,,,,,,,,,,,
,,,,,,,,,,,,,,,,
,,,,,,,,,,,,,,,,
,,,,,,,,,,,,,,,,
,,,,,,,,,,,,,,,,
,,,,,,,,,,,,,,,,
,,,,,,,,,,,,,,,,
,,,,,,,,,,,,,,,,
,,,,,,,,,,,,,,,,
,,,,,,,,,,,,,,,,
,,,,,,,,,,,,,,,,
,,,,,,,,,,,,,,,,
,,,,,,,,,,,,,,,,
,,,,,,,,,,,,,,,,
,,,,,,,,,,,,,,,,
,,,,,,,,,,,,,,,,
,,,,,,,,,,,,,,,,
,,,,,,,,,,,,,,,,
,,,,,,,,,,,,,,,,
,,,,,,,,,,,,,,,,
,,,,,,,,,,,,,,,,
,,,,,,,,,,,,,,,,
,,,,,,,,,,,,,,,,
,,,,,,,,,,,,,,,,
,,,,,,,,,,,,,,,,
,,,,,,,,,,,,,,,,
,,,,,,,,,,,,,,,,
,,,,,,,,,,,,,,,,
,,,,,,,,,,,,,,,,
,,,,,,,,,,,,,,,,
,,,,,,,,,,,,,,,,
,,,,,,,,,,,,,,,,
,,,,,,,,,,,,,,,,
,,,,,,,,,,,,,,,,
,,,,,,,,,,,,,,,,
,,,,,,,,,,,,,,,,
,,,,,,,,,,,,,,,,
,,,,,,,,,,,,,,,,
,,,,,,,,,,,,,,,,
,,,,,,,,,,,,,,,,
,,,,,,,,,,,,,,,,
,,,,,,,,,,,,,,,,
,,,,,,,,,,,,,,,,
,,,,,,,,,,,,,,,,
,,,,,,,,,,,,,,,,
,,,,,,,,,,,,,,,,
,,,,,,,,,,,,,,,,
,,,,,,,,,,,,,,,,
,,,,,,,,,,,,,,,,
,,,,,,,,,,,,,,,,
,,,,,,,,,,,,,,,,
,,,,,,,,,,,,,,,,
,,,,,,,,,,,,,,,,
,,,,,,,,,,,,,,,,
,,,,,,,,,,,,,,,,
,,,,,,,,,,,,,,,,
,,,,,,,,,,,,,,,,
,,,,,,,,,,,,,,,,
,,,,,,,,,,,,,,,,
,,,,,,,,,,,,,,,,
,,,,,,,,,,,,,,,,
,,,,,,,,,,,,,,,,
,,,,,,,,,,,,,,,,
,,,,,,,,,,,,,,,,
,,,,,,,,,,,,,,,,
,,,,,,,,,,,,,,,,
,,,,,,,,,,,,,,,,
,,,,,,,,,,,,,,,,
,,,,,,,,,,,,,,,,
,,,,,,,,,,,,,,,,
,,,,,,,,,,,,,,,,
,,,,,,,,,,,,,,,,
,,,,,,,,,,,,,,,,
,,,,,,,,,,,,,,,,
,,,,,,,,,,,,,,,,
,,,,,,,,,,,,,,,,
,,,,,,,,,,,,,,,,
,,,,,,,,,,,,,,,,
,,,,,,,,,,,,,,,,
,,,,,,,,,,,,,,,,
,,,,,,,,,,,,,,,,
,,,,,,,,,,,,,,,,
,,,,,,,,,,,,,,,,
,,,,,,,,,,,,,,,,
,,,,,,,,,,,,,,,,
,,,,,,,,,,,,,,,,
,,,,,,,,,,,,,,,,
,,,,,,,,,,,,,,,,
,,,,,,,,,,,,,,,,
,,,,,,,,,,,,,,,,
,,,,,,,,,,,,,,,,
,,,,,,,,,,,,,,,,
,,,,,,,,,,,,,,,,
,,,,,,,,,,,,,,,,
,,,,,,,,,,,,,,,,
,,,,,,,,,,,,,,,,
,,,,,,,,,,,,,,,,
,,,,,,,,,,,,,,,,
,,,,,,,,,,,,,,,,
,,,,,,,,,,,,,,,,
,,,,,,,,,,,,,,,,
,,,,,,,,,,,,,,,,
,,,,,,,,,,,,,,,,
,,,,,,,,,,,,,,,,
,,,,,,,,,,,,,,,,
,,,,,,,,,,,,,,,,
,,,,,,,,,,,,,,,,
,,,,,,,,,,,,,,,,
,,,,,,,,,,,,,,,,
,,,,,,,,,,,,,,,,
,,,,,,,,,,,,,,,,
,,,,,,,,,,,,,,,,
,,,,,,,,,,,,,,,,
,,,,,,,,,,,,,,,,
,,,,,,,,,,,,,,,,
,,,,,,,,,,,,,,,,
,,,,,,,,,,,,,,,,
,,,,,,,,,,,,,,,,
,,,,,,,,,,,,,,,,
,,,,,,,,,,,,,,,,
,,,,,,,,,,,,,,,,
,,,,,,,,,,,,,,,,
,,,,,,,,,,,,,,,,
,,,,,,,,,,,,,,,,
,,,,,,,,,,,,,,,,
,,,,,,,,,,,,,,,,
,,,,,,,,,,,,,,,,
,,,,,,,,,,,,,,,,
,,,,,,,,,,,,,,,,
,,,,,,,,,,,,,,,,
,,,,,,,,,,,,,,,,
,,,,,,,,,,,,,,,,
,,,,,,,,,,,,,,,,
,,,,,,,,,,,,,,,,
,,,,,,,,,,,,,,,,
,,,,,,,,,,,,,,,,
,,,,,,,,,,,,,,,,
,,,,,,,,,,,,,,,,
,,,,,,,,,,,,,,,,
,,,,,,,,,,,,,,,,
,,,,,,,,,,,,,,,,
,,,,,,,,,,,,,,,,
,,,,,,,,,,,,,,,,
,,,,,,,,,,,,,,,,
,,,,,,,,,,,,,,,,
,,,,,,,,,,,,,,,,
,,,,,,,,,,,,,,,,
,,,,,,,,,,,,,,,,
,,,,,,,,,,,,,,,,
,,,,,,,,,,,,,,,,
,,,,,,,,,,,,,,,,
,,,,,,,,,,,,,,,,
,,,,,,,,,,,,,,,,
,,,,,,,,,,,,,,,,
,,,,,,,,,,,,,,,,
,,,,,,,,,,,,,,,,
,,,,,,,,,,,,,,,,
,,,,,,,,,,,,,,,,
,,,,,,,,,,,,,,,,
,,,,,,,,,,,,,,,,
,,,,,,,,,,,,,,,,
,,,,,,,,,,,,,,,,
,,,,,,,,,,,,,,,,
,,,,,,,,,,,,,,,,
,,,,,,,,,,,,,,,,
,,,,,,,,,,,,,,,,
,,,,,,,,,,,,,,,,
,,,,,,,,,,,,,,,,
,,,,,,,,,,,,,,,,
,,,,,,,,,,,,,,,,
,,,,,,,,,,,,,,,,
,,,,,,,,,,,,,,,,
,,,,,,,,,,,,,,,,
,,,,,,,,,,,,,,,,
,,,,,,,,,,,,,,,,
,,,,,,,,,,,,,,,,
,,,,,,,,,,,,,,,,
,,,,,,,,,,,,,,,,
,,,,,,,,,,,,,,,,
,,,,,,,,,,,,,,,,
,,,,,,,,,,,,,,,,
,,,,,,,,,,,,,,,,
,,,,,,,,,,,,,,,,
,,,,,,,,,,,,,,,,
,,,,,,,,,,,,,,,,
,,,,,,,,,,,,,,,,
,,,,,,,,,,,,,,,,
,,,,,,,,,,,,,,,,
,,,,,,,,,,,,,,,,
,,,,,,,,,,,,,,,,
,,,,,,,,,,,,,,,,
,,,,,,,,,,,,,,,,
,,,,,,,,,,,,,,,,
,,,,,,,,,,,,,,,,
,,,,,,,,,,,,,,,,
,,,,,,,,,,,,,,,,
,,,,,,,,,,,,,,,,
,,,,,,,,,,,,,,,,
,,,,,,,,,,,,,,,,
,,,,,,,,,,,,,,,,
,,,,,,,,,,,,,,,,
,,,,,,,,,,,,,,,,
,,,,,,,,,,,,,,,,
,,,,,,,,,,,,,,,,
,,,,,,,,,,,,,,,,
,,,,,,,,,,,,,,,,
,,,,,,,,,,,,,,,,
,,,,,,,,,,,,,,,,
,,,,,,,,,,,,,,,,
,,,,,,,,,,,,,,,,
,,,,,,,,,,,,,,,,
,,,,,,,,,,,,,,,,
,,,,,,,,,,,,,,,,
,,,,,,,,,,,,,,,,
,,,,,,,,,,,,,,,,
,,,,,,,,,,,,,,,,
,,,,,,,,,,,,,,,,
,,,,,,,,,,,,,,,,
,,,,,,,,,,,,,,,,
,,,,,,,,,,,,,,,,
,,,,,,,,,,,,,,,,
,,,,,,,,,,,,,,,,
,,,,,,,,,,,,,,,,
,,,,,,,,,,,,,,,,
,,,,,,,,,,,,,,,,
,,,,,,,,,,,,,,,,
,,,,,,,,,,,,,,,,
,,,,,,,,,,,,,,,,
,,,,,,,,,,,,,,,,
,,,,,,,,,,,,,,,,
,,,,,,,,,,,,,,,,
,,,,,,,,,,,,,,,,
,,,,,,,,,,,,,,,,
,,,,,,,,,,,,,,,,
,,,,,,,,,,,,,,,,
,,,,,,,,,,,,,,,,
,,,,,,,,,,,,,,,,
,,,,,,,,,,,,,,,,
,,,,,,,,,,,,,,,,
,,,,,,,,,,,,,,,,
,,,,,,,,,,,,,,,,
,,,,,,,,,,,,,,,,
,,,,,,,,,,,,,,,,
,,,,,,,,,,,,,,,,
,,,,,,,,,,,,,,,,
,,,,,,,,,,,,,,,,
,,,,,,,,,,,,,,,,
,,,,,,,,,,,,,,,,
,,,,,,,,,,,,,,,,
,,,,,,,,,,,,,,,,
,,,,,,,,,,,,,,,,
,,,,,,,,,,,,,,,,
,,,,,,,,,,,,,,,,
,,,,,,,,,,,,,,,,
,,,,,,,,,,,,,,,,
,,,,,,,,,,,,,,,,
,,,,,,,,,,,,,,,,
,,,,,,,,,,,,,,,,
,,,,,,,,,,,,,,,,
,,,,,,,,,,,,,,,,
,,,,,,,,,,,,,,,,
,,,,,,,,,,,,,,,,
,,,,,,,,,,,,,,,,
,,,,,,,,,,,,,,,,
,,,,,,,,,,,,,,,,
,,,,,,,,,,,,,,,,
,,,,,,,,,,,,,,,,
,,,,,,,,,,,,,,,,
,,,,,,,,,,,,,,,,
,,,,,,,,,,,,,,,,
,,,,,,,,,,,,,,,,
,,,,,,,,,,,,,,,,
,,,,,,,,,,,,,,,,
,,,,,,,,,,,,,,,,
,,,,,,,,,,,,,,,,
,,,,,,,,,,,,,,,,
,,,,,,,,,,,,,,,,
,,,,,,,,,,,,,,,,
,,,,,,,,,,,,,,,,
,,,,,,,,,,,,,,,,
,,,,,,,,,,,,,,,,
,,,,,,,,,,,,,,,,
,,,,,,,,,,,,,,,,
,,,,,,,,,,,,,,,,
,,,,,,,,,,,,,,,,
,,,,,,,,,,,,,,,,
,,,,,,,,,,,,,,,,
,,,,,,,,,,,,,,,,
,,,,,,,,,,,,,,,,
,,,,,,,,,,,,,,,,
,,,,,,,,,,,,,,,,
,,,,,,,,,,,,,,,,
,,,,,,,,,,,,,,,,
,,,,,,,,,,,,,,,,
,,,,,,,,,,,,,,,,
,,,,,,,,,,,,,,,,
,,,,,,,,,,,,,,,,
,,,,,,,,,,,,,,,,
,,,,,,,,,,,,,,,,
,,,,,,,,,,,,,,,,
,,,,,,,,,,,,,,,,
,,,,,,,,,,,,,,,,
,,,,,,,,,,,,,,,,
,,,,,,,,,,,,,,,,
,,,,,,,,,,,,,,,,
,,,,,,,,,,,,,,,,
,,,,,,,,,,,,,,,,
,,,,,,,,,,,,,,,,
,,,,,,,,,,,,,,,,
,,,,,,,,,,,,,,,,
,,,,,,,,,,,,,,,,
,,,,,,,,,,,,,,,,
,,,,,,,,,,,,,,,,
,,,,,,,,,,,,,,,,
,,,,,,,,,,,,,,,,
,,,,,,,,,,,,,,,,
,,,,,,,,,,,,,,,,
,,,,,,,,,,,,,,,,
,,,,,,,,,,,,,,,,
,,,,,,,,,,,,,,,,
,,,,,,,,,,,,,,,,
,,,,,,,,,,,,,,,,
,,,,,,,,,,,,,,,,
,,,,,,,,,,,,,,,,
,,,,,,,,,,,,,,,,
,,,,,,,,,,,,,,,,
,,,,,,,,,,,,,,,,
,,,,,,,,,,,,,,,,
,,,,,,,,,,,,,,,,
,,,,,,,,,,,,,,,,
,,,,,,,,,,,,,,,,
,,,,,,,,,,,,,,,,
,,,,,,,,,,,,,,,,
,,,,,,,,,,,,,,,,
,,,,,,,,,,,,,,,,
,,,,,,,,,,,,,,,,
,,,,,,,,,,,,,,,,
,,,,,,,,,,,,,,,,
,,,,,,,,,,,,,,,,
,,,,,,,,,,,,,,,,
,,,,,,,,,,,,,,,,
,,,,,,,,,,,,,,,,
,,,,,,,,,,,,,,,,
,,,,,,,,,,,,,,,,
,,,,,,,,,,,,,,,,
,,,,,,,,,,,,,,,,
,,,,,,,,,,,,,,,,
,,,,,,,,,,,,,,,,
,,,,,,,,,,,,,,,,
,,,,,,,,,,,,,,,,
,,,,,,,,,,,,,,,,
,,,,,,,,,,,,,,,,
,,,,,,,,,,,,,,,,
,,,,,,,,,,,,,,,,
,,,,,,,,,,,,,,,,
,,,,,,,,,,,,,,,,
,,,,,,,,,,,,,,,,
,,,,,,,,,,,,,,,,
,,,,,,,,,,,,,,,,
,,,,,,,,,,,,,,,,
,,,,,,,,,,,,,,,,
,,,,,,,,,,,,,,,,
,,,,,,,,,,,,,,,,
,,,,,,,,,,,,,,,,
,,,,,,,,,,,,,,,,
,,,,,,,,,,,,,,,,
,,,,,,,,,,,,,,,,
,,,,,,,,,,,,,,,,
,,,,,,,,,,,,,,,,
,,,,,,,,,,,,,,,,
,,,,,,,,,,,,,,,,
,,,,,,,,,,,,,,,,
,,,,,,,,,,,,,,,,
,,,,,,,,,,,,,,,,
,,,,,,,,,,,,,,,,
,,,,,,,,,,,,,,,,
,,,,,,,,,,,,,,,,
,,,,,,,,,,,,,,,,
,,,,,,,,,,,,,,,,
,,,,,,,,,,,,,,,,
,,,,,,,,,,,,,,,,
,,,,,,,,,,,,,,,,
,,,,,,,,,,,,,,,,
,,,,,,,,,,,,,,,,
,,,,,,,,,,,,,,,,
,,,,,,,,,,,,,,,,
,,,,,,,,,,,,,,,,
,,,,,,,,,,,,,,,,
,,,,,,,,,,,,,,,,
,,,,,,,,,,,,,,,,
,,,,,,,,,,,,,,,,
,,,,,,,,,,,,,,,,
,,,,,,,,,,,,,,,,
,,,,,,,,,,,,,,,,
,,,,,,,,,,,,,,,,
,,,,,,,,,,,,,,,,
,,,,,,,,,,,,,,,,
,,,,,,,,,,,,,,,,
,,,,,,,,,,,,,,,,
,,,,,,,,,,,,,,,,
,,,,,,,,,,,,,,,,
,,,,,,,,,,,,,,,,
,,,,,,,,,,,,,,,,
,,,,,,,,,,,,,,,,
,,,,,,,,,,,,,,,,
,,,,,,,,,,,,,,,,
,,,,,,,,,,,,,,,,
,,,,,,,,,,,,,,,,
,,,,,,,,,,,,,,,,
,,,,,,,,,,,,,,,,
,,,,,,,,,,,,,,,,
,,,,,,,,,,,,,,,,
,,,,,,,,,,,,,,,,
,,,,,,,,,,,,,,,,
,,,,,,,,,,,,,,,,
,,,,,,,,,,,,,,,,
,,,,,,,,,,,,,,,,
,,,,,,,,,,,,,,,,
,,,,,,,,,,,,,,,,
,,,,,,,,,,,,,,,,
,,,,,,,,,,,,,,,,
,,,,,,,,,,,,,,,,
,,,,,,,,,,,,,,,,
,,,,,,,,,,,,,,,,
,,,,,,,,,,,,,,,,
,,,,,,,,,,,,,,,,
,,,,,,,,,,,,,,,,
,,,,,,,,,,,,,,,,
,,,,,,,,,,,,,,,,
,,,,,,,,,,,,,,,,
,,,,,,,,,,,,,,,,
,,,,,,,,,,,,,,,,
,,,,,,,,,,,,,,,,
,,,,,,,,,,,,,,,,
,,,,,,,,,,,,,,,,
,,,,,,,,,,,,,,,,
,,,,,,,,,,,,,,,,
,,,,,,,,,,,,,,,,
,,,,,,,,,,,,,,,,
,,,,,,,,,,,,,,,,
,,,,,,,,,,,,,,,,
,,,,,,,,,,,,,,,,
,,,,,,,,,,,,,,,,
,,,,,,,,,,,,,,,,
,,,,,,,,,,,,,,,,
,,,,,,,,,,,,,,,,
,,,,,,,,,,,,,,,,
,,,,,,,,,,,,,,,,
,,,,,,,,,,,,,,,,
,,,,,,,,,,,,,,,,
,,,,,,,,,,,,,,,,
,,,,,,,,,,,,,,,,
,,,,,,,,,,,,,,,,
,,,,,,,,,,,,,,,,
,,,,,,,,,,,,,,,,
,,,,,,,,,,,,,,,,
,,,,,,,,,,,,,,,,
,,,,,,,,,,,,,,,,
,,,,,,,,,,,,,,,,
,,,,,,,,,,,,,,,,
,,,,,,,,,,,,,,,,
,,,,,,,,,,,,,,,,
,,,,,,,,,,,,,,,,
,,,,,,,,,,,,,,,,
,,,,,,,,,,,,,,,,
,,,,,,,,,,,,,,,,
,,,,,,,,,,,,,,,,
,,,,,,,,,,,,,,,,
,,,,,,,,,,,,,,,,
,,,,,,,,,,,,,,,,
,,,,,,,,,,,,,,,,
,,,,,,,,,,,,,,,,
,,,,,,,,,,,,,,,,
,,,,,,,,,,,,,,,,
,,,,,,,,,,,,,,,,
,,,,,,,,,,,,,,,,
,,,,,,,,,,,,,,,,
,,,,,,,,,,,,,,,,
,,,,,,,,,,,,,,,,
,,,,,,,,,,,,,,,,
,,,,,,,,,,,,,,,,
,,,,,,,,,,,,,,,,
,,,,,,,,,,,,,,,,
,,,,,,,,,,,,,,,,
,,,,,,,,,,,,,,,,
,,,,,,,,,,,,,,,,
,,,,,,,,,,,,,,,,
,,,,,,,,,,,,,,,,
,,,,,,,,,,,,,,,,
,,,,,,,,,,,,,,,,
,,,,,,,,,,,,,,,,
,,,,,,,,,,,,,,,,
,,,,,,,,,,,,,,,,
,,,,,,,,,,,,,,,,
,,,,,,,,,,,,,,,,
,,,,,,,,,,,,,,,,
,,,,,,,,,,,,,,,,
,,,,,,,,,,,,,,,,
,,,,,,,,,,,,,,,,
,,,,,,,,,,,,,,,,
,,,,,,,,,,,,,,,,
,,,,,,,,,,,,,,,,
,,,,,,,,,,,,,,,,
,,,,,,,,,,,,,,,,
,,,,,,,,,,,,,,,,
,,,,,,,,,,,,,,,,
,,,,,,,,,,,,,,,,
,,,,,,,,,,,,,,,,
,,,,,,,,,,,,,,,,
,,,,,,,,,,,,,,,,
,,,,,,,,,,,,,,,,
,,,,,,,,,,,,,,,,
,,,,,,,,,,,,,,,,
,,,,,,,,,,,,,,,,
,,,,,,,,,,,,,,,,
,,,,,,,,,,,,,,,,
,,,,,,,,,,,,,,,,
,,,,,,,,,,,,,,,,
,,,,,,,,,,,,,,,,
,,,,,,,,,,,,,,,,
,,,,,,,,,,,,,,,,
,,,,,,,,,,,,,,,,
,,,,,,,,,,,,,,,,
,,,,,,,,,,,,,,,,
,,,,,,,,,,,,,,,,
,,,,,,,,,,,,,,,,
,,,,,,,,,,,,,,,,
,,,,,,,,,,,,,,,,
,,,,,,,,,,,,,,,,
,,,,,,,,,,,,,,,,
,,,,,,,,,,,,,,,,
,,,,,,,,,,,,,,,,
,,,,,,,,,,,,,,,,
,,,,,,,,,,,,,,,,
,,,,,,,,,,,,,,,,
,,,,,,,,,,,,,,,,
,,,,,,,,,,,,,,,,
,,,,,,,,,,,,,,,,
,,,,,,,,,,,,,,,,
,,,,,,,,,,,,,,,,
,,,,,,,,,,,,,,,,
,,,,,,,,,,,,,,,,
,,,,,,,,,,,,,,,,
,,,,,,,,,,,,,,,,
,,,,,,,,,,,,,,,,
,,,,,,,,,,,,,,,,
,,,,,,,,,,,,,,,,
,,,,,,,,,,,,,,,,
,,,,,,,,,,,,,,,,
,,,,,,,,,,,,,,,,
,,,,,,,,,,,,,,,,
,,,,,,,,,,,,,,,,
,,,,,,,,,,,,,,,,
,,,,,,,,,,,,,,,,
,,,,,,,,,,,,,,,,
,,,,,,,,,,,,,,,,
,,,,,,,,,,,,,,,,
,,,,,,,,,,,,,,,,
,,,,,,,,,,,,,,,,
,,,,,,,,,,,,,,,,
,,,,,,,,,,,,,,,,
,,,,,,,,,,,,,,,,
,,,,,,,,,,,,,,,,
,,,,,,,,,,,,,,,,
,,,,,,,,,,,,,,,,
,,,,,,,,,,,,,,,,
,,,,,,,,,,,,,,,,
,,,,,,,,,,,,,,,,
,,,,,,,,,,,,,,,,
,,,,,,,,,,,,,,,,
,,,,,,,,,,,,,,,,
,,,,,,,,,,,,,,,,
,,,,,,,,,,,,,,,,
,,,,,,,,,,,,,,,,
,,,,,,,,,,,,,,,,
,,,,,,,,,,,,,,,,
,,,,,,,,,,,,,,,,
,,,,,,,,,,,,,,,,
,,,,,,,,,,,,,,,,
,,,,,,,,,,,,,,,,
,,,,,,,,,,,,,,,,
,,,,,,,,,,,,,,,,
,,,,,,,,,,,,,,,,
,,,,,,,,,,,,,,,,
,,,,,,,,,,,,,,,,
,,,,,,,,,,,,,,,,
,,,,,,,,,,,,,,,,
,,,,,,,,,,,,,,,,
,,,,,,,,,,,,,,,,
,,,,,,,,,,,,,,,,
,,,,,,,,,,,,,,,,
,,,,,,,,,,,,,,,,
,,,,,,,,,,,,,,,,
,,,,,,,,,,,,,,,,
,,,,,,,,,,,,,,,,
,,,,,,,,,,,,,,,,
,,,,,,,,,,,,,,,,
,,,,,,,,,,,,,,,,
,,,,,,,,,,,,,,,,
,,,,,,,,,,,,,,,,
,,,,,,,,,,,,,,,,
,,,,,,,,,,,,,,,,
,,,,,,,,,,,,,,,,
,,,,,,,,,,,,,,,,
,,,,,,,,,,,,,,,,
,,,,,,,,,,,,,,,,
,,,,,,,,,,,,,,,,
,,,,,,,,,,,,,,,,
,,,,,,,,,,,,,,,,
,,,,,,,,,,,,,,,,
,,,,,,,,,,,,,,,,
,,,,,,,,,,,,,,,,
,,,,,,,,,,,,,,,,
,,,,,,,,,,,,,,,,
,,,,,,,,,,,,,,,,
,,,,,,,,,,,,,,,,
,,,,,,,,,,,,,,,,
,,,,,,,,,,,,,,,,
,,,,,,,,,,,,,,,,
,,,,,,,,,,,,,,,,
,,,,,,,,,,,,,,,,
,,,,,,,,,,,,,,,,
,,,,,,,,,,,,,,,,
,,,,,,,,,,,,,,,,
,,,,,,,,,,,,,,,,
,,,,,,,,,,,,,,,,
,,,,,,,,,,,,,,,,
,,,,,,,,,,,,,,,,
,,,,,,,,,,,,,,,,
,,,,,,,,,,,,,,,,
,,,,,,,,,,,,,,,,
,,,,,,,,,,,,,,,,
,,,,,,,,,,,,,,,,
,,,,,,,,,,,,,,,,
,,,,,,,,,,,,,,,,
,,,,,,,,,,,,,,,,
,,,,,,,,,,,,,,,,
,,,,,,,,,,,,,,,,
,,,,,,,,,,,,,,,,
,,,,,,,,,,,,,,,,
,,,,,,,,,,,,,,,,
,,,,,,,,,,,,,,,,
,,,,,,,,,,,,,,,,
,,,,,,,,,,,,,,,,
,,,,,,,,,,,,,,,,
,,,,,,,,,,,,,,,,
,,,,,,,,,,,,,,,,
,,,,,,,,,,,,,,,,
,,,,,,,,,,,,,,,,
,,,,,,,,,,,,,,,,
,,,,,,,,,,,,,,,,
,,,,,,,,,,,,,,,,
,,,,,,,,,,,,,,,,
,,,,,,,,,,,,,,,,
,,,,,,,,,,,,,,,,
,,,,,,,,,,,,,,,,
,,,,,,,,,,,,,,,,
,,,,,,,,,,,,,,,,
,,,,,,,,,,,,,,,,
,,,,,,,,,,,,,,,,
,,,,,,,,,,,,,,,,
,,,,,,,,,,,,,,,,
,,,,,,,,,,,,,,,,
,,,,,,,,,,,,,,,,
,,,,,,,,,,,,,,,,
,,,,,,,,,,,,,,,,
,,,,,,,,,,,,,,,,
,,,,,,,,,,,,,,,,
,,,,,,,,,,,,,,,,
,,,,,,,,,,,,,,,,
,,,,,,,,,,,,,,,,
,,,,,,,,,,,,,,,,
,,,,,,,,,,,,,,,,
,,,,,,,,,,,,,,,,
,,,,,,,,,,,,,,,,
,,,,,,,,,,,,,,,,
,,,,,,,,,,,,,,,,
,,,,,,,,,,,,,,,,
,,,,,,,,,,,,,,,,
,,,,,,,,,,,,,,,,
,,,,,,,,,,,,,,,,
,,,,,,,,,,,,,,,,
,,,,,,,,,,,,,,,,
,,,,,,,,,,,,,,,,
,,,,,,,,,,,,,,,,
,,,,,,,,,,,,,,,,
,,,,,,,,,,,,,,,,
,,,,,,,,,,,,,,,,
,,,,,,,,,,,,,,,,
,,,,,,,,,,,,,,,,
,,,,,,,,,,,,,,,,
,,,,,,,,,,,,,,,,
,,,,,,,,,,,,,,,,
,,,,,,,,,,,,,,,,
,,,,,,,,,,,,,,,,
,,,,,,,,,,,,,,,,
,,,,,,,,,,,,,,,,
,,,,,,,,,,,,,,,,
,,,,,,,,,,,,,,,,
,,,,,,,,,,,,,,,,
,,,,,,,,,,,,,,,,
,,,,,,,,,,,,,,,,
,,,,,,,,,,,,,,,,
,,,,,,,,,,,,,,,,
,,,,,,,,,,,,,,,,
,,,,,,,,,,,,,,,,
,,,,,,,,,,,,,,,,
,,,,,,,,,,,,,,,,
,,,,,,,,,,,,,,,,
,,,,,,,,,,,,,,,,
,,,,,,,,,,,,,,,,
,,,,,,,,,,,,,,,,
,,,,,,,,,,,,,,,,
,,,,,,,,,,,,,,,,
,,,,,,,,,,,,,,,,
,,,,,,,,,,,,,,,,
,,,,,,,,,,,,,,,,
,,,,,,,,,,,,,,,,
,,,,,,,,,,,,,,,,
,,,,,,,,,,,,,,,,
,,,,,,,,,,,,,,,,
,,,,,,,,,,,,,,,,
,,,,,,,,,,,,,,,,
,,,,,,,,,,,,,,,,
,,,,,,,,,,,,,,,,
,,,,,,,,,,,,,,,,
,,,,,,,,,,,,,,,,
,,,,,,,,,,,,,,,,
,,,,,,,,,,,,,,,,
,,,,,,,,,,,,,,,,
,,,,,,,,,,,,,,,,
,,,,,,,,,,,,,,,,
,,,,,,,,,,,,,,,,
,,,,,,,,,,,,,,,,
,,,,,,,,,,,,,,,,
,,,,,,,,,,,,,,,,
,,,,,,,,,,,,,,,,
,,,,,,,,,,,,,,,,
,,,,,,,,,,,,,,,,
,,,,,,,,,,,,,,,,
,,,,,,,,,,,,,,,,
,,,,,,,,,,,,,,,,
,,,,,,,,,,,,,,,,
,,,,,,,,,,,,,,,,
,,,,,,,,,,,,,,,,
,,,,,,,,,,,,,,,,
,,,,,,,,,,,,,,,,
,,,,,,,,,,,,,,,,
,,,,,,,,,,,,,,,,
,,,,,,,,,,,,,,,,
,,,,,,,,,,,,,,,,
,,,,,,,,,,,,,,,,
,,,,,,,,,,,,,,,,
,,,,,,,,,,,,,,,,
,,,,,,,,,,,,,,,,
,,,,,,,,,,,,,,,,
,,,,,,,,,,,,,,,,
,,,,,,,,,,,,,,,,
,,,,,,,,,,,,,,,,
,,,,,,,,,,,,,,,,
,,,,,,,,,,,,,,,,
,,,,,,,,,,,,,,,,
,,,,,,,,,,,,,,,,
,,,,,,,,,,,,,,,,
,,,,,,,,,,,,,,,,
,,,,,,,,,,,,,,,,
,,,,,,,,,,,,,,,,
,,,,,,,,,,,,,,,,
,,,,,,,,,,,,,,,,
,,,,,,,,,,,,,,,,
,,,,,,,,,,,,,,,,
,,,,,,,,,,,,,,,,
,,,,,,,,,,,,,,,,
,,,,,,,,,,,,,,,,
,,,,,,,,,,,,,,,,
,,,,,,,,,,,,,,,,
,,,,,,,,,,,,,,,,
,,,,,,,,,,,,,,,,
,,,,,,,,,,,,,,,,
,,,,,,,,,,,,,,,,
,,,,,,,,,,,,,,,,
,,,,,,,,,,,,,,,,
,,,,,,,,,,,,,,,,
,,,,,,,,,,,,,,,,
,,,,,,,,,,,,,,,,
,,,,,,,,,,,,,,,,
,,,,,,,,,,,,,,,,
,,,,,,,,,,,,,,,,
,,,,,,,,,,,,,,,,
,,,,,,,,,,,,,,,,
,,,,,,,,,,,,,,,,
,,,,,,,,,,,,,,,,
,,,,,,,,,,,,,,,,
,,,,,,,,,,,,,,,,
,,,,,,,,,,,,,,,,
,,,,,,,,,,,,,,,,
,,,,,,,,,,,,,,,,
,,,,,,,,,,,,,,,,
,,,,,,,,,,,,,,,,
,,,,,,,,,,,,,,,,
,,,,,,,,,,,,,,,,
,,,,,,,,,,,,,,,,
,,,,,,,,,,,,,,,,
,,,,,,,,,,,,,,,,
,,,,,,,,,,,,,,,,
,,,,,,,,,,,,,,,,
,,,,,,,,,,,,,,,,
,,,,,,,,,,,,,,,,
,,,,,,,,,,,,,,,,
,,,,,,,,,,,,,,,,
,,,,,,,,,,,,,,,,
,,,,,,,,,,,,,,,,
,,,,,,,,,,,,,,,,
,,,,,,,,,,,,,,,,
,,,,,,,,,,,,,,,,
,,,,,,,,,,,,,,,,
,,,,,,,,,,,,,,,,
,,,,,,,,,,,,,,,,
,,,,,,,,,,,,,,,,
,,,,,,,,,,,,,,,,
,,,,,,,,,,,,,,,,
,,,,,,,,,,,,,,,,
,,,,,,,,,,,,,,,,
,,,,,,,,,,,,,,,,
,,,,,,,,,,,,,,,,
,,,,,,,,,,,,,,,,
,,,,,,,,,,,,,,,,
,,,,,,,,,,,,,,,,
,,,,,,,,,,,,,,,,
,,,,,,,,,,,,,,,,
,,,,,,,,,,,,,,,,
,,,,,,,,,,,,,,,,
,,,,,,,,,,,,,,,,
,,,,,,,,,,,,,,,,
,,,,,,,,,,,,,,,,
,,,,,,,,,,,,,,,,
,,,,,,,,,,,,,,,,
,,,,,,,,,,,,,,,,
,,,,,,,,,,,,,,,,
,,,,,,,,,,,,,,,,
,,,,,,,,,,,,,,,,
,,,,,,,,,,,,,,,,
,,,,,,,,,,,,,,,,
,,,,,,,,,,,,,,,,
,,,,,,,,,,,,,,,,
,,,,,,,,,,,,,,,,
,,,,,,,,,,,,,,,,
,,,,,,,,,,,,,,,,
,,,,,,,,,,,,,,,,
,,,,,,,,,,,,,,,,
,,,,,,,,,,,,,,,,
,,,,,,,,,,,,,,,,
,,,,,,,,,,,,,,,,
,,,,,,,,,,,,,,,,
,,,,,,,,,,,,,,,,
,,,,,,,,,,,,,,,,
,,,,,,,,,,,,,,,,
,,,,,,,,,,,,,,,,
,,,,,,,,,,,,,,,,
,,,,,,,,,,,,,,,,
,,,,,,,,,,,,,,,,
,,,,,,,,,,,,,,,,
,,,,,,,,,,,,,,,,
,,,,,,,,,,,,,,,,
,,,,,,,,,,,,,,,,
,,,,,,,,,,,,,,,,
,,,,,,,,,,,,,,,,
,,,,,,,,,,,,,,,,
,,,,,,,,,,,,,,,,
,,,,,,,,,,,,,,,,
,,,,,,,,,,,,,,,,
,,,,,,,,,,,,,,,,
,,,,,,,,,,,,,,,,
,,,,,,,,,,,,,,,,
,,,,,,,,,,,,,,,,
,,,,,,,,,,,,,,,,
,,,,,,,,,,,,,,,,
,,,,,,,,,,,,,,,,
,,,,,,,,,,,,,,,,
,,,,,,,,,,,,,,,,
,,,,,,,,,,,,,,,,
,,,,,,,,,,,,,,,,
,,,,,,,,,,,,,,,,
,,,,,,,,,,,,,,,,
,,,,,,,,,,,,,,,,
,,,,,,,,,,,,,,,,
,,,,,,,,,,,,,,,,
,,,,,,,,,,,,,,,,
,,,,,,,,,,,,,,,,
,,,,,,,,,,,,,,,,
,,,,,,,,,,,,,,,,
,,,,,,,,,,,,,,,,
,,,,,,,,,,,,,,,,
,,,,,,,,,,,,,,,,
,,,,,,,,,,,,,,,,
,,,,,,,,,,,,,,,,
,,,,,,,,,,,,,,,,
,,,,,,,,,,,,,,,,
,,,,,,,,,,,,,,,,
,,,,,,,,,,,,,,,,
,,,,,,,,,,,,,,,,
,,,,,,,,,,,,,,,,
,,,,,,,,,,,,,,,,
,,,,,,,,,,,,,,,,
,,,,,,,,,,,,,,,,
,,,,,,,,,,,,,,,,
,,,,,,,,,,,,,,,,
,,,,,,,,,,,,,,,,
,,,,,,,,,,,,,,,,
,,,,,,,,,,,,,,,,
,,,,,,,,,,,,,,,,
,,,,,,,,,,,,,,,,
,,,,,,,,,,,,,,,,
,,,,,,,,,,,,,,,,
,,,,,,,,,,,,,,,,
,,,,,,,,,,,,,,,,
,,,,,,,,,,,,,,,,
,,,,,,,,,,,,,,,,
,,,,,,,,,,,,,,,,
,,,,,,,,,,,,,,,,
,,,,,,,,,,,,,,,,
,,,,,,,,,,,,,,,,
,,,,,,,,,,,,,,,,
,,,,,,,,,,,,,,,,
,,,,,,,,,,,,,,,,
,,,,,,,,,,,,,,,,
,,,,,,,,,,,,,,,,
,,,,,,,,,,,,,,,,
,,,,,,,,,,,,,,,,
,,,,,,,,,,,,,,,,
,,,,,,,,,,,,,,,,
,,,,,,,,,,,,,,,,
,,,,,,,,,,,,,,,,
,,,,,,,,,,,,,,,,
,,,,,,,,,,,,,,,,
,,,,,,,,,,,,,,,,
,,,,,,,,,,,,,,,,
,,,,,,,,,,,,,,,,
,,,,,,,,,,,,,,,,
,,,,,,,,,,,,,,,,
,,,,,,,,,,,,,,,,
,,,,,,,,,,,,,,,,
,,,,,,,,,,,,,,,,
,,,,,,,,,,,,,,,,
,,,,,,,,,,,,,,,,
,,,,,,,,,,,,,,,,
,,,,,,,,,,,,,,,,
,,,,,,,,,,,,,,,,
,,,,,,,,,,,,,,,,
,,,,,,,,,,,,,,,,
,,,,,,,,,,,,,,,,
,,,,,,,,,,,,,,,,
,,,,,,,,,,,,,,,,
,,,,,,,,,,,,,,,,
,,,,,,,,,,,,,,,,
,,,,,,,,,,,,,,,,
,,,,,,,,,,,,,,,,
,,,,,,,,,,,,,,,,
,,,,,,,,,,,,,,,,
,,,,,,,,,,,,,,,,
,,,,,,,,,,,,,,,,
,,,,,,,,,,,,,,,,
,,,,,,,,,,,,,,,,
,,,,,,,,,,,,,,,,
,,,,,,,,,,,,,,,,
,,,,,,,,,,,,,,,,
,,,,,,,,,,,,,,,,
,,,,,,,,,,,,,,,,
,,,,,,,,,,,,,,,,
,,,,,,,,,,,,,,,,
,,,,,,,,,,,,,,,,
,,,,,,,,,,,,,,,,
,,,,,,,,,,,,,,,,
,,,,,,,,,,,,,,,,
,,,,,,,,,,,,,,,,
,,,,,,,,,,,,,,,,
,,,,,,,,,,,,,,,,
,,,,,,,,,,,,,,,,
,,,,,,,,,,,,,,,,
,,,,,,,,,,,,,,,,
,,,,,,,,,,,,,,,,
,,,,,,,,,,,,,,,,
,,,,,,,,,,,,,,,,
,,,,,,,,,,,,,,,,
,,,,,,,,,,,,,,,,
,,,,,,,,,,,,,,,,
,,,,,,,,,,,,,,,,
,,,,,,,,,,,,,,,,
,,,,,,,,,,,,,,,,
,,,,,,,,,,,,,,,,
,,,,,,,,,,,,,,,,
,,,,,,,,,,,,,,,,
,,,,,,,,,,,,,,,,
,,,,,,,,,,,,,,,,
,,,,,,,,,,,,,,,,
,,,,,,,,,,,,,,,,
,,,,,,,,,,,,,,,,
,,,,,,,,,,,,,,,,
,,,,,,,,,,,,,,,,
,,,,,,,,,,,,,,,,
,,,,,,,,,,,,,,,,
,,,,,,,,,,,,,,,,
,,,,,,,,,,,,,,,,
,,,,,,,,,,,,,,,,
,,,,,,,,,,,,,,,,
,,,,,,,,,,,,,,,,
,,,,,,,,,,,,,,,,
,,,,,,,,,,,,,,,,
,,,,,,,,,,,,,,,,
,,,,,,,,,,,,,,,,
,,,,,,,,,,,,,,,,
,,,,,,,,,,,,,,,,
,,,,,,,,,,,,,,,,
,,,,,,,,,,,,,,,,
,,,,,,,,,,,,,,,,
,,,,,,,,,,,,,,,,
,,,,,,,,,,,,,,,,
,,,,,,,,,,,,,,,,
,,,,,,,,,,,,,,,,
,,,,,,,,,,,,,,,,
,,,,,,,,,,,,,,,,
,,,,,,,,,,,,,,,,
,,,,,,,,,,,,,,,,
,,,,,,,,,,,,,,,,
,,,,,,,,,,,,,,,,
,,,,,,,,,,,,,,,,
,,,,,,,,,,,,,,,,
,,,,,,,,,,,,,,,,
,,,,,,,,,,,,,,,,
,,,,,,,,,,,,,,,,
,,,,,,,,,,,,,,,,
,,,,,,,,,,,,,,,,
,,,,,,,,,,,,,,,,
,,,,,,,,,,,,,,,,
,,,,,,,,,,,,,,,,
,,,,,,,,,,,,,,,,
,,,,,,,,,,,,,,,,
,,,,,,,,,,,,,,,,
,,,,,,,,,,,,,,,,
,,,,,,,,,,,,,,,,
,,,,,,,,,,,,,,,,
,,,,,,,,,,,,,,,,
,,,,,,,,,,,,,,,,
,,,,,,,,,,,,,,,,
,,,,,,,,,,,,,,,,
,,,,,,,,,,,,,,,,
,,,,,,,,,,,,,,,,
,,,,,,,,,,,,,,,,
,,,,,,,,,,,,,,,,
,,,,,,,,,,,,,,,,
,,,,,,,,,,,,,,,,
,,,,,,,,,,,,,,,,
,,,,,,,,,,,,,,,,
,,,,,,,,,,,,,,,,
,,,,,,,,,,,,,,,,
,,,,,,,,,,,,,,,,
,,,,,,,,,,,,,,,,
,,,,,,,,,,,,,,,,
,,,,,,,,,,,,,,,,
,,,,,,,,,,,,,,,,
,,,,,,,,,,,,,,,,
,,,,,,,,,,,,,,,,
,,,,,,,,,,,,,,,,
,,,,,,,,,,,,,,,,
,,,,,,,,,,,,,,,,
,,,,,,,,,,,,,,,,
,,,,,,,,,,,,,,,,
,,,,,,,,,,,,,,,,
,,,,,,,,,,,,,,,,
,,,,,,,,,,,,,,,,
,,,,,,,,,,,,,,,,
,,,,,,,,,,,,,,,,
,,,,,,,,,,,,,,,,
,,,,,,,,,,,,,,,,
,,,,,,,,,,,,,,,,
,,,,,,,,,,,,,,,,
,,,,,,,,,,,,,,,,
,,,,,,,,,,,,,,,,
,,,,,,,,,,,,,,,,
,,,,,,,,,,,,,,,,
,,,,,,,,,,,,,,,,
,,,,,,,,,,,,,,,,
,,,,,,,,,,,,,,,,
,,,,,,,,,,,,,,,,
,,,,,,,,,,,,,,,,
,,,,,,,,,,,,,,,,
,,,,,,,,,,,,,,,,
,,,,,,,,,,,,,,,,
,,,,,,,,,,,,,,,,
,,,,,,,,,,,,,,,,
,,,,,,,,,,,,,,,,
,,,,,,,,,,,,,,,,
,,,,,,,,,,,,,,,,
,,,,,,,,,,,,,,,,
,,,,,,,,,,,,,,,,
,,,,,,,,,,,,,,,,
,,,,,,,,,,,,,,,,
,,,,,,,,,,,,,,,,
,,,,,,,,,,,,,,,,
,,,,,,,,,,,,,,,,
,,,,,,,,,,,,,,,,
,,,,,,,,,,,,,,,,
,,,,,,,,,,,,,,,,
,,,,,,,,,,,,,,,,
,,,,,,,,,,,,,,,,
,,,,,,,,,,,,,,,,
,,,,,,,,,,,,,,,,
,,,,,,,,,,,,,,,,
,,,,,,,,,,,,,,,,
,,,,,,,,,,,,,,,,
,,,,,,,,,,,,,,,,
,,,,,,,,,,,,,,,,
,,,,,,,,,,,,,,,,
,,,,,,,,,,,,,,,,
,,,,,,,,,,,,,,,,
,,,,,,,,,,,,,,,,
,,,,,,,,,,,,,,,,
,,,,,,,,,,,,,,,,
,,,,,,,,,,,,,,,,
,,,,,,,,,,,,,,,,
,,,,,,,,,,,,,,,,
,,,,,,,,,,,,,,,,
,,,,,,,,,,,,,,,,
,,,,,,,,,,,,,,,,
,,,,,,,,,,,,,,,,
,,,,,,,,,,,,,,,,
,,,,,,,,,,,,,,,,
,,,,,,,,,,,,,,,,
,,,,,,,,,,,,,,,,
,,,,,,,,,,,,,,,,
,,,,,,,,,,,,,,,,
,,,,,,,,,,,,,,,,
,,,,,,,,,,,,,,,,
,,,,,,,,,,,,,,,,
,,,,,,,,,,,,,,,,
,,,,,,,,,,,,,,,,
,,,,,,,,,,,,,,,,
,,,,,,,,,,,,,,,,
,,,,,,,,,,,,,,,,
,,,,,,,,,,,,,,,,
,,,,,,,,,,,,,,,,
,,,,,,,,,,,,,,,,
,,,,,,,,,,,,,,,,
,,,,,,,,,,,,,,,,
,,,,,,,,,,,,,,,,
,,,,,,,,,,,,,,,,
,,,,,,,,,,,,,,,,
,,,,,,,,,,,,,,,,
,,,,,,,,,,,,,,,,
,,,,,,,,,,,,,,,,
,,,,,,,,,,,,,,,,
,,,,,,,,,,,,,,,,
,,,,,,,,,,,,,,,,
,,,,,,,,,,,,,,,,
,,,,,,,,,,,,,,,,
,,,,,,,,,,,,,,,,
,,,,,,,,,,,,,,,,
,,,,,,,,,,,,,,,,
,,,,,,,,,,,,,,,,
,,,,,,,,,,,,,,,,
,,,,,,,,,,,,,,,,
,,,,,,,,,,,,,,,,
,,,,,,,,,,,,,,,,
,,,,,,,,,,,,,,,,
,,,,,,,,,,,,,,,,
,,,,,,,,,,,,,,,,
,,,,,,,,,,,,,,,,
,,,,,,,,,,,,,,,,
,,,,,,,,,,,,,,,,
,,,,,,,,,,,,,,,,
,,,,,,,,,,,,,,,,
,,,,,,,,,,,,,,,,
,,,,,,,,,,,,,,,,
,,,,,,,,,,,,,,,,
,,,,,,,,,,,,,,,,
,,,,,,,,,,,,,,,,
,,,,,,,,,,,,,,,,
,,,,,,,,,,,,,,,,
,,,,,,,,,,,,,,,,
,,,,,,,,,,,,,,,,
,,,,,,,,,,,,,,,,
,,,,,,,,,,,,,,,,
,,,,,,,,,,,,,,,,
,,,,,,,,,,,,,,,,
,,,,,,,,,,,,,,,,
,,,,,,,,,,,,,,,,
,,,,,,,,,,,,,,,,
,,,,,,,,,,,,,,,,
,,,,,,,,,,,,,,,,
,,,,,,,,,,,,,,,,
,,,,,,,,,,,,,,,,
,,,,,,,,,,,,,,,,
,,,,,,,,,,,,,,,,
,,,,,,,,,,,,,,,,
,,,,,,,,,,,,,,,,
,,,,,,,,,,,,,,,,
,,,,,,,,,,,,,,,,
,,,,,,,,,,,,,,,,
,,,,,,,,,,,,,,,,
,,,,,,,,,,,,,,,,
,,,,,,,,,,,,,,,,
,,,,,,,,,,,,,,,,
,,,,,,,,,,,,,,,,
,,,,,,,,,,,,,,,,
,,,,,,,,,,,,,,,,
,,,,,,,,,,,,,,,,
,,,,,,,,,,,,,,,,
,,,,,,,,,,,,,,,,
,,,,,,,,,,,,,,,,
,,,,,,,,,,,,,,,,
,,,,,,,,,,,,,,,,
,,,,,,,,,,,,,,,,
,,,,,,,,,,,,,,,,
,,,,,,,,,,,,,,,,
,,,,,,,,,,,,,,,,
,,,,,,,,,,,,,,,,
,,,,,,,,,,,,,,,,
,,,,,,,,,,,,,,,,
,,,,,,,,,,,,,,,,
,,,,,,,,,,,,,,,,
,,,,,,,,,,,,,,,,
,,,,,,,,,,,,,,,,
,,,,,,,,,,,,,,,,
,,,,,,,,,,,,,,,,
,,,,,,,,,,,,,,,,
,,,,,,,,,,,,,,,,
,,,,,,,,,,,,,,,,
,,,,,,,,,,,,,,,,
,,,,,,,,,,,,,,,,
,,,,,,,,,,,,,,,,
,,,,,,,,,,,,,,,,
,,,,,,,,,,,,,,,,
,,,,,,,,,,,,,,,,
,,,,,,,,,,,,,,,,
,,,,,,,,,,,,,,,,
,,,,,,,,,,,,,,,,
,,,,,,,,,,,,,,,,
,,,,,,,,,,,,,,,,
,,,,,,,,,,,,,,,,
,,,,,,,,,,,,,,,,
,,,,,,,,,,,,,,,,
,,,,,,,,,,,,,,,,
,,,,,,,,,,,,,,,,
,,,,,,,,,,,,,,,,
,,,,,,,,,,,,,,,,
,,,,,,,,,,,,,,,,
,,,,,,,,,,,,,,,,
,,,,,,,,,,,,,,,,
,,,,,,,,,,,,,,,,
,,,,,,,,,,,,,,,,
,,,,,,,,,,,,,,,,
,,,,,,,,,,,,,,,,
,,,,,,,,,,,,,,,,
,,,,,,,,,,,,,,,,
,,,,,,,,,,,,,,,,
,,,,,,,,,,,,,,,,
,,,,,,,,,,,,,,,,
,,,,,,,,,,,,,,,,
,,,,,,,,,,,,,,,,
,,,,,,,,,,,,,,,,
,,,,,,,,,,,,,,,,
,,,,,,,,,,,,,,,,
,,,,,,,,,,,,,,,,
,,,,,,,,,,,,,,,,
,,,,,,,,,,,,,,,,
,,,,,,,,,,,,,,,,
,,,,,,,,,,,,,,,,
,,,,,,,,,,,,,,,,
,,,,,,,,,,,,,,,,
,,,,,,,,,,,,,,,,
,,,,,,,,,,,,,,,,
,,,,,,,,,,,,,,,,
,,,,,,,,,,,,,,,,
,,,,,,,,,,,,,,,,
,,,,,,,,,,,,,,,,
,,,,,,,,,,,,,,,,
,,,,,,,,,,,,,,,,
,,,,,,,,,,,,,,,,
,,,,,,,,,,,,,,,,
,,,,,,,,,,,,,,,,
,,,,,,,,,,,,,,,,
,,,,,,,,,,,,,,,,
,,,,,,,,,,,,,,,,
,,,,,,,,,,,,,,,,
,,,,,,,,,,,,,,,,
,,,,,,,,,,,,,,,,
,,,,,,,,,,,,,,,,
,,,,,,,,,,,,,,,,
,,,,,,,,,,,,,,,,
,,,,,,,,,,,,,,,,
,,,,,,,,,,,,,,,,
,,,,,,,,,,,,,,,,
,,,,,,,,,,,,,,,,
,,,,,,,,,,,,,,,,
,,,,,,,,,,,,,,,,
,,,,,,,,,,,,,,,,
,,,,,,,,,,,,,,,,
,,,,,,,,,,,,,,,,
,,,,,,,,,,,,,,,,
,,,,,,,,,,,,,,,,
,,,,,,,,,,,,,,,,
,,,,,,,,,,,,,,,,
,,,,,,,,,,,,,,,,
,,,,,,,,,,,,,,,,
,,,,,,,,,,,,,,,,
,,,,,,,,,,,,,,,,
,,,,,,,,,,,,,,,,
,,,,,,,,,,,,,,,,
,,,,,,,,,,,,,,,,
,,,,,,,,,,,,,,,,
,,,,,,,,,,,,,,,,
,,,,,,,,,,,,,,,,
,,,,,,,,,,,,,,,,
,,,,,,,,,,,,,,,,
,,,,,,,,,,,,,,,,
,,,,,,,,,,,,,,,,
,,,,,,,,,,,,,,,,
,,,,,,,,,,,,,,,,
,,,,,,,,,,,,,,,,
,,,,,,,,,,,,,,,,
,,,,,,,,,,,,,,,,
,,,,,,,,,,,,,,,,
,,,,,,,,,,,,,,,,
,,,,,,,,,,,,,,,,
,,,,,,,,,,,,,,,,
,,,,,,,,,,,,,,,,
,,,,,,,,,,,,,,,,
,,,,,,,,,,,,,,,,
,,,,,,,,,,,,,,,,
,,,,,,,,,,,,,,,,
,,,,,,,,,,,,,,,,
,,,,,,,,,,,,,,,,
,,,,,,,,,,,,,,,,
,,,,,,,,,,,,,,,,
,,,,,,,,,,,,,,,,
,,,,,,,,,,,,,,,,
,,,,,,,,,,,,,,,,
,,,,,,,,,,,,,,,,
,,,,,,,,,,,,,,,,
,,,,,,,,,,,,,,,,
,,,,,,,,,,,,,,,,
,,,,,,,,,,,,,,,,
,,,,,,,,,,,,,,,,
,,,,,,,,,,,,,,,,
,,,,,,,,,,,,,,,,
,,,,,,,,,,,,,,,,
,,,,,,,,,,,,,,,,
,,,,,,,,,,,,,,,,
,,,,,,,,,,,,,,,,
,,,,,,,,,,,,,,,,
,,,,,,,,,,,,,,,,
,,,,,,,,,,,,,,,,
,,,,,,,,,,,,,,,,
,,,,,,,,,,,,,,,,
,,,,,,,,,,,,,,,,
,,,,,,,,,,,,,,,,
,,,,,,,,,,,,,,,,
,,,,,,,,,,,,,,,,
,,,,,,,,,,,,,,,,
,,,,,,,,,,,,,,,,
,,,,,,,,,,,,,,,,
,,,,,,,,,,,,,,,,
,,,,,,,,,,,,,,,,
,,,,,,,,,,,,,,,,
,,,,,,,,,,,,,,,,
,,,,,,,,,,,,,,,,
,,,,,,,,,,,,,,,,
,,,,,,,,,,,,,,,,
,,,,,,,,,,,,,,,,
,,,,,,,,,,,,,,,,
,,,,,,,,,,,,,,,,
,,,,,,,,,,,,,,,,
,,,,,,,,,,,,,,,,
,,,,,,,,,,,,,,,,
,,,,,,,,,,,,,,,,
,,,,,,,,,,,,,,,,
,,,,,,,,,,,,,,,,
,,,,,,,,,,,,,,,,
,,,,,,,,,,,,,,,,
,,,,,,,,,,,,,,,,
,,,,,,,,,,,,,,,,
,,,,,,,,,,,,,,,,
,,,,,,,,,,,,,,,,
,,,,,,,,,,,,,,,,
,,,,,,,,,,,,,,,,
,,,,,,,,,,,,,,,,
,,,,,,,,,,,,,,,,
,,,,,,,,,,,,,,,,
,,,,,,,,,,,,,,,,
,,,,,,,,,,,,,,,,
,,,,,,,,,,,,,,,,
,,,,,,,,,,,,,,,,
,,,,,,,,,,,,,,,,
,,,,,,,,,,,,,,,,
,,,,,,,,,,,,,,,,
,,,,,,,,,,,,,,,,
,,,,,,,,,,,,,,,,
,,,,,,,,,,,,,,,,
,,,,,,,,,,,,,,,,
,,,,,,,,,,,,,,,,
,,,,,,,,,,,,,,,,
,,,,,,,,,,,,,,,,
,,,,,,,,,,,,,,,,
,,,,,,,,,,,,,,,,
,,,,,,,,,,,,,,,,
,,,,,,,,,,,,,,,,
,,,,,,,,,,,,,,,,
,,,,,,,,,,,,,,,,
,,,,,,,,,,,,,,,,
,,,,,,,,,,,,,,,,
,,,,,,,,,,,,,,,,
,,,,,,,,,,,,,,,,
,,,,,,,,,,,,,,,,
,,,,,,,,,,,,,,,,
,,,,,,,,,,,,,,,,
,,,,,,,,,,,,,,,,
,,,,,,,,,,,,,,,,
,,,,,,,,,,,,,,,,
,,,,,,,,,,,,,,,,
,,,,,,,,,,,,,,,,
,,,,,,,,,,,,,,,,
,,,,,,,,,,,,,,,,
,,,,,,,,,,,,,,,,
,,,,,,,,,,,,,,,,
,,,,,,,,,,,,,,,,
,,,,,,,,,,,,,,,,
,,,,,,,,,,,,,,,,
,,,,,,,,,,,,,,,,
,,,,,,,,,,,,,,,,
,,,,,,,,,,,,,,,,
,,,,,,,,,,,,,,,,
,,,,,,,,,,,,,,,,
,,,,,,,,,,,,,,,,
,,,,,,,,,,,,,,,,
,,,,,,,,,,,,,,,,
,,,,,,,,,,,,,,,,
,,,,,,,,,,,,,,,,
,,,,,,,,,,,,,,,,
,,,,,,,,,,,,,,,,
,,,,,,,,,,,,,,,,
,,,,,,,,,,,,,,,,
,,,,,,,,,,,,,,,,
,,,,,,,,,,,,,,,,
,,,,,,,,,,,,,,,,
,,,,,,,,,,,,,,,,
,,,,,,,,,,,,,,,,
,,,,,,,,,,,,,,,,
,,,,,,,,,,,,,,,,
,,,,,,,,,,,,,,,,
,,,,,,,,,,,,,,,,
,,,,,,,,,,,,,,,,
,,,,,,,,,,,,,,,,
,,,,,,,,,,,,,,,,
,,,,,,,,,,,,,,,,
,,,,,,,,,,,,,,,,
,,,,,,,,,,,,,,,,
,,,,,,,,,,,,,,,,
,,,,,,,,,,,,,,,,
,,,,,,,,,,,,,,,,
,,,,,,,,,,,,,,,,
,,,,,,,,,,,,,,,,
,,,,,,,,,,,,,,,,
,,,,,,,,,,,,,,,,
,,,,,,,,,,,,,,,,
,,,,,,,,,,,,,,,,
,,,,,,,,,,,,,,,,
,,,,,,,,,,,,,,,,
,,,,,,,,,,,,,,,,
,,,,,,,,,,,,,,,,
,,,,,,,,,,,,,,,,
,,,,,,,,,,,,,,,,
,,,,,,,,,,,,,,,,
,,,,,,,,,,,,,,,,
,,,,,,,,,,,,,,,,
,,,,,,,,,,,,,,,,
,,,,,,,,,,,,,,,,
,,,,,,,,,,,,,,,,
,,,,,,,,,,,,,,,,
,,,,,,,,,,,,,,,,
,,,,,,,,,,,,,,,,
,,,,,,,,,,,,,,,,
,,,,,,,,,,,,,,,,
,,,,,,,,,,,,,,,,
,,,,,,,,,,,,,,,,
,,,,,,,,,,,,,,,,
,,,,,,,,,,,,,,,,
,,,,,,,,,,,,,,,,
,,,,,,,,,,,,,,,,
,,,,,,,,,,,,,,,,
,,,,,,,,,,,,,,,,
,,,,,,,,,,,,,,,,
,,,,,,,,,,,,,,,,
,,,,,,,,,,,,,,,,
,,,,,,,,,,,,,,,,
,,,,,,,,,,,,,,,,
,,,,,,,,,,,,,,,,
,,,,,,,,,,,,,,,,
,,,,,,,,,,,,,,,,
,,,,,,,,,,,,,,,,
,,,,,,,,,,,,,,,,
,,,,,,,,,,,,,,,,
,,,,,,,,,,,,,,,,
,,,,,,,,,,,,,,,,
,,,,,,,,,,,,,,,,
,,,,,,,,,,,,,,,,
,,,,,,,,,,,,,,,,
,,,,,,,,,,,,,,,,
,,,,,,,,,,,,,,,,
,,,,,,,,,,,,,,,,
,,,,,,,,,,,,,,,,
,,,,,,,,,,,,,,,,
,,,,,,,,,,,,,,,,
,,,,,,,,,,,,,,,,
,,,,,,,,,,,,,,,,
,,,,,,,,,,,,,,,,
,,,,,,,,,,,,,,,,
,,,,,,,,,,,,,,,,
,,,,,,,,,,,,,,,,
,,,,,,,,,,,,,,,,
,,,,,,,,,,,,,,,,
,,,,,,,,,,,,,,,,
,,,,,,,,,,,,,,,,
,,,,,,,,,,,,,,,,
,,,,,,,,,,,,,,,,
,,,,,,,,,,,,,,,,
,,,,,,,,,,,,,,,,
,,,,,,,,,,,,,,,,
,,,,,,,,,,,,,,,,
,,,,,,,,,,,,,,,,
,,,,,,,,,,,,,,,,
,,,,,,,,,,,,,,,,
,,,,,,,,,,,,,,,,
,,,,,,,,,,,,,,,,
,,,,,,,,,,,,,,,,
,,,,,,,,,,,,,,,,
,,,,,,,,,,,,,,,,
,,,,,,,,,,,,,,,,
,,,,,,,,,,,,,,,,
,,,,,,,,,,,,,,,,
,,,,,,,,,,,,,,,,
,,,,,,,,,,,,,,,,
,,,,,,,,,,,,,,,,
,,,,,,,,,,,,,,,,
,,,,,,,,,,,,,,,,
,,,,,,,,,,,,,,,,
,,,,,,,,,,,,,,,,
,,,,,,,,,,,,,,,,
,,,,,,,,,,,,,,,,
,,,,,,,,,,,,,,,,
,,,,,,,,,,,,,,,,
,,,,,,,,,,,,,,,,
,,,,,,,,,,,,,,,,
,,,,,,,,,,,,,,,,
,,,,,,,,,,,,,,,,
,,,,,,,,,,,,,,,,
,,,,,,,,,,,,,,,,
,,,,,,,,,,,,,,,,
,,,,,,,,,,,,,,,,
,,,,,,,,,,,,,,,,
,,,,,,,,,,,,,,,,
,,,,,,,,,,,,,,,,
,,,,,,,,,,,,,,,,
,,,,,,,,,,,,,,,,
,,,,,,,,,,,,,,,,
,,,,,,,,,,,,,,,,
,,,,,,,,,,,,,,,,
,,,,,,,,,,,,,,,,
,,,,,,,,,,,,,,,,
,,,,,,,,,,,,,,,,
,,,,,,,,,,,,,,,,
,,,,,,,,,,,,,,,,
,,,,,,,,,,,,,,,,
,,,,,,,,,,,,,,,,
,,,,,,,,,,,,,,,,
,,,,,,,,,,,,,,,,
,,,,,,,,,,,,,,,,
,,,,,,,,,,,,,,,,
,,,,,,,,,,,,,,,,
,,,,,,,,,,,,,,,,
,,,,,,,,,,,,,,,,
,,,,,,,,,,,,,,,,
,,,,,,,,,,,,,,,,
,,,,,,,,,,,,,,,,
,,,,,,,,,,,,,,,,
,,,,,,,,,,,,,,,,
,,,,,,,,,,,,,,,,
,,,,,,,,,,,,,,,,
,,,,,,,,,,,,,,,,
,,,,,,,,,,,,,,,,
,,,,,,,,,,,,,,,,
,,,,,,,,,,,,,,,,
,,,,,,,,,,,,,,,,
,,,,,,,,,,,,,,,,
,,,,,,,,,,,,,,,,
,,,,,,,,,,,,,,,,
,,,,,,,,,,,,,,,,
,,,,,,,,,,,,,,,,
,,,,,,,,,,,,,,,,
,,,,,,,,,,,,,,,,
,,,,,,,,,,,,,,,,
,,,,,,,,,,,,,,,,
,,,,,,,,,,,,,,,,
,,,,,,,,,,,,,,,,
,,,,,,,,,,,,,,,,
,,,,,,,,,,,,,,,,
,,,,,,,,,,,,,,,,
,,,,,,,,,,,,,,,,
,,,,,,,,,,,,,,,,
,,,,,,,,,,,,,,,,
,,,,,,,,,,,,,,,,
,,,,,,,,,,,,,,,,
,,,,,,,,,,,,,,,,
,,,,,,,,,,,,,,,,
,,,,,,,,,,,,,,,,
,,,,,,,,,,,,,,,,
,,,,,,,,,,,,,,,,
,,,,,,,,,,,,,,,,
,,,,,,,,,,,,,,,,
,,,,,,,,,,,,,,,,
,,,,,,,,,,,,,,,,
,,,,,,,,,,,,,,,,
,,,,,,,,,,,,,,,,
,,,,,,,,,,,,,,,,
,,,,,,,,,,,,,,,,
,,,,,,,,,,,,,,,,
,,,,,,,,,,,,,,,,
,,,,,,,,,,,,,,,,
,,,,,,,,,,,,,,,,
,,,,,,,,,,,,,,,,
,,,,,,,,,,,,,,,,
,,,,,,,,,,,,,,,,
,,,,,,,,,,,,,,,,
,,,,,,,,,,,,,,,,
,,,,,,,,,,,,,,,,
,,,,,,,,,,,,,,,,
,,,,,,,,,,,,,,,,
,,,,,,,,,,,,,,,,
,,,,,,,,,,,,,,,,
,,,,,,,,,,,,,,,,
,,,,,,,,,,,,,,,,
,,,,,,,,,,,,,,,,
,,,,,,,,,,,,,,,,
,,,,,,,,,,,,,,,,
,,,,,,,,,,,,,,,,
,,,,,,,,,,,,,,,,
,,,,,,,,,,,,,,,,
,,,,,,,,,,,,,,,,
,,,,,,,,,,,,,,,,
,,,,,,,,,,,,,,,,
,,,,,,,,,,,,,,,,
,,,,,,,,,,,,,,,,
,,,,,,,,,,,,,,,,
,,,,,,,,,,,,,,,,
,,,,,,,,,,,,,,,,
,,,,,,,,,,,,,,,,
,,,,,,,,,,,,,,,,
,,,,,,,,,,,,,,,,
,,,,,,,,,,,,,,,,
,,,,,,,,,,,,,,,,
,,,,,,,,,,,,,,,,
,,,,,,,,,,,,,,,,
,,,,,,,,,,,,,,,,
,,,,,,,,,,,,,,,,
,,,,,,,,,,,,,,,,
,,,,,,,,,,,,,,,,
,,,,,,,,,,,,,,,,
,,,,,,,,,,,,,,,,
,,,,,,,,,,,,,,,,
,,,,,,,,,,,,,,,,
,,,,,,,,,,,,,,,,
,,,,,,,,,,,,,,,,
,,,,,,,,,,,,,,,,
,,,,,,,,,,,,,,,,
,,,,,,,,,,,,,,,,
,,,,,,,,,,,,,,,,
,,,,,,,,,,,,,,,,
,,,,,,,,,,,,,,,,
,,,,,,,,,,,,,,,,
,,,,,,,,,,,,,,,,
,,,,,,,,,,,,,,,,
,,,,,,,,,,,,,,,,
,,,,,,,,,,,,,,,,
,,,,,,,,,,,,,,,,
,,,,,,,,,,,,,,,,
,,,,,,,,,,,,,,,,
,,,,,,,,,,,,,,,,
,,,,,,,,,,,,,,,,
,,,,,,,,,,,,,,,,
,,,,,,,,,,,,,,,,
,,,,,,,,,,,,,,,,
,,,,,,,,,,,,,,,,
,,,,,,,,,,,,,,,,
,,,,,,,,,,,,,,,,
,,,,,,,,,,,,,,,,
,,,,,,,,,,,,,,,,
,,,,,,,,,,,,,,,,
,,,,,,,,,,,,,,,,
,,,,,,,,,,,,,,,,
,,,,,,,,,,,,,,,,
,,,,,,,,,,,,,,,,
,,,,,,,,,,,,,,,,
,,,,,,,,,,,,,,,,
,,,,,,,,,,,,,,,,
,,,,,,,,,,,,,,,,
,,,,,,,,,,,,,,,,
,,,,,,,,,,,,,,,,
,,,,,,,,,,,,,,,,
,,,,,,,,,,,,,,,,
,,,,,,,,,,,,,,,,
,,,,,,,,,,,,,,,,
,,,,,,,,,,,,,,,,
,,,,,,,,,,,,,,,,
,,,,,,,,,,,,,,,,
,,,,,,,,,,,,,,,,
,,,,,,,,,,,,,,,,
,,,,,,,,,,,,,,,,
,,,,,,,,,,,,,,,,
,,,,,,,,,,,,,,,,
,,,,,,,,,,,,,,,,
,,,,,,,,,,,,,,,,
,,,,,,,,,,,,,,,,
,,,,,,,,,,,,,,,,
,,,,,,,,,,,,,,,,
,,,,,,,,,,,,,,,,
,,,,,,,,,,,,,,,,
,,,,,,,,,,,,,,,,
,,,,,,,,,,,,,,,,
,,,,,,,,,,,,,,,,
,,,,,,,,,,,,,,,,
,,,,,,,,,,,,,,,,
,,,,,,,,,,,,,,,,
,,,,,,,,,,,,,,,,
,,,,,,,,,,,,,,,,
,,,,,,,,,,,,,,,,
,,,,,,,,,,,,,,,,
,,,,,,,,,,,,,,,,
,,,,,,,,,,,,,,,,
,,,,,,,,,,,,,,,,
,,,,,,,,,,,,,,,,
,,,,,,,,,,,,,,,,
,,,,,,,,,,,,,,,,
,,,,,,,,,,,,,,,,
,,,,,,,,,,,,,,,,
,,,,,,,,,,,,,,,,
,,,,,,,,,,,,,,,,
,,,,,,,,,,,,,,,,
,,,,,,,,,,,,,,,,
,,,,,,,,,,,,,,,,
,,,,,,,,,,,,,,,,
,,,,,,,,,,,,,,,,
,,,,,,,,,,,,,,,,
,,,,,,,,,,,,,,,,
,,,,,,,,,,,,,,,,
,,,,,,,,,,,,,,,,
,,,,,,,,,,,,,,,,
,,,,,,,,,,,,,,,,
,,,,,,,,,,,,,,,,
,,,,,,,,,,,,,,,,
,,,,,,,,,,,,,,,,
,,,,,,,,,,,,,,,,
,,,,,,,,,,,,,,,,
,,,,,,,,,,,,,,,,
,,,,,,,,,,,,,,,,
,,,,,,,,,,,,,,,,
,,,,,,,,,,,,,,,,
,,,,,,,,,,,,,,,,
,,,,,,,,,,,,,,,,
,,,,,,,,,,,,,,,,
,,,,,,,,,,,,,,,,
,,,,,,,,,,,,,,,,
,,,,,,,,,,,,,,,,
,,,,,,,,,,,,,,,,
,,,,,,,,,,,,,,,,
,,,,,,,,,,,,,,,,
,,,,,,,,,,,,,,,,
,,,,,,,,,,,,,,,,
,,,,,,,,,,,,,,,,
,,,,,,,,,,,,,,,,
,,,,,,,,,,,,,,,,
,,,,,,,,,,,,,,,,
,,,,,,,,,,,,,,,,
,,,,,,,,,,,,,,,,
,,,,,,,,,,,,,,,,
,,,,,,,,,,,,,,,,
,,,,,,,,,,,,,,,,
,,,,,,,,,,,,,,,,
,,,,,,,,,,,,,,,,
,,,,,,,,,,,,,,,,
,,,,,,,,,,,,,,,,
,,,,,,,,,,,,,,,,
,,,,,,,,,,,,,,,,
,,,,,,,,,,,,,,,,
,,,,,,,,,,,,,,,,
,,,,,,,,,,,,,,,,
,,,,,,,,,,,,,,,,
,,,,,,,,,,,,,,,,
,,,,,,,,,,,,,,,,
,,,,,,,,,,,,,,,,
,,,,,,,,,,,,,,,,
,,,,,,,,,,,,,,,,
,,,,,,,,,,,,,,,,
,,,,,,,,,,,,,,,,
,,,,,,,,,,,,,,,,
,,,,,,,,,,,,,,,,
,,,,,,,,,,,,,,,,
,,,,,,,,,,,,,,,,
,,,,,,,,,,,,,,,,
,,,,,,,,,,,,,,,,
,,,,,,,,,,,,,,,,
,,,,,,,,,,,,,,,,
,,,,,,,,,,,,,,,,
,,,,,,,,,,,,,,,,
,,,,,,,,,,,,,,,,
,,,,,,,,,,,,,,,,
,,,,,,,,,,,,,,,,
,,,,,,,,,,,,,,,,
,,,,,,,,,,,,,,,,
,,,,,,,,,,,,,,,,
,,,,,,,,,,,,,,,,
,,,,,,,,,,,,,,,,
,,,,,,,,,,,,,,,,
,,,,,,,,,,,,,,,,
,,,,,,,,,,,,,,,,
,,,,,,,,,,,,,,,,
,,,,,,,,,,,,,,,,
,,,,,,,,,,,,,,,,
,,,,,,,,,,,,,,,,
,,,,,,,,,,,,,,,,
,,,,,,,,,,,,,,,,
,,,,,,,,,,,,,,,,
,,,,,,,,,,,,,,,,
,,,,,,,,,,,,,,,,
,,,,,,,,,,,,,,,,
,,,,,,,,,,,,,,,,
,,,,,,,,,,,,,,,,
,,,,,,,,,,,,,,,,
,,,,,,,,,,,,,,,,
,,,,,,,,,,,,,,,,
,,,,,,,,,,,,,,,,
,,,,,,,,,,,,,,,,
,,,,,,,,,,,,,,,,
,,,,,,,,,,,,,,,,
,,,,,,,,,,,,,,,,
,,,,,,,,,,,,,,,,
,,,,,,,,,,,,,,,,
,,,,,,,,,,,,,,,,
,,,,,,,,,,,,,,,,
,,,,,,,,,,,,,,,,
,,,,,,,,,,,,,,,,
,,,,,,,,,,,,,,,,
,,,,,,,,,,,,,,,,
,,,,,,,,,,,,,,,,
,,,,,,,,,,,,,,,,
,,,,,,,,,,,,,,,,
,,,,,,,,,,,,,,,,
,,,,,,,,,,,,,,,,
,,,,,,,,,,,,,,,,
,,,,,,,,,,,,,,,,
,,,,,,,,,,,,,,,,
,,,,,,,,,,,,,,,,
,,,,,,,,,,,,,,,,
,,,,,,,,,,,,,,,,
,,,,,,,,,,,,,,,,
,,,,,,,,,,,,,,,,
,,,,,,,,,,,,,,,,
,,,,,,,,,,,,,,,,
,,,,,,,,,,,,,,,,
,,,,,,,,,,,,,,,,
,,,,,,,,,,,,,,,,
,,,,,,,,,,,,,,,,
,,,,,,,,,,,,,,,,
,,,,,,,,,,,,,,,,
,,,,,,,,,,,,,,,,
,,,,,,,,,,,,,,,,
,,,,,,,,,,,,,,,,
,,,,,,,,,,,,,,,,
,,,,,,,,,,,,,,,,
,,,,,,,,,,,,,,,,
,,,,,,,,,,,,,,,,
,,,,,,,,,,,,,,,,
,,,,,,,,,,,,,,,,
,,,,,,,,,,,,,,,,
,,,,,,,,,,,,,,,,
,,,,,,,,,,,,,,,,
,,,,,,,,,,,,,,,,
,,,,,,,,,,,,,,,,
,,,,,,,,,,,,,,,,
,,,,,,,,,,,,,,,,
,,,,,,,,,,,,,,,,
,,,,,,,,,,,,,,,,
,,,,,,,,,,,,,,,,
,,,,,,,,,,,,,,,,
,,,,,,,,,,,,,,,,
,,,,,,,,,,,,,,,,
,,,,,,,,,,,,,,,,
,,,,,,,,,,,,,,,,
,,,,,,,,,,,,,,,,
,,,,,,,,,,,,,,,,
,,,,,,,,,,,,,,,,
,,,,,,,,,,,,,,,,
,,,,,,,,,,,,,,,,
,,,,,,,,,,,,,,,,
,,,,,,,,,,,,,,,,
,,,,,,,,,,,,,,,,
,,,,,,,,,,,,,,,,
,,,,,,,,,,,,,,,,
,,,,,,,,,,,,,,,,
,,,,,,,,,,,,,,,,
,,,,,,,,,,,,,,,,
,,,,,,,,,,,,,,,,
,,,,,,,,,,,,,,,,
,,,,,,,,,,,,,,,,
,,,,,,,,,,,,,,,,
,,,,,,,,,,,,,,,,
,,,,,,,,,,,,,,,,
,,,,,,,,,,,,,,,,
,,,,,,,,,,,,,,,,
,,,,,,,,,,,,,,,,
,,,,,,,,,,,,,,,,
,,,,,,,,,,,,,,,,
,,,,,,,,,,,,,,,,
,,,,,,,,,,,,,,,,
,,,,,,,,,,,,,,,,
,,,,,,,,,,,,,,,,
,,,,,,,,,,,,,,,,
,,,,,,,,,,,,,,,,
,,,,,,,,,,,,,,,,
,,,,,,,,,,,,,,,,
,,,,,,,,,,,,,,,,
,,,,,,,,,,,,,,,,
,,,,,,,,,,,,,,,,
,,,,,,,,,,,,,,,,
,,,,,,,,,,,,,,,,
,,,,,,,,,,,,,,,,
,,,,,,,,,,,,,,,,
,,,,,,,,,,,,,,,,
,,,,,,,,,,,,,,,,
,,,,,,,,,,,,,,,,
,,,,,,,,,,,,,,,,
,,,,,,,,,,,,,,,,
,,,,,,,,,,,,,,,,
,,,,,,,,,,,,,,,,
,,,,,,,,,,,,,,,,
,,,,,,,,,,,,,,,,
,,,,,,,,,,,,,,,,
,,,,,,,,,,,,,,,,
,,,,,,,,,,,,,,,,
,,,,,,,,,,,,,,,,
,,,,,,,,,,,,,,,,
,,,,,,,,,,,,,,,,
,,,,,,,,,,,,,,,,
,,,,,,,,,,,,,,,,
,,,,,,,,,,,,,,,,
,,,,,,,,,,,,,,,,
,,,,,,,,,,,,,,,,
,,,,,,,,,,,,,,,,
,,,,,,,,,,,,,,,,
,,,,,,,,,,,,,,,,
,,,,,,,,,,,,,,,,
,,,,,,,,,,,,,,,,
,,,,,,,,,,,,,,,,
,,,,,,,,,,,,,,,,
,,,,,,,,,,,,,,,,
,,,,,,,,,,,,,,,,
,,,,,,,,,,,,,,,,
,,,,,,,,,,,,,,,,
,,,,,,,,,,,,,,,,
,,,,,,,,,,,,,,,,
,,,,,,,,,,,,,,,,
,,,,,,,,,,,,,,,,
,,,,,,,,,,,,,,,,
,,,,,,,,,,,,,,,,
,,,,,,,,,,,,,,,,
,,,,,,,,,,,,,,,,
,,,,,,,,,,,,,,,,
,,,,,,,,,,,,,,,,
,,,,,,,,,,,,,,,,
,,,,,,,,,,,,,,,,
,,,,,,,,,,,,,,,,
,,,,,,,,,,,,,,,,
,,,,,,,,,,,,,,,,
,,,,,,,,,,,,,,,,
,,,,,,,,,,,,,,,,
,,,,,,,,,,,,,,,,
,,,,,,,,,,,,,,,,
,,,,,,,,,,,,,,,,
,,,,,,,,,,,,,,,,
,,,,,,,,,,,,,,,,
,,,,,,,,,,,,,,,,
,,,,,,,,,,,,,,,,
,,,,,,,,,,,,,,,,
,,,,,,,,,,,,,,,,
,,,,,,,,,,,,,,,,
,,,,,,,,,,,,,,,,
,,,,,,,,,,,,,,,,
,,,,,,,,,,,,,,,,
,,,,,,,,,,,,,,,,
,,,,,,,,,,,,,,,,
,,,,,,,,,,,,,,,,
,,,,,,,,,,,,,,,,
,,,,,,,,,,,,,,,,
,,,,,,,,,,,,,,,,
,,,,,,,,,,,,,,,,
,,,,,,,,,,,,,,,,
,,,,,,,,,,,,,,,,
,,,,,,,,,,,,,,,,
,,,,,,,,,,,,,,,,
,,,,,,,,,,,,,,,,
,,,,,,,,,,,,,,,,
,,,,,,,,,,,,,,,,
,,,,,,,,,,,,,,,,
,,,,,,,,,,,,,,,,
,,,,,,,,,,,,,,,,
,,,,,,,,,,,,,,,,
,,,,,,,,,,,,,,,,
,,,,,,,,,,,,,,,,
,,,,,,,,,,,,,,,,
,,,,,,,,,,,,,,,,
,,,,,,,,,,,,,,,,
,,,,,,,,,,,,,,,,
,,,,,,,,,,,,,,,,
,,,,,,,,,,,,,,,,
,,,,,,,,,,,,,,,,
,,,,,,,,,,,,,,,,
,,,,,,,,,,,,,,,,
,,,,,,,,,,,,,,,,
,,,,,,,,,,,,,,,,
,,,,,,,,,,,,,,,,
,,,,,,,,,,,,,,,,
,,,,,,,,,,,,,,,,
,,,,,,,,,,,,,,,,
,,,,,,,,,,,,,,,,
,,,,,,,,,,,,,,,,
,,,,,,,,,,,,,,,,
,,,,,,,,,,,,,,,,
,,,,,,,,,,,,,,,,
,,,,,,,,,,,,,,,,
,,,,,,,,,,,,,,,,
,,,,,,,,,,,,,,,,
,,,,,,,,,,,,,,,,
,,,,,,,,,,,,,,,,
,,,,,,,,,,,,,,,,
,,,,,,,,,,,,,,,,
,,,,,,,,,,,,,,,,
,,,,,,,,,,,,,,,,
,,,,,,,,,,,,,,,,
,,,,,,,,,,,,,,,,
,,,,,,,,,,,,,,,,
,,,,,,,,,,,,,,,,
,,,,,,,,,,,,,,,,
,,,,,,,,,,,,,,,,
,,,,,,,,,,,,,,,,
,,,,,,,,,,,,,,,,
,,,,,,,,,,,,,,,,
,,,,,,,,,,,,,,,,
,,,,,,,,,,,,,,,,
,,,,,,,,,,,,,,,,
,,,,,,,,,,,,,,,,
,,,,,,,,,,,,,,,,
,,,,,,,,,,,,,,,,
,,,,,,,,,,,,,,,,
,,,,,,,,,,,,,,,,
,,,,,,,,,,,,,,,,
,,,,,,,,,,,,,,,,
,,,,,,,,,,,,,,,,
,,,,,,,,,,,,,,,,
,,,,,,,,,,,,,,,,
,,,,,,,,,,,,,,,,
,,,,,,,,,,,,,,,,
,,,,,,,,,,,,,,,,
,,,,,,,,,,,,,,,,
,,,,,,,,,,,,,,,,
,,,,,,,,,,,,,,,,
,,,,,,,,,,,,,,,,
,,,,,,,,,,,,,,,,
,,,,,,,,,,,,,,,,
,,,,,,,,,,,,,,,,
,,,,,,,,,,,,,,,,
,,,,,,,,,,,,,,,,
,,,,,,,,,,,,,,,,
,,,,,,,,,,,,,,,,
,,,,,,,,,,,,,,,,
,,,,,,,,,,,,,,,,
,,,,,,,,,,,,,,,,
,,,,,,,,,,,,,,,,
,,,,,,,,,,,,,,,,
,,,,,,,,,,,,,,,,
,,,,,,,,,,,,,,,,
,,,,,,,,,,,,,,,,
,,,,,,,,,,,,,,,,
,,,,,,,,,,,,,,,,
,,,,,,,,,,,,,,,,
,,,,,,,,,,,,,,,,
,,,,,,,,,,,,,,,,
,,,,,,,,,,,,,,,,
,,,,,,,,,,,,,,,,
,,,,,,,,,,,,,,,,
,,,,,,,,,,,,,,,,
,,,,,,,,,,,,,,,,
,,,,,,,,,,,,,,,,
,,,,,,,,,,,,,,,,
,,,,,,,,,,,,,,,,
,,,,,,,,,,,,,,,,
,,,,,,,,,,,,,,,,
,,,,,,,,,,,,,,,,
,,,,,,,,,,,,,,,,
,,,,,,,,,,,,,,,,
,,,,,,,,,,,,,,,,
,,,,,,,,,,,,,,,,
,,,,,,,,,,,,,,,,
,,,,,,,,,,,,,,,,
,,,,,,,,,,,,,,,,
,,,,,,,,,,,,,,,,
,,,,,,,,,,,,,,,,
,,,,,,,,,,,,,,,,
,,,,,,,,,,,,,,,,
,,,,,,,,,,,,,,,,
,,,,,,,,,,,,,,,,
,,,,,,,,,,,,,,,,
,,,,,,,,,,,,,,,,
,,,,,,,,,,,,,,,,
,,,,,,,,,,,,,,,,
,,,,,,,,,,,,,,,,
,,,,,,,,,,,,,,,,
,,,,,,,,,,,,,,,,
,,,,,,,,,,,,,,,,
,,,,,,,,,,,,,,,,
,,,,,,,,,,,,,,,,
,,,,,,,,,,,,,,,,
,,,,,,,,,,,,,,,,
,,,,,,,,,,,,,,,,
,,,,,,,,,,,,,,,,
,,,,,,,,,,,,,,,,
,,,,,,,,,,,,,,,,
,,,,,,,,,,,,,,,,
,,,,,,,,,,,,,,,,
,,,,,,,,,,,,,,,,
,,,,,,,,,,,,,,,,
,,,,,,,,,,,,,,,,
,,,,,,,,,,,,,,,,
,,,,,,,,,,,,,,,,
,,,,,,,,,,,,,,,,
,,,,,,,,,,,,,,,,
,,,,,,,,,,,,,,,,
,,,,,,,,,,,,,,,,
,,,,,,,,,,,,,,,,
,,,,,,,,,,,,,,,,
,,,,,,,,,,,,,,,,
,,,,,,,,,,,,,,,,
,,,,,,,,,,,,,,,,
,,,,,,,,,,,,,,,,
,,,,,,,,,,,,,,,,
,,,,,,,,,,,,,,,,
,,,,,,,,,,,,,,,,
,,,,,,,,,,,,,,,,
,,,,,,,,,,,,,,,,
,,,,,,,,,,,,,,,,
,,,,,,,,,,,,,,,,
,,,,,,,,,,,,,,,,
,,,,,,,,,,,,,,,,
,,,,,,,,,,,,,,,,
,,,,,,,,,,,,,,,,
,,,,,,,,,,,,,,,,
,,,,,,,,,,,,,,,,
,,,,,,,,,,,,,,,,
,,,,,,,,,,,,,,,,
,,,,,,,,,,,,,,,,
,,,,,,,,,,,,,,,,
,,,,,,,,,,,,,,,,
,,,,,,,,,,,,,,,,
,,,,,,,,,,,,,,,,
,,,,,,,,,,,,,,,,
,,,,,,,,,,,,,,,,
,,,,,,,,,,,,,,,,
,,,,,,,,,,,,,,,,
,,,,,,,,,,,,,,,,
,,,,,,,,,,,,,,,,
,,,,,,,,,,,,,,,,
,,,,,,,,,,,,,,,,
,,,,,,,,,,,,,,,,
,,,,,,,,,,,,,,,,
,,,,,,,,,,,,,,,,
,,,,,,,,,,,,,,,,
,,,,,,,,,,,,,,,,
,,,,,,,,,,,,,,,,
,,,,,,,,,,,,,,,,
,,,,,,,,,,,,,,,,
,,,,,,,,,,,,,,,,
,,,,,,,,,,,,,,,,
,,,,,,,,,,,,,,,,
,,,,,,,,,,,,,,,,
,,,,,,,,,,,,,,,,
,,,,,,,,,,,,,,,,
,,,,,,,,,,,,,,,,
,,,,,,,,,,,,,,,,
,,,,,,,,,,,,,,,,
,,,,,,,,,,,,,,,,
,,,,,,,,,,,,,,,,
,,,,,,,,,,,,,,,,
,,,,,,,,,,,,,,,,
,,,,,,,,,,,,,,,,
,,,,,,,,,,,,,,,,
,,,,,,,,,,,,,,,,
,,,,,,,,,,,,,,,,
,,,,,,,,,,,,,,,,
,,,,,,,,,,,,,,,,
,,,,,,,,,,,,,,,,
,,,,,,,,,,,,,,,,
,,,,,,,,,,,,,,,,
,,,,,,,,,,,,,,,,
,,,,,,,,,,,,,,,,
,,,,,,,,,,,,,,,,
,,,,,,,,,,,,,,,,
,,,,,,,,,,,,,,,,
,,,,,,,,,,,,,,,,
,,,,,,,,,,,,,,,,
,,,,,,,,,,,,,,,,
,,,,,,,,,,,,,,,,
,,,,,,,,,,,,,,,,
,,,,,,,,,,,,,,,,
,,,,,,,,,,,,,,,,
,,,,,,,,,,,,,,,,
,,,,,,,,,,,,,,,,
,,,,,,,,,,,,,,,,
,,,,,,,,,,,,,,,,
,,,,,,,,,,,,,,,,
,,,,,,,,,,,,,,,,
,,,,,,,,,,,,,,,,
,,,,,,,,,,,,,,,,
,,,,,,,,,,,,,,,,
,,,,,,,,,,,,,,,,
,,,,,,,,,,,,,,,,
,,,,,,,,,,,,,,,,
,,,,,,,,,,,,,,,,
,,,,,,,,,,,,,,,,
,,,,,,,,,,,,,,,,
,,,,,,,,,,,,,,,,
,,,,,,,,,,,,,,,,
,,,,,,,,,,,,,,,,
,,,,,,,,,,,,,,,,
,,,,,,,,,,,,,,,,
,,,,,,,,,,,,,,,,
,,,,,,,,,,,,,,,,
,,,,,,,,,,,,,,,,
,,,,,,,,,,,,,,,,
,,,,,,,,,,,,,,,,
,,,,,,,,,,,,,,,,
,,,,,,,,,,,,,,,,
,,,,,,,,,,,,,,,,
,,,,,,,,,,,,,,,,
,,,,,,,,,,,,,,,,
,,,,,,,,,,,,,,,,
,,,,,,,,,,,,,,,,
,,,,,,,,,,,,,,,,
,,,,,,,,,,,,,,,,
,,,,,,,,,,,,,,,,
,,,,,,,,,,,,,,,,
,,,,,,,,,,,,,,,,
,,,,,,,,,,,,,,,,
,,,,,,,,,,,,,,,,
,,,,,,,,,,,,,,,,
,,,,,,,,,,,,,,,,
,,,,,,,,,,,,,,,,
,,,,,,,,,,,,,,,,
,,,,,,,,,,,,,,,,
,,,,,,,,,,,,,,,,
,,,,,,,,,,,,,,,,
,,,,,,,,,,,,,,,,
,,,,,,,,,,,,,,,,
,,,,,,,,,,,,,,,,
,,,,,,,,,,,,,,,,
,,,,,,,,,,,,,,,,
,,,,,,,,,,,,,,,,
,,,,,,,,,,,,,,,,
,,,,,,,,,,,,,,,,
,,,,,,,,,,,,,,,,
,,,,,,,,,,,,,,,,
,,,,,,,,,,,,,,,,
,,,,,,,,,,,,,,,,
,,,,,,,,,,,,,,,,
,,,,,,,,,,,,,,,,
,,,,,,,,,,,,,,,,
,,,,,,,,,,,,,,,,
,,,,,,,,,,,,,,,,
,,,,,,,,,,,,,,,,
,,,,,,,,,,,,,,,,
,,,,,,,,,,,,,,,,
,,,,,,,,,,,,,,,,
,,,,,,,,,,,,,,,,
,,,,,,,,,,,,,,,,
,,,,,,,,,,,,,,,,
,,,,,,,,,,,,,,,,
,,,,,,,,,,,,,,,,
,,,,,,,,,,,,,,,,
,,,,,,,,,,,,,,,,
,,,,,,,,,,,,,,,,
,,,,,,,,,,,,,,,,
,,,,,,,,,,,,,,,,
,,,,,,,,,,,,,,,,
,,,,,,,,,,,,,,,,
,,,,,,,,,,,,,,,,
,,,,,,,,,,,,,,,,
,,,,,,,,,,,,,,,,
,,,,,,,,,,,,,,,,
,,,,,,,,,,,,,,,,
,,,,,,,,,,,,,,,,
,,,,,,,,,,,,,,,,
,,,,,,,,,,,,,,,,
,,,,,,,,,,,,,,,,
,,,,,,,,,,,,,,,,
,,,,,,,,,,,,,,,,
,,,,,,,,,,,,,,,,
,,,,,,,,,,,,,,,,
,,,,,,,,,,,,,,,,
,,,,,,,,,,,,,,,,
,,,,,,,,,,,,,,,,
,,,,,,,,,,,,,,,,
,,,,,,,,,,,,,,,,
,,,,,,,,,,,,,,,,
,,,,,,,,,,,,,,,,
,,,,,,,,,,,,,,,,
,,,,,,,,,,,,,,,,
,,,,,,,,,,,,,,,,
,,,,,,,,,,,,,,,,
,,,,,,,,,,,,,,,,
,,,,,,,,,,,,,,,,
,,,,,,,,,,,,,,,,
,,,,,,,,,,,,,,,,
,,,,,,,,,,,,,,,,
,,,,,,,,,,,,,,,,
,,,,,,,,,,,,,,,,
,,,,,,,,,,,,,,,,
,,,,,,,,,,,,,,,,
,,,,,,,,,,,,,,,,
,,,,,,,,,,,,,,,,
,,,,,,,,,,,,,,,,
,,,,,,,,,,,,,,,,
,,,,,,,,,,,,,,,,
,,,,,,,,,,,,,,,,
,,,,,,,,,,,,,,,,
,,,,,,,,,,,,,,,,
,,,,,,,,,,,,,,,,
,,,,,,,,,,,,,,,,
,,,,,,,,,,,,,,,,
,,,,,,,,,,,,,,,,
,,,,,,,,,,,,,,,,
,,,,,,,,,,,,,,,,
,,,,,,,,,,,,,,,,
,,,,,,,,,,,,,,,,
,,,,,,,,,,,,,,,,
,,,,,,,,,,,,,,,,
,,,,,,,,,,,,,,,,
,,,,,,,,,,,,,,,,
,,,,,,,,,,,,,,,,
,,,,,,,,,,,,,,,,
,,,,,,,,,,,,,,,,
,,,,,,,,,,,,,,,,
,,,,,,,,,,,,,,,,
,,,,,,,,,,,,,,,,
,,,,,,,,,,,,,,,,
,,,,,,,,,,,,,,,,
,,,,,,,,,,,,,,,,
,,,,,,,,,,,,,,,,
,,,,,,,,,,,,,,,,
,,,,,,,,,,,,,,,,
,,,,,,,,,,,,,,,,
,,,,,,,,,,,,,,,,
,,,,,,,,,,,,,,,,
,,,,,,,,,,,,,,,,
,,,,,,,,,,,,,,,,
,,,,,,,,,,,,,,,,
,,,,,,,,,,,,,,,,
,,,,,,,,,,,,,,,,
,,,,,,,,,,,,,,,,
,,,,,,,,,,,,,,,,
,,,,,,,,,,,,,,,,
,,,,,,,,,,,,,,,,
,,,,,,,,,,,,,,,,
,,,,,,,,,,,,,,,,
,,,,,,,,,,,,,,,,
,,,,,,,,,,,,,,,,
,,,,,,,,,,,,,,,,
,,,,,,,,,,,,,,,,
,,,,,,,,,,,,,,,,
,,,,,,,,,,,,,,,,
,,,,,,,,,,,,,,,,
,,,,,,,,,,,,,,,,
,,,,,,,,,,,,,,,,
,,,,,,,,,,,,,,,,
,,,,,,,,,,,,,,,,
,,,,,,,,,,,,,,,,
,,,,,,,,,,,,,,,,
,,,,,,,,,,,,,,,,
,,,,,,,,,,,,,,,,
,,,,,,,,,,,,,,,,
,,,,,,,,,,,,,,,,
,,,,,,,,,,,,,,,,
,,,,,,,,,,,,,,,,
,,,,,,,,,,,,,,,,
,,,,,,,,,,,,,,,,
,,,,,,,,,,,,,,,,
,,,,,,,,,,,,,,,,
,,,,,,,,,,,,,,,,
,,,,,,,,,,,,,,,,
,,,,,,,,,,,,,,,,
,,,,,,,,,,,,,,,,
,,,,,,,,,,,,,,,,
,,,,,,,,,,,,,,,,
,,,,,,,,,,,,,,,,
,,,,,,,,,,,,,,,,
,,,,,,,,,,,,,,,,
,,,,,,,,,,,,,,,,
,,,,,,,,,,,,,,,,
,,,,,,,,,,,,,,,,
,,,,,,,,,,,,,,,,
,,,,,,,,,,,,,,,,
,,,,,,,,,,,,,,,,
,,,,,,,,,,,,,,,,
,,,,,,,,,,,,,,,,
,,,,,,,,,,,,,,,,
,,,,,,,,,,,,,,,,
,,,,,,,,,,,,,,,,
,,,,,,,,,,,,,,,,
,,,,,,,,,,,,,,,,
,,,,,,,,,,,,,,,,
,,,,,,,,,,,,,,,,
,,,,,,,,,,,,,,,,
,,,,,,,,,,,,,,,,
,,,,,,,,,,,,,,,,
,,,,,,,,,,,,,,,,
,,,,,,,,,,,,,,,,
,,,,,,,,,,,,,,,,
,,,,,,,,,,,,,,,,
,,,,,,,,,,,,,,,,
,,,,,,,,,,,,,,,,
,,,,,,,,,,,,,,,,
,,,,,,,,,,,,,,,,
,,,,,,,,,,,,,,,,
,,,,,,,,,,,,,,,,
,,,,,,,,,,,,,,,,
,,,,,,,,,,,,,,,,
,,,,,,,,,,,,,,,,
,,,,,,,,,,,,,,,,
,,,,,,,,,,,,,,,,
,,,,,,,,,,,,,,,,
,,,,,,,,,,,,,,,,
,,,,,,,,,,,,,,,,
,,,,,,,,,,,,,,,,
,,,,,,,,,,,,,,,,
,,,,,,,,,,,,,,,,
,,,,,,,,,,,,,,,,
,,,,,,,,,,,,,,,,
,,,,,,,,,,,,,,,,
,,,,,,,,,,,,,,,,
,,,,,,,,,,,,,,,,
,,,,,,,,,,,,,,,,
,,,,,,,,,,,,,,,,
,,,,,,,,,,,,,,,,
,,,,,,,,,,,,,,,,
,,,,,,,,,,,,,,,,
,,,,,,,,,,,,,,,,
,,,,,,,,,,,,,,,,
,,,,,,,,,,,,,,,,
,,,,,,,,,,,,,,,,
,,,,,,,,,,,,,,,,
,,,,,,,,,,,,,,,,
,,,,,,,,,,,,,,,,
,,,,,,,,,,,,,,,,
,,,,,,,,,,,,,,,,
,,,,,,,,,,,,,,,,
,,,,,,,,,,,,,,,,
,,,,,,,,,,,,,,,,
,,,,,,,,,,,,,,,,
,,,,,,,,,,,,,,,,
,,,,,,,,,,,,,,,,
,,,,,,,,,,,,,,,,
,,,,,,,,,,,,,,,,
,,,,,,,,,,,,,,,,
,,,,,,,,,,,,,,,,
,,,,,,,,,,,,,,,,
,,,,,,,,,,,,,,,,
,,,,,,,,,,,,,,,,
,,,,,,,,,,,,,,,,
,,,,,,,,,,,,,,,,
,,,,,,,,,,,,,,,,
,,,,,,,,,,,,,,,,
,,,,,,,,,,,,,,,,
,,,,,,,,,,,,,,,,
,,,,,,,,,,,,,,,,
,,,,,,,,,,,,,,,,
,,,,,,,,,,,,,,,,
,,,,,,,,,,,,,,,,
,,,,,,,,,,,,,,,,
,,,,,,,,,,,,,,,,
,,,,,,,,,,,,,,,,
,,,,,,,,,,,,,,,,
,,,,,,,,,,,,,,,,
,,,,,,,,,,,,,,,,
,,,,,,,,,,,,,,,,
,,,,,,,,,,,,,,,,
,,,,,,,,,,,,,,,,
,,,,,,,,,,,,,,,,
,,,,,,,,,,,,,,,,
,,,,,,,,,,,,,,,,
,,,,,,,,,,,,,,,,
,,,,,,,,,,,,,,,,
,,,,,,,,,,,,,,,,
,,,,,,,,,,,,,,,,
,,,,,,,,,,,,,,,,
,,,,,,,,,,,,,,,,
,,,,,,,,,,,,,,,,
,,,,,,,,,,,,,,,,
,,,,,,,,,,,,,,,,
,,,,,,,,,,,,,,,,
,,,,,,,,,,,,,,,,
,,,,,,,,,,,,,,,,
,,,,,,,,,,,,,,,,
,,,,,,,,,,,,,,,,
,,,,,,,,,,,,,,,,
,,,,,,,,,,,,,,,,
,,,,,,,,,,,,,,,,
,,,,,,,,,,,,,,,,
,,,,,,,,,,,,,,,,
,,,,,,,,,,,,,,,,
,,,,,,,,,,,,,,,,
,,,,,,,,,,,,,,,,
,,,,,,,,,,,,,,,,
,,,,,,,,,,,,,,,,
,,,,,,,,,,,,,,,,
,,,,,,,,,,,,,,,,
,,,,,,,,,,,,,,,,
,,,,,,,,,,,,,,,,
,,,,,,,,,,,,,,,,
,,,,,,,,,,,,,,,,
,,,,,,,,,,,,,,,,
,,,,,,,,,,,,,,,,
,,,,,,,,,,,,,,,,
,,,,,,,,,,,,,,,,
,,,,,,,,,,,,,,,,
,,,,,,,,,,,,,,,,
,,,,,,,,,,,,,,,,
,,,,,,,,,,,,,,,,
,,,,,,,,,,,,,,,,
,,,,,,,,,,,,,,,,
,,,,,,,,,,,,,,,,
,,,,,,,,,,,,,,,,
,,,,,,,,,,,,,,,,
,,,,,,,,,,,,,,,,
,,,,,,,,,,,,,,,,
,,,,,,,,,,,,,,,,
,,,,,,,,,,,,,,,,
,,,,,,,,,,,,,,,,
,,,,,,,,,,,,,,,,
,,,,,,,,,,,,,,,,
,,,,,,,,,,,,,,,,
,,,,,,,,,,,,,,,,
,,,,,,,,,,,,,,,,
,,,,,,,,,,,,,,,,
,,,,,,,,,,,,,,,,
,,,,,,,,,,,,,,,,
,,,,,,,,,,,,,,,,
,,,,,,,,,,,,,,,,
,,,,,,,,,,,,,,,,
,,,,,,,,,,,,,,,,
,,,,,,,,,,,,,,,,
,,,,,,,,,,,,,,,,
,,,,,,,,,,,,,,,,
,,,,,,,,,,,,,,,,
,,,,,,,,,,,,,,,,
,,,,,,,,,,,,,,,,
,,,,,,,,,,,,,,,,
,,,,,,,,,,,,,,,,
,,,,,,,,,,,,,,,,
,,,,,,,,,,,,,,,,
,,,,,,,,,,,,,,,,
,,,,,,,,,,,,,,,,
,,,,,,,,,,,,,,,,
,,,,,,,,,,,,,,,,
,,,,,,,,,,,,,,,,
,,,,,,,,,,,,,,,,
,,,,,,,,,,,,,,,,
,,,,,,,,,,,,,,,,
,,,,,,,,,,,,,,,,
,,,,,,,,,,,,,,,,
,,,,,,,,,,,,,,,,
,,,,,,,,,,,,,,,,
,,,,,,,,,,,,,,,,
,,,,,,,,,,,,,,,,
,,,,,,,,,,,,,,,,
,,,,,,,,,,,,,,,,
,,,,,,,,,,,,,,,,
,,,,,,,,,,,,,,,,
,,,,,,,,,,,,,,,,
,,,,,,,,,,,,,,,,
,,,,,,,,,,,,,,,,
,,,,,,,,,,,,,,,,
,,,,,,,,,,,,,,,,
,,,,,,,,,,,,,,,,
,,,,,,,,,,,,,,,,
,,,,,,,,,,,,,,,,
,,,,,,,,,,,,,,,,
,,,,,,,,,,,,,,,,
,,,,,,,,,,,,,,,,
,,,,,,,,,,,,,,,,
,,,,,,,,,,,,,,,,
,,,,,,,,,,,,,,,,
,,,,,,,,,,,,,,,,
,,,,,,,,,,,,,,,,
,,,,,,,,,,,,,,,,
,,,,,,,,,,,,,,,,
,,,,,,,,,,,,,,,,
,,,,,,,,,,,,,,,,
,,,,,,,,,,,,,,,,
,,,,,,,,,,,,,,,,
,,,,,,,,,,,,,,,,
,,,,,,,,,,,,,,,,
,,,,,,,,,,,,,,,,
,,,,,,,,,,,,,,,,
,,,,,,,,,,,,,,,,
,,,,,,,,,,,,,,,,
,,,,,,,,,,,,,,,,
,,,,,,,,,,,,,,,,
,,,,,,,,,,,,,,,,
,,,,,,,,,,,,,,,,
,,,,,,,,,,,,,,,,
,,,,,,,,,,,,,,,,
,,,,,,,,,,,,,,,,
,,,,,,,,,,,,,,,,
,,,,,,,,,,,,,,,,
,,,,,,,,,,,,,,,,
,,,,,,,,,,,,,,,,
,,,,,,,,,,,,,,,,
,,,,,,,,,,,,,,,,
,,,,,,,,,,,,,,,,
,,,,,,,,,,,,,,,,
,,,,,,,,,,,,,,,,
,,,,,,,,,,,,,,,,
,,,,,,,,,,,,,,,,
,,,,,,,,,,,,,,,,
,,,,,,,,,,,,,,,,
,,,,,,,,,,,,,,,,
,,,,,,,,,,,,,,,,
,,,,,,,,,,,,,,,,
,,,,,,,,,,,,,,,,
,,,,,,,,,,,,,,,,
,,,,,,,,,,,,,,,,
,,,,,,,,,,,,,,,,
,,,,,,,,,,,,,,,,
,,,,,,,,,,,,,,,,
,,,,,,,,,,,,,,,,
,,,,,,,,,,,,,,,,
,,,,,,,,,,,,,,,,
,,,,,,,,,,,,,,,,
,,,,,,,,,,,,,,,,
,,,,,,,,,,,,,,,,
,,,,,,,,,,,,,,,,
,,,,,,,,,,,,,,,,
,,,,,,,,,,,,,,,,
,,,,,,,,,,,,,,,,
,,,,,,,,,,,,,,,,
,,,,,,,,,,,,,,,,
,,,,,,,,,,,,,,,,
,,,,,,,,,,,,,,,,
,,,,,,,,,,,,,,,,
,,,,,,,,,,,,,,,,
,,,,,,,,,,,,,,,,
,,,,,,,,,,,,,,,,
,,,,,,,,,,,,,,,,
,,,,,,,,,,,,,,,,
,,,,,,,,,,,,,,,,
,,,,,,,,,,,,,,,,
,,,,,,,,,,,,,,,,
,,,,,,,,,,,,,,,,
,,,,,,,,,,,,,,,,
,,,,,,,,,,,,,,,,
,,,,,,,,,,,,,,,,
,,,,,,,,,,,,,,,,
,,,,,,,,,,,,,,,,
,,,,,,,,,,,,,,,,
,,,,,,,,,,,,,,,,
,,,,,,,,,,,,,,,,
,,,,,,,,,,,,,,,,
,,,,,,,,,,,,,,,,
,,,,,,,,,,,,,,,,
,,,,,,,,,,,,,,,,
,,,,,,,,,,,,,,,,
,,,,,,,,,,,,,,,,
,,,,,,,,,,,,,,,,
,,,,,,,,,,,,,,,,
,,,,,,,,,,,,,,,,
,,,,,,,,,,,,,,,,
,,,,,,,,,,,,,,,,
,,,,,,,,,,,,,,,,
,,,,,,,,,,,,,,,,
,,,,,,,,,,,,,,,,
,,,,,,,,,,,,,,,,
,,,,,,,,,,,,,,,,
,,,,,,,,,,,,,,,,
,,,,,,,,,,,,,,,,
,,,,,,,,,,,,,,,,
,,,,,,,,,,,,,,,,
,,,,,,,,,,,,,,,,
,,,,,,,,,,,,,,,,
,,,,,,,,,,,,,,,,
,,,,,,,,,,,,,,,,
,,,,,,,,,,,,,,,,
,,,,,,,,,,,,,,,,
,,,,,,,,,,,,,,,,
,,,,,,,,,,,,,,,,
,,,,,,,,,,,,,,,,
,,,,,,,,,,,,,,,,
,,,,,,,,,,,,,,,,
,,,,,,,,,,,,,,,,
,,,,,,,,,,,,,,,,
,,,,,,,,,,,,,,,,
,,,,,,,,,,,,,,,,
,,,,,,,,,,,,,,,,
,,,,,,,,,,,,,,,,
,,,,,,,,,,,,,,,,
,,,,,,,,,,,,,,,,
,,,,,,,,,,,,,,,,
,,,,,,,,,,,,,,,,
,,,,,,,,,,,,,,,,
,,,,,,,,,,,,,,,,
,,,,,,,,,,,,,,,,
,,,,,,,,,,,,,,,,
,,,,,,,,,,,,,,,,
,,,,,,,,,,,,,,,,
,,,,,,,,,,,,,,,,
,,,,,,,,,,,,,,,,
,,,,,,,,,,,,,,,,
,,,,,,,,,,,,,,,,
,,,,,,,,,,,,,,,,
,,,,,,,,,,,,,,,,
,,,,,,,,,,,,,,,,
,,,,,,,,,,,,,,,,
,,,,,,,,,,,,,,,,
,,,,,,,,,,,,,,,,
,,,,,,,,,,,,,,,,
,,,,,,,,,,,,,,,,
,,,,,,,,,,,,,,,,
,,,,,,,,,,,,,,,,
,,,,,,,,,,,,,,,,
,,,,,,,,,,,,,,,,
,,,,,,,,,,,,,,,,
,,,,,,,,,,,,,,,,
,,,,,,,,,,,,,,,,
,,,,,,,,,,,,,,,,
,,,,,,,,,,,,,,,,
,,,,,,,,,,,,,,,,
,,,,,,,,,,,,,,,,
,,,,,,,,,,,,,,,,
,,,,,,,,,,,,,,,,
,,,,,,,,,,,,,,,,
,,,,,,,,,,,,,,,,
,,,,,,,,,,,,,,,,
,,,,,,,,,,,,,,,,
,,,,,,,,,,,,,,,,
,,,,,,,,,,,,,,,,
,,,,,,,,,,,,,,,,
,,,,,,,,,,,,,,,,
,,,,,,,,,,,,,,,,
,,,,,,,,,,,,,,,,
,,,,,,,,,,,,,,,,
,,,,,,,,,,,,,,,,
,,,,,,,,,,,,,,,,
,,,,,,,,,,,,,,,,
,,,,,,,,,,,,,,,,
,,,,,,,,,,,,,,,,
,,,,,,,,,,,,,,,,
,,,,,,,,,,,,,,,,
,,,,,,,,,,,,,,,,
,,,,,,,,,,,,,,,,
,,,,,,,,,,,,,,,,
,,,,,,,,,,,,,,,,
,,,,,,,,,,,,,,,,
,,,,,,,,,,,,,,,,
,,,,,,,,,,,,,,,,
,,,,,,,,,,,,,,,,
,,,,,,,,,,,,,,,,
,,,,,,,,,,,,,,,,
,,,,,,,,,,,,,,,,
,,,,,,,,,,,,,,,,
,,,,,,,,,,,,,,,,
,,,,,,,,,,,,,,,,
,,,,,,,,,,,,,,,,
,,,,,,,,,,,,,,,,
,,,,,,,,,,,,,,,,
,,,,,,,,,,,,,,,,
,,,,,,,,,,,,,,,,
,,,,,,,,,,,,,,,,
,,,,,,,,,,,,,,,,
,,,,,,,,,,,,,,,,
,,,,,,,,,,,,,,,,
,,,,,,,,,,,,,,,,
,,,,,,,,,,,,,,,,
,,,,,,,,,,,,,,,,
,,,,,,,,,,,,,,,,
,,,,,,,,,,,,,,,,
,,,,,,,,,,,,,,,,
,,,,,,,,,,,,,,,,
,,,,,,,,,,,,,,,,
,,,,,,,,,,,,,,,,
,,,,,,,,,,,,,,,,
,,,,,,,,,,,,,,,,
,,,,,,,,,,,,,,,,
,,,,,,,,,,,,,,,,
,,,,,,,,,,,,,,,,
,,,,,,,,,,,,,,,,
,,,,,,,,,,,,,,,,
,,,,,,,,,,,,,,,,
,,,,,,,,,,,,,,,,
,,,,,,,,,,,,,,,,
,,,,,,,,,,,,,,,,
,,,,,,,,,,,,,,,,
,,,,,,,,,,,,,,,,
,,,,,,,,,,,,,,,,
,,,,,,,,,,,,,,,,
,,,,,,,,,,,,,,,,
,,,,,,,,,,,,,,,,
,,,,,,,,,,,,,,,,
,,,,,,,,,,,,,,,,
,,,,,,,,,,,,,,,,
,,,,,,,,,,,,,,,,
,,,,,,,,,,,,,,,,
,,,,,,,,,,,,,,,,
,,,,,,,,,,,,,,,,
,,,,,,,,,,,,,,,,
,,,,,,,,,,,,,,,,
,,,,,,,,,,,,,,,,
,,,,,,,,,,,,,,,,
,,,,,,,,,,,,,,,,
,,,,,,,,,,,,,,,,
,,,,,,,,,,,,,,,,
,,,,,,,,,,,,,,,,
,,,,,,,,,,,,,,,,
,,,,,,,,,,,,,,,,
,,,,,,,,,,,,,,,,
,,,,,,,,,,,,,,,,
,,,,,,,,,,,,,,,,
,,,,,,,,,,,,,,,,
,,,,,,,,,,,,,,,,
,,,,,,,,,,,,,,,,
,,,,,,,,,,,,,,,,
,,,,,,,,,,,,,,,,
,,,,,,,,,,,,,,,,
,,,,,,,,,,,,,,,,
,,,,,,,,,,,,,,,,
,,,,,,,,,,,,,,,,
,,,,,,,,,,,,,,,,
,,,,,,,,,,,,,,,,
,,,,,,,,,,,,,,,,
,,,,,,,,,,,,,,,,
,,,,,,,,,,,,,,,,
,,,,,,,,,,,,,,,,
,,,,,,,,,,,,,,,,
,,,,,,,,,,,,,,,,
,,,,,,,,,,,,,,,,
,,,,,,,,,,,,,,,,
,,,,,,,,,,,,,,,,
,,,,,,,,,,,,,,,,
,,,,,,,,,,,,,,,,
,,,,,,,,,,,,,,,,
,,,,,,,,,,,,,,,,
,,,,,,,,,,,,,,,,
,,,,,,,,,,,,,,,,
,,,,,,,,,,,,,,,,
,,,,,,,,,,,,,,,,
,,,,,,,,,,,,,,,,
,,,,,,,,,,,,,,,,
,,,,,,,,,,,,,,,,
,,,,,,,,,,,,,,,,
,,,,,,,,,,,,,,,,
,,,,,,,,,,,,,,,,
,,,,,,,,,,,,,,,,
,,,,,,,,,,,,,,,,
,,,,,,,,,,,,,,,,
,,,,,,,,,,,,,,,,
,,,,,,,,,,,,,,,,
,,,,,,,,,,,,,,,,
,,,,,,,,,,,,,,,,
,,,,,,,,,,,,,,,,
,,,,,,,,,,,,,,,,
,,,,,,,,,,,,,,,,
,,,,,,,,,,,,,,,,
,,,,,,,,,,,,,,,,
,,,,,,,,,,,,,,,,
,,,,,,,,,,,,,,,,
,,,,,,,,,,,,,,,,
,,,,,,,,,,,,,,,,
,,,,,,,,,,,,,,,,
,,,,,,,,,,,,,,,,
,,,,,,,,,,,,,,,,
,,,,,,,,,,,,,,,,
,,,,,,,,,,,,,,,,
,,,,,,,,,,,,,,,,
,,,,,,,,,,,,,,,,
,,,,,,,,,,,,,,,,
,,,,,,,,,,,,,,,,
,,,,,,,,,,,,,,,,
,,,,,,,,,,,,,,,,
,,,,,,,,,,,,,,,,
,,,,,,,,,,,,,,,,
,,,,,,,,,,,,,,,,
,,,,,,,,,,,,,,,,
,,,,,,,,,,,,,,,,
,,,,,,,,,,,,,,,,
,,,,,,,,,,,,,,,,
,,,,,,,,,,,,,,,,
,,,,,,,,,,,,,,,,
,,,,,,,,,,,,,,,,
,,,,,,,,,,,,,,,,
,,,,,,,,,,,,,,,,
,,,,,,,,,,,,,,,,
,,,,,,,,,,,,,,,,
,,,,,,,,,,,,,,,,
,,,,,,,,,,,,,,,,
,,,,,,,,,,,,,,,,
,,,,,,,,,,,,,,,,
,,,,,,,,,,,,,,,,
,,,,,,,,,,,,,,,,
,,,,,,,,,,,,,,,,
,,,,,,,,,,,,,,,,
,,,,,,,,,,,,,,,,
,,,,,,,,,,,,,,,,
,,,,,,,,,,,,,,,,
,,,,,,,,,,,,,,,,
,,,,,,,,,,,,,,,,
,,,,,,,,,,,,,,,,
,,,,,,,,,,,,,,,,
,,,,,,,,,,,,,,,,
,,,,,,,,,,,,,,,,
,,,,,,,,,,,,,,,,
,,,,,,,,,,,,,,,,
,,,,,,,,,,,,,,,,
,,,,,,,,,,,,,,,,
,,,,,,,,,,,,,,,,
,,,,,,,,,,,,,,,,
,,,,,,,,,,,,,,,,
,,,,,,,,,,,,,,,,
,,,,,,,,,,,,,,,,
,,,,,,,,,,,,,,,,
,,,,,,,,,,,,,,,,
,,,,,,,,,,,,,,,,
,,,,,,,,,,,,,,,,
,,,,,,,,,,,,,,,,
,,,,,,,,,,,,,,,,
,,,,,,,,,,,,,,,,
,,,,,,,,,,,,,,,,
,,,,,,,,,,,,,,,,
,,,,,,,,,,,,,,,,
,,,,,,,,,,,,,,,,
,,,,,,,,,,,,,,,,
,,,,,,,,,,,,,,,,
,,,,,,,,,,,,,,,,
,,,,,,,,,,,,,,,,
,,,,,,,,,,,,,,,,
,,,,,,,,,,,,,,,,
,,,,,,,,,,,,,,,,
,,,,,,,,,,,,,,,,
,,,,,,,,,,,,,,,,
,,,,,,,,,,,,,,,,
,,,,,,,,,,,,,,,,
,,,,,,,,,,,,,,,,
,,,,,,,,,,,,,,,,
,,,,,,,,,,,,,,,,
,,,,,,,,,,,,,,,,
,,,,,,,,,,,,,,,,
,,,,,,,,,,,,,,,,
,,,,,,,,,,,,,,,,
,,,,,,,,,,,,,,,,
,,,,,,,,,,,,,,,,
,,,,,,,,,,,,,,,,
,,,,,,,,,,,,,,,,
,,,,,,,,,,,,,,,,
,,,,,,,,,,,,,,,,
,,,,,,,,,,,,,,,,
,,,,,,,,,,,,,,,,
,,,,,,,,,,,,,,,,
,,,,,,,,,,,,,,,,
,,,,,,,,,,,,,,,,
,,,,,,,,,,,,,,,,
,,,,,,,,,,,,,,,,
,,,,,,,,,,,,,,,,
,,,,,,,,,,,,,,,,
,,,,,,,,,,,,,,,,
,,,,,,,,,,,,,,,,
,,,,,,,,,,,,,,,,
,,,,,,,,,,,,,,,,
,,,,,,,,,,,,,,,,
,,,,,,,,,,,,,,,,
,,,,,,,,,,,,,,,,
,,,,,,,,,,,,,,,,
,,,,,,,,,,,,,,,,
,,,,,,,,,,,,,,,,
,,,,,,,,,,,,,,,,
,,,,,,,,,,,,,,,,
,,,,,,,,,,,,,,,,
,,,,,,,,,,,,,,,,
,,,,,,,,,,,,,,,,
,,,,,,,,,,,,,,,,
,,,,,,,,,,,,,,,,
,,,,,,,,,,,,,,,,
,,,,,,,,,,,,,,,,
,,,,,,,,,,,,,,,,
,,,,,,,,,,,,,,,,
,,,,,,,,,,,,,,,,
,,,,,,,,,,,,,,,,
,,,,,,,,,,,,,,,,
,,,,,,,,,,,,,,,,
,,,,,,,,,,,,,,,,
,,,,,,,,,,,,,,,,
,,,,,,,,,,,,,,,,
,,,,,,,,,,,,,,,,
,,,,,,,,,,,,,,,,
,,,,,,,,,,,,,,,,
,,,,,,,,,,,,,,,,
,,,,,,,,,,,,,,,,
,,,,,,,,,,,,,,,,
,,,,,,,,,,,,,,,,
,,,,,,,,,,,,,,,,
,,,,,,,,,,,,,,,,
,,,,,,,,,,,,,,,,
,,,,,,,,,,,,,,,,
,,,,,,,,,,,,,,,,
,,,,,,,,,,,,,,,,
,,,,,,,,,,,,,,,,
,,,,,,,,,,,,,,,,
,,,,,,,,,,,,,,,,
,,,,,,,,,,,,,,,,
,,,,,,,,,,,,,,,,
,,,,,,,,,,,,,,,,
,,,,,,,,,,,,,,,,
,,,,,,,,,,,,,,,,
,,,,,,,,,,,,,,,,
,,,,,,,,,,,,,,,,
,,,,,,,,,,,,,,,,
,,,,,,,,,,,,,,,,
,,,,,,,,,,,,,,,,
,,,,,,,,,,,,,,,,
,,,,,,,,,,,,,,,,
,,,,,,,,,,,,,,,,
,,,,,,,,,,,,,,,,
,,,,,,,,,,,,,,,,
,,,,,,,,,,,,,,,,
,,,,,,,,,,,,,,,,
,,,,,,,,,,,,,,,,
,,,,,,,,,,,,,,,,
,,,,,,,,,,,,,,,,
,,,,,,,,,,,,,,,,
,,,,,,,,,,,,,,,,
,,,,,,,,,,,,,,,,
,,,,,,,,,,,,,,,,
,,,,,,,,,,,,,,,,
,,,,,,,,,,,,,,,,
,,,,,,,,,,,,,,,,
,,,,,,,,,,,,,,,,
,,,,,,,,,,,,,,,,
,,,,,,,,,,,,,,,,
,,,,,,,,,,,,,,,,
,,,,,,,,,,,,,,,,
,,,,,,,,,,,,,,,,
,,,,,,,,,,,,,,,,
,,,,,,,,,,,,,,,,
,,,,,,,,,,,,,,,,
,,,,,,,,,,,,,,,,
,,,,,,,,,,,,,,,,
,,,,,,,,,,,,,,,,
,,,,,,,,,,,,,,,,
,,,,,,,,,,,,,,,,
,,,,,,,,,,,,,,,,
,,,,,,,,,,,,,,,,
,,,,,,,,,,,,,,,,
,,,,,,,,,,,,,,,,
,,,,,,,,,,,,,,,,
,,,,,,,,,,,,,,,,
,,,,,,,,,,,,,,,,
,,,,,,,,,,,,,,,,
,,,,,,,,,,,,,,,,
,,,,,,,,,,,,,,,,
,,,,,,,,,,,,,,,,
,,,,,,,,,,,,,,,,
,,,,,,,,,,,,,,,,
,,,,,,,,,,,,,,,,
,,,,,,,,,,,,,,,,
,,,,,,,,,,,,,,,,
,,,,,,,,,,,,,,,,
,,,,,,,,,,,,,,,,
,,,,,,,,,,,,,,,,
,,,,,,,,,,,,,,,,
,,,,,,,,,,,,,,,,
,,,,,,,,,,,,,,,,
,,,,,,,,,,,,,,,,
,,,,,,,,,,,,,,,,
,,,,,,,,,,,,,,,,
,,,,,,,,,,,,,,,,
,,,,,,,,,,,,,,,,
,,,,,,,,,,,,,,,,
,,,,,,,,,,,,,,,,
,,,,,,,,,,,,,,,,
,,,,,,,,,,,,,,,,
,,,,,,,,,,,,,,,,
,,,,,,,,,,,,,,,,
,,,,,,,,,,,,,,,,
,,,,,,,,,,,,,,,,
,,,,,,,,,,,,,,,,
,,,,,,,,,,,,,,,,
,,,,,,,,,,,,,,,,
,,,,,,,,,,,,,,,,
,,,,,,,,,,,,,,,,
,,,,,,,,,,,,,,,,
,,,,,,,,,,,,,,,,
,,,,,,,,,,,,,,,,
,,,,,,,,,,,,,,,,
,,,,,,,,,,,,,,,,
,,,,,,,,,,,,,,,,
,,,,,,,,,,,,,,,,
,,,,,,,,,,,,,,,,
,,,,,,,,,,,,,,,,
,,,,,,,,,,,,,,,,
,,,,,,,,,,,,,,,,
,,,,,,,,,,,,,,,,
,,,,,,,,,,,,,,,,
,,,,,,,,,,,,,,,,
,,,,,,,,,,,,,,,,
,,,,,,,,,,,,,,,,
,,,,,,,,,,,,,,,,
,,,,,,,,,,,,,,,,
,,,,,,,,,,,,,,,,
,,,,,,,,,,,,,,,,
,,,,,,,,,,,,,,,,
,,,,,,,,,,,,,,,,
,,,,,,,,,,,,,,,,
,,,,,,,,,,,,,,,,
,,,,,,,,,,,,,,,,
,,,,,,,,,,,,,,,,
,,,,,,,,,,,,,,,,
,,,,,,,,,,,,,,,,
,,,,,,,,,,,,,,,,
,,,,,,,,,,,,,,,,
,,,,,,,,,,,,,,,,
,,,,,,,,,,,,,,,,
,,,,,,,,,,,,,,,,
,,,,,,,,,,,,,,,,
,,,,,,,,,,,,,,,,
,,,,,,,,,,,,,,,,
,,,,,,,,,,,,,,,,
,,,,,,,,,,,,,,,,
,,,,,,,,,,,,,,,,
,,,,,,,,,,,,,,,,
,,,,,,,,,,,,,,,,
,,,,,,,,,,,,,,,,
,,,,,,,,,,,,,,,,
,,,,,,,,,,,,,,,,
,,,,,,,,,,,,,,,,
,,,,,,,,,,,,,,,,
,,,,,,,,,,,,,,,,
,,,,,,,,,,,,,,,,
,,,,,,,,,,,,,,,,
,,,,,,,,,,,,,,,,
,,,,,,,,,,,,,,,,
,,,,,,,,,,,,,,,,
,,,,,,,,,,,,,,,,
,,,,,,,,,,,,,,,,
,,,,,,,,,,,,,,,,
,,,,,,,,,,,,,,,,
,,,,,,,,,,,,,,,,
,,,,,,,,,,,,,,,,
,,,,,,,,,,,,,,,,
,,,,,,,,,,,,,,,,
,,,,,,,,,,,,,,,,
,,,,,,,,,,,,,,,,
,,,,,,,,,,,,,,,,
,,,,,,,,,,,,,,,,
,,,,,,,,,,,,,,,,
,,,,,,,,,,,,,,,,
,,,,,,,,,,,,,,,,
,,,,,,,,,,,,,,,,